doc_id,text,category,year,start,votes,answered_label,title
petition_0000,국민연금 과 일반 민간사보험과 다른점은 있다면 사보험은 어려울때 해약해서 그동안 부은거 찾아 급한불 끌수있지만 국민연금은 그게 안되 사보험은 돈못내면 해약 좀손해보고라도. 환급받을수있지만 국민연금 같은경우 수익없어 못내면 홀딩되고 60세까지 찾지를 못하게해놨어 자영업자들 같은경우는 못내면 압류가들어와 결국 국가가 노후복지빙자로 수익율 떠들어대며 국민상대로. 금융장사하는거랑 모가달라?? 635조 적립금 쌓아넣고 주식투자하다 날려먹고 당장 힘들단 국민 돈 안돌려주고 이러면 안되지 않나 ??,보건복지,2018,2018-08-14,13,Not answered,외 자꾸 국민돈 겅제로 걷어 노후에 준단거야??수익률이 사연금보다좋다고???
petition_0001,8세5세 엄마입니다.큰애7살때부터 일을 시작했습니다.3시간 일입니다.아이 유치원 하원 시간 마중나갈수 있어 힘들어도 했는데요.급여 문제 조사좀 부탁드립니다.시설장.(소개시켜주는 사무실)사무실 마다 요양보호사 월급 금액차이가 크며..차비 5만원~7만원 빼면 남는거 30만원~40만원. 일당제라 빨간날 빼면 임금이 들쑥날쑥 합니다..사무실에서 요양보호사 1명당 얼마를 떼여가는지 알고 싶습니다.우연히 대상자 할머니가 보여 주셨는데요 사무실에서 대략20.000원~28.000원 정도 사무실에서 떼여가는것 같은데요. 저도 잘알지 못해 조사 부탁 드리고자 올립니다..,보건복지,2018,2018-06-21,3,Not answered,요양보호사 월급 조사해주새요
petition_0002,300명의 국회의원들은 특수활동비가 공개되면 의정활동이 위축된다며 국민을 상대로 대법원에 특수활동비 공개무효가처분을 진행중입니다. 국민은 없고 저들의 사사로운 이익만 있습니다. 민생은 없고 선거만 있습니다. 국가정보원에 배당되는 특수활동비만 매년 5000억원이 넘는다고 들었습니다. 정치인과 국가기관들은 천문학적 세금을 영수증도 없이 빼쓰면서도 정작 독립유공자 후손들에게 줄 연금이 어디있느냐고 말합니다. 애국지사후손들 연금 다주면 국가재정이 거덜날 거랍니다. 국회의원들과 공무원들은 자신들의 세비만 인상하고 챙길 줄 알고 역사에 대한 기본적인 예의조차없습니다. 특수활동비로 배를 투드리면서 국가에 돈이 어디있냐고 말합니다. 지금 연금을 받지 못 하는 손자녀들은 6만명이 넘는다고 합니다. 이번에 생활지원금 발송을 하면서 해방후 처음으로 얻어낸 국가보훈처의 정보입니다. 대체 생활지원금이란게 뭡니까? 이것은 법에도 없는 것입니다. 연금도 아니고 보상금도 아니며 아무런 재산이나 소득도 없으면 삼사십만원을 준다는 것입니다. 문재인정권이 지나가면 다른 정권에서는 법에도 없는 지원책이기에 폐기될 가능성이 높다고 봅니다. 대체 이런 짓을 왜하는 겁니까? 애국지사 후손들에게 연금지원은 싫고 그렇다고 보훈복지는 잘해준다는 평판은 듣고 싶은 것으로 나온 법외정책입니까? 왜 해방후 73년이 넘었음에도 애국지사후손들은 극빈층으로 내몰려 살아야 합니까? 국가가 아직도 거지라서 입니까? 애국지사 손자녀 대부분 60대에서 80대사이의 고령입니다. 그러나 대통령을 비롯해서 국회의원들과 해당부처의 공무원들은 아무런 거리낌없이 이들을 무시해 오고 있습니다. 대부분의 손자녀들도 이렇게 무시되고 있는데 문재인대통렁은 삼대까지 국가가 확실히 책임지겠다 했습니다. 애국지사 후손들은 아무말이나 해도 되는 사람들입니까? 독립유공자후손들은 현재 힘이 없으니까 약자니까 그렇게 만만하게 보이는 겁니까?,보건복지,2018,2018-01-12,0,Not answered,독립유공자 후손들을 언제까지 방치하실 겁니까?
petition_0003,남편을 잃고 생활고에 시달리던 두모녀가 죽은지 몇달이 지나서야 발견되었습니다. 스티로폼 위에서 어르신들이 추위와 싸워가며 잠을 청하십니다... 정작 우리 나라 국민들은 제대로 된 복지를 누리고 있지 못하는데 다문화가정은 우리가 듣도 보도 못한 복지를 누리며 살더군요! 정부에서 대학병원에서 출산을 할 수 있도록 도와주고 정기적으로 건강 체크해주시고... 기저귀 생필품 지원해주고... 우리는 알지도 못하는 온갖 종류의 복지를 우선순위로 누리며 살고 있더군요... 이 나라의 주인이 누구입니까! 세금 꼬박꼬박 내고 아무리 열심히 살려고 발버둥 쳐도 서민들은 생활고에서 벗어나지 못하고 병원 하나 가는것도 쉽지가 않습니다. 우리 정부는 도대체 누구를 위한 정부입니까? 다문화 가족들은 대한민국에서 살기가 편하니 그 기족들까지 다 들어오려 하고 우리 국민들은 이나라에 사는것이 힘들어 이민을 생각하기도 하는 이 현실을 대한민국 정부는 아시기나 하십니까! 다문화가정에 대한 지원 만큼이나 자국민을 위한 지원도 신경써 주시고 정책에 반영해 주시길 바라는 마음입니다... 이렇게 소외되어 죽어가는 자국민들을 보호해 주세요...,보건복지,2018,2018-04-07,3,Not answered,자국민보호
petition_0004,병영입대로 권고사직처리 하였는데 ... 전역하고 6주만에 구직급여신청을 하려했는데.. 신청기간이 지나서 받을수 없습니다. 국방의 의무로인해 실업자가 된청년입니다. 실업한지 1년내에 구직급여신청을 하지않으면 그이력이 무산되더군요 특례로 연기신청이 가능하지만 이것또한 전역후 한달 내 입니다. 처음태어나서 아무것도 모르고 끌려간 군대때문에 실업급여나 구직에대한 걱정은 있었지만 구직급여란제도를 너무 늦게 알아버렸군요 고작 전역후 6주인데... 군대 내에서 실업급여제도에대한 교육이 생기던지. 연기신청 가능일이 군필자는 특례로 기간을 늘려야한다 생각합니다. 국방의 의무로인해 오로지 실업에대한 피해를입었는데 그 보상도 받을수 없다니 너무 억울합니다. 국방의 의무만 강조하고 가지않으면 범죄자취급받아 피할수 없는데 왜 그에 따른보상이 너무도 없습니다.,보건복지,2018,2018-05-14,2,Not answered,병영입대로 권고사직처리 하였는데 ... 전역하고 6주만에 구직급여신청을 하려했는데.. 신청기간이 지나서 받을수 없습니다.
petition_0005,몇달새 몇억이 오른이유는 큰소리쳤던 지난 보유세개편이 실패해서 투기가 몰렸고 지난 4월에 임대등록자들에게 많은 세제혜택줘서 애물이 없어진것이다 그들 매물이 50프로만 나와도 미친 집값 정상됩니다 보유세 더 강력하게 인상하고 임대사업자들 혜택을 소급적용해서 내년까지 9억이상 칩을 안팔면 양도세 내게 해야합니다 9억초과 1주택자도 소급적용하는데 임대사업자도 소급적용하세요,보건복지,2018,2018-11-07,22,Not answered,임대사업자혜택 소급폐지
petition_0006,"국가유공자 중에 6.25 전쟁 참전자의 경우 귀향증 내지는 이를 증명할 사진등을 분실한 경우 2명의 인우보증으로 참전 사실을 본인이 증명하여야 하는데, 이마저도 쉽지 않은 경우 국가유공자의 신분으로 명예를 얻지 못하고 사망하시는 분들도 있을 수 있습니다. 휴전이후 어언 65년이 지나서 인우보증도 어려운 경우라서 본인들의 기억에만 존재하는 그사실을 구술면접으로 신청의 기회를 부여하시되 유공자 혜택을 차별하는 규정을 적용하시어 이분들에겐 명예 즉 신분만 인정해 주시고, 연금등은 미지급 하시더라도 되지 않겠습니까. 대통령께서 어제 말씀이 ""한분이라도 더 찾으시 겠다~""고 하셔서 제안합니다. 부디 그분들이 최소한 가족에게라도 인정받는 국가유공자 신분을 취득할 수 있도록 기간이 지난 경우의 신청절차를 살펴봐주십시요.",보건복지,2018,2018-06-07,1,Not answered,국가유공자 서류미비 사유로 반려된 경우 재심 기회를
petition_0007,"현재 대중교통요금을 만65세이상에게는 무조건적으로 무료로해주고있습니다. 60대를 대중교통우대 대상으로하는 유래는 예전 독일의 전후시대에 평균수명이 채 40대가되지 않는 상황에서 노인우대 대상을 60대를 대상으로 하였습니다. 그런데 우리나라의 현재상황은 매년 대중교통적자난에 시달리고있고 평균수명은 늘어가면서 저출생이라는 이중적 사회난이 발생한지 이미 오래입니다. 그래서 저는 노인대상 대중교통요금제 탄력운용을 제안합니다.제가 생각한 부분은 다음과 같습니다. 출퇴근시간인 아침 6시~8시 30분, 저녁 6시~8시까지, 주말과 공휴일에 65세이상에 현재 지하철요금의 반값을 받는 것입니다. 앞으로의 미래세대뿐만아니라 현시대의 국민들이 감당해야할 세금이 계속해서 부가될 수 밖에 없는 상황에 있습니다. 이 문제는 미뤄질 문제가 아니라 시급히 해결해야할 문제이고 미뤄진다하더라도 어차피 언젠가는 개선해야하는 필수적인 문제입니다. 제가 이러한 제안을 할 수 있는 이 사이트가 있다는 것에 감사하며 꼭 제가 제안한 요금대가 아니어도 좋으니 구체적으로 필수적으로 검토해주시기 바랍니다.",보건복지,2018,2018-01-28,0,Not answered,노인대상 대중교통요금제 탄력운용 제안합니다
petition_0008,"몇해전 제가 해오던 사업을 접었습니다 망한거죠. 국민연금에서 압류가 들어왔습니다. 전화를 걸어서 항의했습니다. 개인의 노후복지를 위해서라는 제도인데 지금 그 개인이 자살을 하고 싶은 심정인데 못낸다고 압류가 들어오는게 맞느냐고...담당자는 이건 세금이니 내야한다고 하더군요... 압류는 막았지만 담당자에게 다시 전화해 보니 휴가를 갔더군요....그리고 얼마전 국민연금 직원들이 자신들 처우에 대해 데모를 하는 걸 봤습니다. 씁쓸했습니다. 내가 자살하고 싶은 마음 참아가면서 저 사람들 월급 대주고 있다는 생각이 들더군요. 제 청원이 답변을 받을 거라고는 생각치 않습니다만 정말 이 나라의 개혁을 해야 한다면 복지라는 가면을 뒤집어 쓴 국민연금이라는 세금제도를 바꿔야 한다고 봅니다. 도대체 국민을 얼마나 우습게 보면 이런식으로 제도를 운영합니까? 국민연금이사장부터 말단까지 연봉, 활동비내역, 휴가내역, 전체 돈을 어디다 어떻게 썼는지 철저히 조사하고 국민의 동의를 얻으십시요. 동의를 못 얻는다면 이 지독한 국민빨대제도를 없애야 합니다. 내가 왜 대기업들 배불리고 연금이사장 연수비용내고 연금직원들 먹여살려야 합니까? 자살하고 싶은 생각 참아가면서 그 사람들 먹여 살려야 합니까? 그렇게 좋은 제도인데 왜 강제로 거둬야 합니까? 차라리 가면을 벗고 세금으로 돌리세요 좋은 나라인 척 세금 많이 않다고 하지말고...어려운 사람들에게는 세상에서 가장 더러운 이 나라에서 다같이 살기위해 부탁드립니다.",보건복지,2018,2018-08-20,54,Not answered,국민연금 때문에 국민들은 피를 토합니다.
petition_0009,"저는 현재 약대를 다니고 있는 재학생입니다. 오늘은 제 이야기를 한번 해보려고 합니다. 유년시절에, 가끔씩 몸이 좋지 않을 경우에는 종종 동네 약국에 가곤 했습니다. 약국에 들어서면 약국 특유의 향이 나고, 약사님께서는 저를 반갑게 맞아주었죠. 덕분에 약사님과 편하게 이야기 나누면서 증상에 맞는 약을 구입할 수 있었고, 동네 사랑방 같이 동네 주민들이 모이는 정겨운 분위기의 약국을 보면서 자연스럽게 지역 주민의 건강과 행복을 모두 책임질 수 있는 약사가 되길 꿈꿔왔습니다. 그로부터 약 20년이 지난 후, 드디어 약대에 입학하게 되었습니다. 어렸을 때부터 보고 꿈꾸던 약사가 되기 위해 20대의 시간 중 7년이라는 시간동안 모든 것을 쏟아 부어 만들어낸 결과물이죠. 하지만, 입학 후에 본 약대 교육은 제가 생각한 것과 너무나도 달랐습니다. 국가고시에 나오는 과목이라는 이유만으로 많은 교과목들이 수십여 년 동안 그대로 강의되고 있습니다. 기성세대들은 이렇게 말하더군요. ‘우리가 학교 다닐 때랑 바뀐게 거의 없네?’ 라고 말이죠. ‘지금 배우고 있는 모든 것들이 제대로 된 교육이 맞을까?’ 라는 의구심이 들 정도입니다. 현재 약학대학 편제는 2+4년제에서 통합 6년제로 바뀌고 있는 중입니다. 통합 6년제로 바뀌게 되면 약학대학 내에서 배우는 기간이 2년 증가하게 됩니다. 늘어난 2년 동안 무엇을 배워야 할까 생각해보다가 약사 직능과 관련된 전공과목이 추가되어야 함은 물론이거니와, 인문학적 소양을 길러 올바른 약사가 되기 위한 다양한 교양과목들도 추가되면 어떨까? 라는 생각이 들었죠. 예를 들면, 동물의약품, 커뮤니케이션, 심리학, 인문학, 경영학, 회계 관련 과목 등이 있을 것 같네요. 저는 단순하게 약사 면허를 받기 위해 약대에 진학한 것이 아닙니다. 인문학적 소양을 길러 올바른 직업의식을 가진 후에 약학에 대한 폭 넓은 공부를 하여 약의 전문가가 되기 위하여 진학한 것입니다. 약사 면허는 약에 대한 전문가가 되는 과정에서 자연스럽게 따라오는 것이기에 중요한 것이 아닙니다. “저는 공부다운 공부를 하고 싶습니다.” 이론을 확립했다면 이를 실제로 활용할 방법도 터득해야한다고 생각합니다. 그렇기 때문에 실무실습교육이 존재한다고 여겨집니다. 실무실습교육은 사회로 진출하기 전에, 약국, 병원, 제약회사 등을 실습하고 어떻게 이론을 적용시키면 되는지 생각해보는 과정이죠. 하지만, 8년이 지난 이 시점에서도 실무실습교육은 해결되지 못한 문제들이 많습니다. 학교별로 실무실습을 진행하는 기준이 모두 다를 뿐만 아니라, 최소한의 가이드라인조차 설정되어 있지 않다는 것인데요. 새내기 약사로서 일정 수준 이상의 약료 서비스를 제공하기 위해서, 실습기간동안 분야별로 최소한 알아야 할 것들의 가이드라인이라도 마련되어져 있다면 얼마나 좋을까요. “저는 표준화가 되어있는 실무실습교육을 받고 싶습니다.” 약학대학의 정규교과과정에서 미흡한 부분이 많아 제대로 교육을 받고 있지 않다고 생각하는 사람은 저 뿐만이 아닐 것입니다. 그렇다면 정부 부처에서는 약학 교육의 질적 향상을 도모하는 모습을 보여줘야 하는데, 질적 향상은 고사하고 약학대학 정원을 증가시켜 무작정 약사의 수만 늘리려고 하고 있습니다. 이는, 매년 제대로 교육을 받지 못하는 60명의 인원이 추가로 입학하고, 졸업한다는 것을 의미하게 되겠죠? 먼 훗날, 약학교육시스템이 확립된다면 그 때는 정원을 증가해도 상당한 수준의 약사들이 배출될 가능성이 높기 때문에 반대할 사람은 많이 없다고 생각하지만, 음식도 급하게 먹으면 체하듯이 무분별한 인원증가가 모든 것을 해결해 주지는 않습니다. “저는 무분별한 약대 정원 증가보다는 약학교육시스템의 개선이 우선이라고 생각합니다.” 앞에서도 이야기하였지만, 제 꿈은 지역 주민의 건강과 행복을 모두 책임질 수 있는 약사가 되는 것입니다. 조제만 하고 의무적인 복약상담만 하는 딱딱한 약사가 아닌, 지역 주민들을 기억하고, 챙겨주고, 소통하면서 더 나은 약료 서비스를 제공하고 싶습니다. 여러분, 제 꿈을 실현시킬 수 있도록 도와주세요.",보건복지,2018,2018-12-04,603,Not answered,약학대학 60명 정원 증가 전에 먼저 제대로 된 약학교육시스템을 확립해주세요.
petition_0010,"버팀목 이라는 신혼부부전세자금 대출 상품을 이용하고자 하였으나, 해당조건에 부합하여 이용하지못하고, 일반 대출을 이용해야할 처지입니다. 이유인 즉슨. 자격조건 중 전세보증금( 전세을 얻을려는 집의 전세금) 이 수도권은 3억, 지방의 경우 2억원 이하 라고 명시되어 있습니다. 이것은 현실에 맞지 않다고 생각합니다. 아파트 이며, 빌라의 전세값 및 집값이 하루가 멀다하고 오르고 있는 상황에서, 지방의 경우만 2억원이 넘으면 안된다는것은 지방의 아파트 전세값을 모르고 나온 탁상행정으로 밖에 안보이며, 신혼부부는 24평 이하, 오래된 아파트만 살라는건지, 자녀가있고 신혼부부인 경우 큰집을 선택해야할 상황에서 지방의 경우도 전세보증금 상향 수정을 요청드립니다.",보건복지,2017,2017-12-18,4,Not answered,신혼부부 전세자금대출 개편(수정)을 요구합니다.
petition_0011,대통령각하및보좌관님께 감히 청원드립니다● 대통령각하및보좌관님 현재기초노령연금제도는 노인분들을 위한 제도라고 알고있습니다. 그렇다면 집을 소유하고있어도 집이 낡고 오래되어서 세입자도안들어오고 잘팔리지도않는 이른바 하우스퓨어이신 노인분들한테도 지급이 되어야 하지않을까 사료되옵니다. 집을 가졌다는 이유만으로 기초노령연금지급대상에서 제외된 노인분들이 꽤 많은걸로 알고 있습니다 저뿐이 아니라 많은 사람들이 기초노령연금 대상선정에 불공평하다ㅡ 왜 누구는 주고 누구는 안주느냐고 하시는 분둘아꼬 ㅐ있어요... 부디 집을가졌어도 세도잘안들어오는 집을 소유하신...노인분들께는 대통령각하및보좌관님●기초노령연금 지급을 형평에맞게 지급해주십시오/감히 청원드립니다,보건복지,2018,2018-05-17,2,Not answered,대통령각하및보좌관님●기초노령연금 지급을 형평에맞게 지급해주십시오/감히 청원드립니다
petition_0012,흡연?담배 언제부터 시작하였을까? 정조는 나라의 세수를 키우기위해서 담배제배를 장려했고 본인도 흡연을 즐겼다 하지만 그 또한 금연정책또한 펼쳤지만 실패로 끝나고 현재까지 오고있다 자고로 쥐를몰때는 도망갈구멍을 두고 몰아야한다 자고로 금연구역을 지정하는건 좋다 하지만 흡연자도 자기권리가있다 모든구역이 금연지역이되면 나라를 금연나라로 지정하고 세계에 알리는게 현명하지안을가요 대신 세금올리고 인건비올리고 물가올리고 그럼 세수는 충분히 충당할수있을것같습니다 항상금연하여 건강한 나라만들자고하는데 이것을 시행하려면 이방법밖에 없내요 담배인삼공사는 국가에서 폐쇄하고 다른 사업을 추진하시는게 어떨런지요 실예로 싱가폴을보면 행복지수가 젤높은나라이며 울나라에서 세계 여러나라에서 추천되는 나라입니다 그어떤 불법도 용납안되는나라 우리나라도 무조건보다 지정하고 없애는것보다 담배인삼공사or판매를금지하자 국가는 모순적인 얘기는 이제그만하고 금연구역은 지정하고 담배는파는 이런치졸한짓은 하지말자 자한당넘들이 시작한거니 자한당 손으로 해결을하라 개헌도 무산시키는자한당의힘이면 담배인삼공사없애는것도 할수있을거라 믿는다 금연나라또한 만들수있다 생각한다 참고로 난 애연가다 요딴식으로 모순적으로 탁상공론할거면 금연국으로제정하던가 흡연구역을 돌려주던가 정부는 결정하기 바란다,보건복지,2018,2018-04-25,4,Not answered,금연구역
petition_0013,"11월24일 새벽 수원의 모 병원에서 중증 자폐를 앓고 있던 42세 아들과 그의 어머니가병실에서 정신을 잃은 채 발견 되었습니다. 아들은 이미 숨진 상태였고, 어머니는 그의 곁에서 의식을 잃은 상태였습니다. 부검결과 아들의 사인은 흉부압박. 정신이 돌아오자 어머니는 존속살인피의자가 되어 체포되었습니다. 저는 체포된 피의자의 조카이자, 숨진 오빠의 사촌여동생 입니다. 지금으로부터 40년 전.. 오빠는 3살이 되도록 언어발달이 더디고 항상 멍한 눈으로 혼자만의세상에 갇혀있는 아이였습니다. 그 당시 병원진료도 활발 할 때가 아니라 조금 더디겠거니 대수롭지 않게 생각했지만, 5세 무렵 결국 자폐 진단을 받았고 시간이 지나 몸은 점점 자랐으나, 지능은유아기 무렵에 멈춰버렸습니다. 길을 걸어도 느껴지는 주위의 따가운 시선, 어딜 가도 수군대며 피하는사람들. 그럼에도 이모는 항상 아들과 함께하고 아들을 위해 사는 그림자 같은 삶을 택했습니다. 커다란 키에 조절 안 되는 힘으로 난폭한 행동을 해도 이모와 이모부는 온몸으로 감싸 안았지만, 세월에 장사 없듯, 점점 자라 청년이 된 오빠의 상태는 쇠약한 두 부부의 힘으로는 도저히 감당이 안 되는 지경에이르렀습니다. 오빠로 인해 매일 고통스러운 나날이었을 텐데도, 제 부모님의 사업실패로어려워진 저를 몇 년간 사랑으로 품어주셨던 정 많은 분들입니다. 이모 댁에 머물던 몇 년간, 오빠 자신도 모르게 저지르는 난폭한 폭주에이모와 이모부는 비명도 못 지르고 고통 받았고, 하교 후 목격한 수많은 참상에 늘 겁에 질려 울던 저를달래주던 것도 상처투성이 이모였습니다. 그럴수록 이웃과의 감정의 골은 깊어졌고.... 몸도 마음도 지쳤지만주변의 아픈 말도 달게 받으며 참 오랜 세월 오빠를 위해 참고 견뎌왔습니다. 그렇게 점점 가정 내에서 감당이 어려워지자 전라도로, 경기도로, 충청도로.. 전국 팔도 요양병원을 전전하게 되었고, 그나마도 받아주는 곳이 없어 다시 집으로 돌아오면 또다시 이어지는 이웃들의 질타에.. 이모는 점점 벼랑 끝에 내몰리는 심정이었을 것입니다. 어디에서도 아픈 오빠를, 지칠 대로 지친 이모를 감싸 주지 않았습니다. 그간의 모질고 긴 세월을 어떻게 이 작은 화면 안에 '고작' 말로 다 표현할 수 있을 까요. 중증장애를 가진 가족의 심정은.. 겪어보지 않은 사람은 절대 알 수없을 것 입니다. 자, 사건은 이렇습니다. 사망 전 경기도 S요양병원에 입원 중 팔에 염증이 심해 일반병원의처치가 필요하단 진단으로 퇴원하였고, 경기도 J병원에 입원해팔 수술을 받고 입원치료 하게 되었습니다. 3주간의 입원기간 동안 다른 환자들에게 피해를 줄 수 없어 1인실에서 이모가 24시간 간호하며 보살폈고 그 와중에도 병원사람들이불편해 할까 이모는 노심초사였을 것입니다. 사건이 있던 저녁, 여전히 난동을 부리고 소리를 지르며 뛰쳐나가려는오빠로 인해 옆 병실 보호자가 무섭고 시끄럽다며 항의가 들어왔고, 치료 마무리 단계라 하루 이틀 안에퇴원한다고 거듭 죄송하다 사죄 드린 후 간호사선생님께 부탁해 진정수면주사제를 투여해 겨우 잠이 들었습니다. 퇴원 날짜가 다가오자 갈 곳이 없어 불안해진 이모는 혹시라도 입원기간을 늘릴 수 있겠냐 부탁했지만 다른 환자들의불편으로 인해 거절 당했고, 층간 소음 문제로 이웃과 극심한 마찰이 있던 터라 가장 포근해야 할 자신의집 마저 퇴원 후에 갈 수 없어 입원 할 수 있는 요양병원을 수소문 했지만 역시나 받아주는 곳이 없어 또다시 막막해 졌습니다. 모두가 잠든 고요한 밤, 이모는 얼마나 절망스러웠을까요.. 해가 뜨면 다시 시작되는 하루, 갈 곳 없는 가여운 아들, 70이 다 되어 늙고 지친 이모의 육신… 자신이 먼저 이 세상을 떠나면, 자신의 딸에게 이 고통을 남기게 될까늘 걱정 하던 벼랑 끝에 내몰린 이모가 할 수 있는 선택은 그리 많지 않았습니다. 모든걸 짊어지고 아들과함께 떠나는 것 뿐 이었을 것입니다. 최대한 편안하게 보내주고자 강한 약 기운에 깊이 잠든 귀한 아들을 눈물로 힘겹게 보내주고 얼굴과 얼굴을 맞대작별인사를 한 뒤 이모 역시 아들의 곁으로 가기 위해 제일 독한 오빠의 저녁 약 두 봉지 (신경 안정을위한 강력한 약물) 를 털어 먹고 혹시라도 자신만 살아날 까봐 자해시도를 한 후 의식을 잃었지만 사람들에게발견 되어 이모는 목숨을 건졌습니다. 현재 이모는 의식이 돌아오자마자 그날의 일을 소상히 진술 후 체포된 상태고 구치소에 수감되어 재판을 앞두고 있는상태입니다. 여기까지가 그간의 일과 그날의 기록입니다. 꽃이 펴도 예쁜지 모르고, 바람이 불어도 추운 줄 모르고, 자신의 온몸에 상처가 나도 아픈지 몰라 스스로 이를 뽑고 온몸에 상처를 내던 오빠는 끝내, 자신이 얼마나 엄마 아빠의 사랑을 온전히 다 받았는지도 모른 채 자신밖에 모르던 사랑하던 엄마 손에 머나먼길을 떠났습니다. 비록 이렇게 비극적인 결말을 맞았지만, 이모가 40년 넘게 절절하게 온 마음 다 바쳐 오빠를 사랑했다는 것은 제 모든걸 걸고 하늘을 우러러 한 점 부끄러움이없습니다. 가족 모두에게 아픈 손가락 이었던 오빠는 그렇게 아프게 떠났지만, 벼랑 끝에 내몰려 이러한 선택을 할 수 밖에 없었던 현실이 너무나 가슴 아픕니다. 이모의 마음을 이해할 수 있을 것 같습니다. 복지가 좋은 나라에서 오빠가 태어났다면 이런 비극이 있었을까요? 믿고 맡길 수 있는 의료기관이 한 곳이라도 있었다면 이모의 어깨가 한결 가볍지 않았을까요? 돌아갈 곳이 있었다면 이모는 과연 그런 선택을 했을까요? 일평생 절절히 사랑한 아들의 빈자리를 남은 평생 기억하고 가슴 치며 살아가게 될 형벌을 받은 이모가 차가운 구치소에서 눈물 흘리지 않게 서명 부탁 드립니다. 중증 장애로 인해 고통 받고 제2, 제3의 동일한비극이 또다시 일어나지 않길 바라며 긴 글 마칩니다. 읽어주셔서 감사합니다. **동일한 내용의 서명이 ""다음 아고라""에서 진행중입니다. 재판시 서명이 큰 도움이 된다고 하니, 바쁘시겠지만 많은 관심과 서명동의 부탁드립니다.**",보건복지,2018,2018-12-10,9011,Not answered,(도와주세요) 아들의 중증 자폐로 인한 엄마의 존속살인
petition_0014,"안녕하십니까 문재인대통령님. 저는 작년 2017년도에 간호면허증을 따서 간호사로서 일을 한지 1년이 되어갑니다. 제가 일을 하면서 느낀 문제점은 여러가지가 있지만 그 중 한 문제를 이야기하고자 합니다. 매년 간호부에서는 오버타임을 줄이자! 외치고 있습니다. 오버타임 심하죠. 특히나 저 같은 신규간호사는 더 심합니다. 1시간 먼저 출근 해 해당파트에 있는 물품이 제대로 있는지 물품카운트를 시작하고, 오늘 환자에게 들어갈 주사가 맞게 났는지 확인을 하여 미리 병동의 전체 환자의 약품을 세팅을 하고, 인계를 받고, 앉을틈 없이 일을 하고, 일을 끝내고 다음 듀티번 선생님께 인계를 하고, 미처 못다한 일을 처리하고 퇴근을 하면 12시간은 훌쩍 넘김니다. 여기에서 꼽고싶은 한가지는 오버타임이 아니라 간호사1명이 맡은 환자수 입니다. 대부분의 병원이 중환자실 1등급만 맞길 연연해 중환자 실은 간호사1명당 환자2-3명을 봅니다 . 보는 환자수도 적으니 인계도 짧고, 일을 하는동안 덜 부담이겠죠. 물론 중환자실이기 때문에 환자의 컨디션이 많이 나쁘겠지만요. 제가 일하는 병동같은 경우에는 심지어 대학병원임에도 불구하고 많게는 25명 적게는 20명 정도 환자를 봅니다. 어느 타 대학병원은 환자 10명을 보면서 업무강도가 많이 줄어들고 조금은 여유롭게 일을 한다고 합니다. 보는 환자 수가 줄어들면 인계도 짧아져서 오버타임도 많이 줄 것이고, 간호의 질이 높아지고, 무엇보다 삶의 의욕이 생길것 같습니다. 병동에도 규정을 만들어 주십시오 예를 들면, 1등급 5명 2등급 8명 3등급 10명 정말 간호사 환경문제 너무심각합니다 . 보는 환자 수라도 적으면 그래도 조금은 숨은 트이고, 밥은 먹어가며 일하지 않을까 싶습니다",보건복지,2018,2018-03-10,257,Not answered,간호 환경문제: 간호사 1인당 적정 환자 수
petition_0015,안녕하세요 LH 주택전세 지원금을 수도권및 광역시 일괄 적용해요 수도권은 9천만원 광역시는 7천만원 월세 한도도 수도권은60만원 광역시는45만원 경기도 양주 삼숭동 24평 아파트 전세가 1억3천 정도인데 LH지원금 9천만원 부산 해운대 24평 아파트 전세 4억 LH 전세 지원금 7천만원 돈없고 힘없는 사람들은 어디로 가야 합니까? 아무리 광역시라 해도 수도권 보다 전세가가 높은 곳이 많은데 잘못된 책정 아닌가요? 더욱이 LH전세 지원금은 부동산 중개인들도 꺼리는데 돈 없는 사람 설곳이 없는 대한민국,보건복지,2018,2018-04-19,1,Not answered,Lh전세주택 지원금
petition_0016,"안녕하세요. 저는 경기도에 사는 41세 남성이며 평소에 수영을 즐깁니다. 저는 시력이 나빠 안경을 착용하며 수영할때도 도수가 있는 수경이 필요합니다. 작년까지만 해도 수영전문브랜드의 도수수경을 온라인상에서 쉽고 싸게 살 수 있었는데, 안경사 협회와의 법적 문제로 인해 더 이상 살 수 없다고 하더군요. 안경점 여러 곳에 문의한 결과 수경을 팔지 않거나, 저질의 중국산 제품을 매우 비싸게 팔고 있었습니다. 지금은 미국이나 일본의 온라인 사이트에서 비싼값의 직구를 하는 수고를 하고 있습니다. 물론 평소에 쓰는 안경이 정확한 도수 측정으로 만들어져야 함을 모르는 바는 아닙니다. 하지만, 수영 할때 쓰는 도수수경은 길어야 1시간에서 2시간 정도 착용하는 도구일뿐이며, 세계적으로곳 ‘디옵터’라고 하는 도수보다는 범위가 넓은 어림값의 단위로 사용합니다. (예를 들어 저는 2.5, 3,0 디옵터 2가지를 혼용해서 사용합니다.) 저는 이 상황이 안경사 협회의 괜한 트집으로 밖에 보이지 않습니다. 속히 많은 수영인들의 불편함을 해결해 주시길 바랍니다. 감사합니다.",보건복지,2017,2017-11-03,1,Not answered,수경(물안경)을 쉽게 구매하고 싶습니다.
petition_0017,"경남 양산에 사는 임신 18주 임산부 입니다. 저는 10년째 갑상선항진증을 앓고 있어서 꾸준히 치료약을 복용중이구요. 내분비내과를 부산으로 다니고 있었는데 임신한후 2번에 하혈을하여 산부인과 입원경험이 있어서 멀리 진료가지 못해 이번에 담당의사 선생님이랑 상의하에 부산대학병원이 10분거리에 있어 처음 진료 받으러 가게 되었습니다. 진료를 다보고 계산하는데 임산부는 산모수첩이랑 임신확인서를 첨부해야 의료비 자기부담금을 60%에서 40%로로 낮춰준다는 안내문을 봤습니다. 임신하고 고운맘카드를 발급 받을때부터 임산부임을 건강보험공단에서 인정한것이 아닌가요? 임산부가 직접 임산부임을 증명하는것이 맞는것은 아닌것 같습니다. 일반 병의원을 다닐때는 수납하시는분이 ""임신하셨어요?""하고 계산할때 물어보시더군요 현행법에 임산부의 의료비자기부담금이 10%로여서 물어보시고 계산해주시더라구요 대학병원도 건강보험공단의 적용을 받는 병원인데 서류 첨부를 원하는 병원은 시정해야한다고 생각합니다. 많은 산모들은 작은거 하나에도 나라에서 임산부를 이렇게 생각해주시는구나 느낄수있게 작지만 따뜻한 보건정책이 있는 대한민국이였으면 좋겠습니다.",보건복지,2018,2018-04-05,2,Not answered,18주 임산부입니다. 양산부산대학병원에 진료를 보고 수납하는데 임산부임을 증명해야 할인을 받을수 있습니다. 바꿔주세요
petition_0018,"군포시 산본동 ****아파트 상가내에 있는 ""**한의원""한의사를 고발합니다 저희 어머님께서는 ****아파트에 거주하시며 평소 지병이 있었고 2년전에 구완와사가 있어 위의 한의원에 내원을 자주하셔서 물리치료와 침시술을 받던중 무료진료라하며 진료를 받지 않았다고합니다(가끔 진료비를 내셨다고합니다) 어머님께서는 감사와 미안한 마음을 가지고 있었는데 한의사 부인이라는 사람이 보약 한 재 드시면 좋은거라며 자주 권해서 미안,감사하는 마음에 십전대보탕(35만원) 무엇인지 모를 환약 5알(25만원) 드셨다고 합니다 2017년 추석전에 십전대보탕을 드시고 난후 한약을 다 드셨을무렵부터 눈이 잘 안보이고 식사도 제대로 못하시고 온몸이 가려운 증상이 있어 주무시다 돌아가실것같아 한림대성심병원에 내원하여 진단을 받아보니 원인모를 독극물에의한 간염이라는 진단이 나와 무엇을 드셨는지 추적을 하다보니 십전대보탕을 드셨다고 합니다 며칠 입원하여 치료받고 퇴원을 하셨고 제가 한의원을 찾아가 한의사에게 ""엄마가 드시고 있던 약이 많았는데 알고 한약을 조제하셨나요?""라고 물어보니 ""내가 왜 그걸 알아야하나요?""라는 한의사의 답변에 기가막혀 ""요즘은 가벼운 감기로 병원 가서 처방전받을때 다른 약 먹고있냐고 물어보던데 80세되시고 지병이 많으신 분에게 물어도안보고 한약을 조제했습니까?""하며 화를 내며 진료기록부를 요청하니 화를 내며 안준다하는거 많은 실갱이 끝에 받아왔고, 건강관리공단에서는 공단부담분 받기위한 무료진료라고하는 호객행위를 하였고 의사로서 의무를 저버린 한의사를 고발합니다 처음 입원하여 치료받고 퇴원하였으나 한번 손상된 간은 회복이 어렵다하였는데 몇달후 2018년 4월11일 황달이 심하여 입원, 간부전상태가 되어 6월7일 돌아가셨습니다 눈 앞에 돈 벌자고 무료진료라고 호객행위를 하여 마음 약한 노인분들에게 보약을 권하고 무엇을 넣었는지 십전대보탕과 환약을 60만원을 받은 한의원의 한의사와 호객행위를 한 한의사 부인을 고발합니다 ****아파트 노인정 노인분들에게 무료 진료를 많이 해줘서 고마웠다는 돌아가신 어머니의 말씀이 있었습니다 부디 노인정의 어르신들에게 물어보시고 돌아가신 엄마의 말씀이 맞다면 **한의원 한의사를 처벌하여 주시기 바랍니다 바쁘신중에 긴 글을 읽어 주셔서 감사드립니다",보건복지,2018,2018-06-26,5,Not answered,한의사를 고발합니다(친정어머님이 돌아가셨습니다)
petition_0019,문대통령 이하 보좌하시는 분들 안녕하십니까 거두절미하고 요건만 말씀 올리겠습니다. 공무원들이나 공공기관 갑질이 여러종류가 있으나 민원응대시 실명을 비공개함으로인하여 생기는 직무유기등 여러종류의 무책임함이 따릅니다. 공공관서에서 전화를 할때나 여러 업무처리를 할때 담당자 실명을 공개하지 않고(예를 들어 동직원들이 전화할때 구포동사무소입니다하고 자기 이름은 절대 말하지 않습니다.) 그러면서 000씨지요?하고 물어옵니다. 도대체 자기 이름은 말하지 않고 시민 이름은 부르며 말하는 공무원은 무었인지요 그리고 민원이 있어 방문을 하면 담당자 부재시 담당자 이름은 절대 말하지 않고 전화번호만 줍니다 제가 한번 겪은것이 아니고 여러번 겪고서 말씀 올리는 것입니다. 법적으로 드러나는 일은 할수없이 실명 공개를 하지만(판결문등) 그것이 아니고는 절대 담당 공무원 자신의 이름은 말하지 않습니다 예를 들어 부산시 건강보험공단에 홈페이지에 들어가 보십시요 당해 업무담당 전화번호는 적어 놓았지만 담당자 이름은 적어 놓지 않았습니다. 러면서 전화를 하면 자기 전화를 받으면서 자기 이름은 절대 말하지 않습니다. 아니면 아주 못알아듣게 굴려서 빨리 말하든지 그리고 담당자 이름 공개는 이제 지방자치 단체에서는 홈페이지에는 되어 있는곳이 요즘은 좀 있으나 각 공사나 공단 예를 들면 건강보험공단 부산은 공개되어 있지 않습느다. 자기들 변명은 자리가 자꾸 바뀌어서 그렇다고 하지만 그렇다면 자치단체에서는 여러곳에서 공개함은 자리가 안 바뀌어서 그런겁니까? 이에 책임있는 공직의 자리는 어느곳에서든지 전화를 하든 민원을 대하든 자리에 명찰을 붙이든 어떤 경우에서도 공개하고 완벽한 실명제가 되어야 책임있는 세상이 될것입니다 대통령님 너무 과중한 업무로 몸을 혹사하시는것 같습니다. 대통령님이 몸이 탈이 나시면 대한민국 모든 국민이 흔들립니다. 대통령님이 쉬시어 가시면서 업무하시길 기원하며 글 올립니다. 감사합니다.,보건복지,2018,2018-08-23,5,Not answered,공무원들의 갑질과 담당업무 실명 비공개로인한 무책임
petition_0020,국민 연금은 국가와 국민간 계약 이다 손실이 예상되면 판매자인 국가가 책임져야지 고객인 국민이 책임 지라는 것은 어디서 나온 독재적 발상이냐? 보험료 인상 이라는 말을 들어 봤어도 국민연금 처럼 기간을 조정하는 보험 계약은 사기 판매로 아마도 일반 사보험사에서 단행했다면 금감원이 어떻게 했을까? 부실 판매된 보험은 무효로 원금과 이자를 돌려 주라고 금감원을 시정 명령 할것이다 기간 조정을 단행하면 여기에 해당 된다 당연히 국가는 원금과 이자를 돌려 주어야 한다 사보험사만 감독하지 말고 가입자 가장 많고 의무강제 가입이면 손실은 국가가 책임져야 국가다 당연한것도 모르고 정치하냐고~~ 요율이상과 기간조정은 전혀 다른 문제다,보건복지,2018,2018-08-11,14,Not answered,국민연금 개시및 납입기간 연장 반대(국가책임)
petition_0021,"국민연금 국가가 보장 못한다. 그리고, 신뢰는 이미 깨졌다. 문재인 정부 믿을 수 있나? 툭 던져놓고 아니면 말고, 박근혜식과 뭐가 다른가? 국민 연금 보장 안되고, 2050년이면 이미 고갈이다. 2057년 얘기하는 정부는 거짓말 하지 말라. 1명이 5명 책임 지는 시기가 다가오는데, 국민의 눈을 가리며 요금 올린다. 대한 민국 망해도 국민연금 보장 될까? 국민은 호구다. 언제든 원하면 세금이든 뜯으면 된다. 문재인 정부는 비전이 없다. 백성구제를 국가가 할수 있다는 것부터 모순이다. 절대 할수 없다. 국민은 호구이며, 국민을 호도하는 문재인 정부는 문제가 많다. 법으로 원금 보장도 안되는 국민연금 고갈시기는 2045~50년일 것 같다. 그보다 더 짧을 것이다. 백성구제를 국가가 할수 없다. 차라리 노후 보장은 국민 스스로 선택해야 한다. 문재인 정부 관계자는 2년뒤 다들 교도소로 갈지 모른다. 아니라고 부정하지 말라. 지금이야 호랑이 위에 올라탔지만 국민들이 심판할 것이다.",보건복지,2018,2018-08-14,10,Not answered,국민연금 원장 보장 힘들다.
petition_0022,"지하철을 운행하고 있는 서울시를 포함한 6개 지자체의 보도자료에 의하면 노인들의 무임승차로 인해 연간 5,000억원이 넘는 손실을 떠 안고 있다고 합니다. (2017. 6. 21. JTBC 보도) 현재 시행되고 있는 노인 지하철 무임승차 제도는 역세권에 살고 있는 부유한 노인들에게만 혜택을 주는 제도로 시내버스나 마을버스를 이용하여 지하철 역에 와서 환승을 해야 하는 변두리의 어려운 노인들에게는 실로 아무런 도움이 되지않는 불합리한 제도라 생각합니다. 일본에서는 70세 이상의 노인 중에 신청자의 소득 수준에 따라 요금을 할인해 주고 있으며 미국에서는 65세 이상의 노인 소득에 따라 50% - 100%의 할인율을 차등 적용한다고 합니다. 우리 나라에서도 노인들에게 대중교통 이용 시에 적정 비율의 할인을 적용한다면 지하철을 한 번에 이용하지 못하는 외곽 지역의 노인들에게도 혜택을 줄 수 있을 것이라 생각합니다. 번거로우시겠지만 다수의 노인들에게 실질적인 도움이 될 수 있도록 선처해 주시길 앙망합니다.",보건복지,2018,2018-07-26,22,Not answered,노인 지하철 무임승차 제도 개선 요망
petition_0023,"사업장 체납 국민연금보험료 2조원 넘어…연 100만명 피해 라는 뉴스 입니다. 저도 회사에서 사정이 어렵다며 지지난 해 회사측 공지사항으로 잠시만 참아 달라했습니다. 그러던 것이 밀리고 내고를 반복 하더니 이젠 무려 2년 가까이 대 놓고 미납상태 입니다.. 이리저리 알아봐도 ""그건 회사에서 내야 하는 내용이니 본인은 납부할 의무가 없다"" 라고 합니다. 그리고 강제성이 없답니다.. 그럼 내가 안 내도 되는거네??? 라고 했더니.. 결국 회사에서 안내고 망하면 끝이랍니다. 내가 회사분까지 합쳐서 다 매꿔 놓아야 연금수령할때 불이익이 없답니다. 그것도 아니면 형사고발 하라구요.. 회사에서 월급주고 꼬박꼬박 국민연금이라며 십수만원씩 빼가는데 그냥 내연금 도둑질 아닙니까?? 이렇게 회사에서 체납한돈이 2조원에 100만명이 피해를 보고 있습니다.. 그중에 하나가 나고 그중에 하나가 이글을 보시는 여러분들 입니다 !! 체납 부과는 강제성이 없다구요?? 독촉만 하고 연체료만 물리면 끝이라구요??? 그럼 의무가입 조항을 폐기를 하시던가요? 강제로 걷어 놓고 회사가 납부하든 말든 나라에서는 나몰라라? 무슨 그런 ㄱ 같은 경우가 다 있습니까? 국민연금 가입을 적극 권장한다구요? 관련 관리법규도 제대로 만들어 놓지도 않으면서 무슨 입만 살아있습니까? 민생살리네 경제살리네 하면서 새로운 법 만들시간에 기존법이나 잘 지키게 하고 보완할 수 있게나 만드세요!! 자..그럼 당장 물어 봅시다 1년치 2년치 지금 회사가 미납한거 나라에서 징수라고 했으니 나라에서 어떻게 처리해 주실수 있는지 말씀좀 해보세요!!",보건복지,2018,2018-05-29,6,Not answered,국민연금 상습 체납 회사가 너무 많습니다! 성실히 일하는 근로자가 무슨잘못입니까?
petition_0024,"존경하는 대통령님~! 너무 작은 청원내용이지만, 이곳에 글을 올리면 변화가 오지 않을까 싶어서 건의드리게 되었습니다. 너무 작은 청원건임이라고 생각하여 조금 망설였지만, 어쩌면 저와 같은 국민들이 많을 것이라고 생각하여 이렇게 이런 소통공간을 통하여 올리게 되었습니다. 드리옵기는 매번 건강보험공단에서 부과되는 보험료를 보고, 보험료 조정을 하기 위하여 건강보험공단에 전화하여 팩스로 월세계약서를 보내고 있습니다. 제가 건의드리는 부분은 저와 같은 무주택자는 이동(이사)이 잦다보니, 매번 잘못부과된(건강보험공단 측에서 시가로 산정하여 부과한 금액) 보험료 조정을 위하여 팩스로 월세 계약서를 건강보험공단측에 보내고 있습니다. 사실 이부분에서 팩스로 보내면 조정이 된다고 하지만, 이것도 최근 지인을 통하여 알고 작년부터 팩스로 보내기 시작했습니다. 그러니까 정확히 말하면 몰랐으면 계속 보험공단측에서 부과한 금액을 납부하는 것이었지요. 그래서 건의드리옵기는 주소지 이전 신청을 할 때, 매매,전세,월세 계약서가 명시된 주소를 신고하면 신고를 받은 주민센터에서 해당지역 건강보험공단으로 주택 금액이 명시된 내용이 전달되어서 이러한 번거러운 수고가 없어지면 좋지 않을까 하는 생각이 듭니다. 그리고 정말 주위에 보면 많은 소득과 주택을 가지고 있으면서도 편법을 통하여 건강보험료는 정말 적게내는 분들이 많은 것을 봅니다. 나라에서 정말 어렵고 힘든 서민들에게 합당한 건강보험료 부과가 되는 나라가 되으면 하는 바램을 가져봅니다. 너무 작은 글이지만, 관심가져주시면 좋겠습니다. 감사합니다.",보건복지,2017,2017-11-28,0,Not answered,정확한 건강보험료 부과적용건
petition_0025,"장애인신문에 고속터미널에서 휠체어장애인이 시외(고속)버스 사용을 보장받기 위해 추운데 고생하시는 것을 보았습니다. 중앙정부에서 보장하기에도, 버스회사가 자발적으로 시행하기에도 쉽지 않은 정책으로 보였습니다. 그래서 제안합니다. 1) 이미 지방정부차원에서 운행하고 있는 휠체어 택시 중 한 대를 지정합니다. 2) 서울 대전 부산 광주 대구 등 허브 터미널을 지정합니다. 3) 각 지방에서 사용을 예약하는 휠체어 장애인을 허브 터미널까지 운행시키고 지정된 운행시간표에 따라서 각 지방으로 향하는 휠체어 버스 (혹은) 택시를 운행합니다. 불가능하다고 포기하라고 하는 것보다는 가능한 최선의 방법을 고민할 때만이 모두에게 혜택을 나누는 진정한 복지선진국이 되리라 생각합니다.",보건복지,2018,2018-11-18,0,Not answered,장애인 고속버스 이용 이렇게 해결해 주세요
petition_0026,어린이 날이 다가옵니다. 5월 5일이 토요일이라 5월 7일은 대체휴일이라고 합니다. 하지만 이건 관공서나 귀족 노동자의 휴일이지 힘없는 노동자의 얘기는 아닙니다. 노사 합의로 쉬라는 정말 어쩌구니 없는 무책임한 정책이지요. 문재인 정부가 들어선후 해가 바뀌었는데도 대표적인 노동 양극화의 악법인 대체휴일은 아직도 그대로네요. 국경일로 만들어 대한민국 모든 노동자들이 쉴 수 있는 휴일로 만드는 것이 그리 힘든 건가요? 이참에 선거일도 국경일로 지정해 누구가 아무 걱정없이 투표하는 그날을 같이 만들어 주세요.,보건복지,2018,2018-04-05,5,Not answered,대체휴일과 선거일을 국경일로 해 주세요.
petition_0027,"군 복무중 다쳐서 목뒤 부분을 수술을 했습니다. 근데 알고보니 제가 켈로이드체질이었고, 그 사실을 알게된게 전역을 앞둔 상황이되어 어쩔수 없이 전역을 한 지금에서야 치료를 받아야 하는 상황입니다.. 근데 흉터가 너무 커 수술을 받아야 한다는데 의료보험 적용이 안되서 개인부담이 너무 큽니다. 켈로이드 치료에 필요한 피검사부터 수술, 그후에 있는 소독까지도 적용이 안된다고 하니 부담이 이만저만이 아니네요.. 귀를 뚫거나 사소한 상처로 생긴 흉터로 생긴 켈로이드 때문에 의료보험 처리가 안된다고 하는 경우가 많은거 같은데 이러한 흉터들은 일상 생활에 너무나도 많은 지장을 줍니다. 셔츠에 넥타이도 못하고 크로스백 가방을 멜때도 흉터부분이 닿으면 너무 아픕니다 . 켈로이드 흉터에도 일상생활에 미치는 영향에 따라 의료보험적용이 되도록 해주세요.",보건복지,2018,2018-06-03,0,Not answered,특정 켈로이드상처 수술도 의료보험 적용이 될수 있게 해주세요
petition_0028,"임시로 장애인증을 발급하는 제도를 마련해주십시오. 물론 저도 청와대가 제도를 마련할 수 없다는 것은 압니다. 그러나 저의 의견을 많은 사람들이 공감하고 이것이 이슈화 되어 국회의원들의 귀에까지 전하게 하려는 목적입니다. 제가 십자인대 완전파열이 되어 직접 경험하고 불편했던,장애를 가진 행정상 비장애인의 삶을 개선했으면 합니다. 십자인대 재건술을 하고 약 1개월 이상을 휠체어를 타고 다녔습니다. 차량으로 이동을 할 때에 가장 불편했는데요. 그 이유는 주차공간이 너무 좁아서입니다. 그래서 이런 상황을 위해 마련된 것이 장애인 전용 주차구역이라는 것은 모두 아실테지요. 그러나 제가 장애를 가진 상황에서 행정상의 장애인으로 인정을 못받으니 장애인 전용 주차구역은 사용할 없었습니다. 이점에서 개선해야될 점을 찾았습니다. 그래서 제가 제안하는 제도는 바로 이것입니다. 담당의사의 소견서를 제출하면 환자의 상태에 따라(수술의 종류에 따라) 임시 장애인증을 발급하는 제도입니다. 이 임시 장애인증은 일반 장애인증과 달리 혜택은 오직 장애인 주차 구역에만 주차를 할 수 있게 해주는 것입니다. 또, 발급 가능한 최대기간을 마련하여 이 제도의 오용을 막을 수 있을 것 같습니다. 이 제도가 만들어져도 저는 지금은 사용하지 않아도 되지만, 모든 사람들이 언제 다칠지 모르기 때문에 이런 제도는 꼭 필요하다고 생각합니다. 감사합니다.",보건복지,2018,2018-03-15,2,Not answered,임시 장애인증을 발급하는 제도를 마련해주십시오.
petition_0029,많이 버시는 분들이야 노후걱정이 없으시겠지만...전 국민연금 납부시작시점의 거의 초창기부터 지금까지 24년을 국민연금 납부를했고..앞으로도 11년을 납부하여야합니다... 저는 납부를 하라는데로 저의 능력껏 납부를 하였는데..언제부터인가 국민연금이 모자란다면서 지급능력이 된다.안된다하는 소리가 들리기 시작했고..많은걱정이 앞서기 시작했습니다. 그러나 설마 국민연금인데 지급되겠지 하는생각을 가지고 있습니다. 중간중간..국민연금이 기업에 투자해서 수천억을 손해봤다는 이야기와 부동산 투자해서 손해보았다는 이야기가 들릴때마다 가슴이 철렁 내려앉았지만 지금도 믿고싶습니다. 처음 납부할때는 60세부터 주겠다고 약속하더니. 어떤 사정에서인지.위에 걱정대로 정말로. 제 동의없이 64세로 4년을 미뤘더군요. 물론 제가 적은금액을 납부한것도 있지만..저의 수령액은 오늘 현재기준으로 35년을 부어야..83만원입니다. 대통령님께서 적은 임금으로 고생하는 알바생및 근로자들을 위하여.. 최소한의 삶을 영위시키기 위하여 16.4%라는 역대최대의 인상률로 삶에질을 향상시키셨습니다. 국민연금또한 노후에 최저임금이고 생활보장입니다.. 최소한의 최저임금 인상률과 동일하게 보장받을수 있도록 해주세요. 기초생활보장 .노후연금 다좋습니다. 그분들도 살아가셔야 하니까요? 연금을 수십년 납부한사람도..최소한 살아갈수 있는금액을 받도록 해주시길 부탁드립니다,보건복지,2018,2018-03-15,4,Not answered,국민연금 인상률을 최저임금 인상률과 동일하게 해주세요
petition_0030,"현재 편의점 판매대에는 현란한 담배광고가 덕지덕지 붙어 있습니다. 황금색 무지개색 등등 보고있으면 정말 화려함의 극치입니다. 이런 현란한 광고에 청소년들에 현혹되고, 호기심이 생기게 됩니다. 이런 광고를 감히 저는 사회적인”폭력” 으로 규정하겠습니다. 이런 사회적 폭력에 희생된 청소년들이 담배를 핀다고 뭐라고 훈계하는것 자체가 “모순” 입니다. 청소년들을 훈계하기 전에 편의점 담배를 광고를 불법화 해야 합니다.",보건복지,2018,2018-06-18,0,Not answered,편의점 담배광고를 규제해 주십시오.
petition_0031,"저희 아버지는, 국가유공자 7급 상이군경 이셨는데, 돌아가셨습니다. 근데, 국가유공자 유족연금이 1~6급까지는 나오는데, 7급 비상이자 유족에게는 단 한푼의 연금도 나오지 않습니다. 보훈청에 물어보니, 당뇨, 즉 눈으로 인해 등급을 받으셨는데, 돌아가실때 눈으로 인해 돌아가시지 않으셔서, 유족연금이 지급되지 않는다는 말을 들었습니다. 이게, 말이나 되는 소리입니까..? 세상천지에, 돌아가실때 눈으로 돌아가시는 분도 있습니까..? 눈으로 돌아가셔야지 국가유공자이고, 눈으로 돌아가시지 않으면 국가유공자가 아닙니까..? 말도 안되는 이런 비상식적인 제도를 바꿔주시기 바라며, 국가유공자 7급 비상이자 유족에게, 유족연금을 지급해주세요! 나라를 위해 희생하다 돌아가신분을 위로해주시고, 그의 유족들을 차별하시지 말아주세요. 너무 너무 억울하고 눈물납니다. 제발, 국가유공자 7급 비상이자 유족에게..... 유족연금을, 지급해주세요! 간곡히 청원드립니다..",보건복지,2018,2018-08-12,4,Not answered,"국가유공자 7급 비상이자..... 유족연금을, 지급해주세요!"
petition_0032,국민연금 가입 강제 기간을 현 60세에서 65세로 연장을 검토한다는 뉴스가 나오고 있습니다. 건강한 삶을 추구하는 사람은 이에 대한 거부감이 적을 수 있으나 각종 중증 환자는 미래에 대한 생명 보장을 할 수 없으며 국민연금 장애연금 수령이 불가능한 사각 지대에 있는 암환자들도 있습니다. 연금 수령 연령만 연장할 것이 아니라 암환자의 경우 장애연금을 받지 못할 경우에는 본인이 원할 경우 연금의 조기 수령 나이를 최초 국민연금 도입할 당시 나이인 55세로 하는 조항을 신설하여 암으로 인해 건강하지 못함으로 인해 정상적으로 본인이 원하는 직업을 갖지 못하고 또한 장애 연금도 받을 수 없는 사각지대에 있는 암환자들에 대한 생존권 보장을 위한 배려가 필요하다고 봅니다. 본인은 신장암 판정을 받아 한 쪽을 적출하고 일상적인 생활은 가능하나 본인이 원하는 노동 강도가 있는 직업을 가지지 못하고 있습니다. 또 언제 제 몸 속에 있는 암이 다른 장기로 전이되어 미래에 대한 생명 보장을 받지 못하는 불확실한 삶을 살고 있습니다. 이러한 상태에서 국민연금에서는 법 조항을 다시 개정하게 되어 갈수록 연금 수령만 갈수록 멀어지는 실정이며 장애연금 수령도 법적 조항이 까다로와 어느 한 쪽에서도 보장 받지 못하게 되며 정상인들과 비교할 경우 생명 보장도 되지 못함으로 연금도 받지 못하고 죽을 수도 있는 실정입니다. 유족 연금이 있다지만 제가 죽은 뒤에 무슨 소용이 있겠습니까? 국민 연금 수령에 대한 나이만 계속 연장할 것이 아니라 중증환자에 대한 조기수령 가능한 연령에 대한 조항도 예외 규정을 두어 사각 지대에 있는 억울한 사람이 없도록 해야 한다고 봅니다. 감사합니다.,보건복지,2018,2018-08-10,4,Not answered,국민연금 수령 연령 연장에 대한 예외 조항 신설
petition_0033,요즘 먹고 살기는 갈수록 어렵고 하루 하루 직업에 대한 위축감이 느껴집니다... 저만의 생각은 아니겠지요? 잘 사는 사람은 이런 생각을 하지도 않겠죠 !? 재직자들 대상으로 하는 직업훈련을 알아보고 있는데 이건 재직자들을 대상으로 하는게 아닌것 같아요 훈련시간이 5시부터이고 주말반은 아예 없고 도대체 배우라는 건지 ㅜㅜ 잘못된 정책에 화가나네요 서민들을 위해서 더 나은 삶을 살고자 해서 배워보고 싶은데 현실에 맞지 않아서 속상합니다 ..,보건복지,2018,2018-06-10,1,Not answered,구직자및재직자 직업훈련과정
petition_0034,"저희 동생은 이명이란 병이 있습니다. 조금만 신경 쓰면 수면제가 없으면 잠을 이루지 못할 정도입니다. 그래서 직장을 구한다는 것이 아주 힘듭니다. 그래서 안타깝게도 현재 무직이며 그럼에도 불구하고 취업을 위해 각고의 노력을 아끼지 않고 있습니다. 그런데 2018년 7월 부터 형제는 건강 보험 적용이 불가 하다는 우편이 왔습니다. 무직이며 병원비는 계속 나가야 하는데 건강 보험료 라니요? 결국 돈 벌지 못하면 극단적인 선택을 하라는 건지요? 진정 서민을 위한 정부. 인권을 위한 정부가 맞는지요? 진정 어려운 삶을 사는 이들에게는 대안책이 없는지요? 건강 보험 자격에 대해 보완책을 마련해 주십시오. 무직자, 아픈 사람에게 까지 이렇게 가혹해서야 되겠습니까?",보건복지,2018,2018-07-01,15,Not answered,무직이며 아픈환자에게 까지 건강보험료를 걷는 것은 불합리 합니다 도대체 누구를 위한 국가이며 정부 입니까? 보완책을 만들어 주십시오.
petition_0035,무슨 한정판입니까? 온 국민이 축복해야 할 날에 일부 사람만 사서 입는 게 아니라 국민 모두가 사서 개회식날에 같이 입을 수 있게 된다면 더욱 더 세계사람들에게 열정적인 한국의 모습을 보일 수 있는데 왜 그걸 굳이 한정판으로 만드는지.. 저소득층은 할인도 해주고 온 국민이 모두 같이 좋은 날이 될 수 있도록..그리고 이 따뜻한 모습과 하나된 모습을 널리 세계에 알릴 수 있도록 더 많이 생산해서 온 국민이 다 입을 수 있도록 했으면 좋겠습니다. 2002년 다같이 붉은 악마 티셔츠를 입고 '대한민국'을 외칠때를 떠올리며...,보건복지,2017,2017-12-03,8,Not answered,평창기념 패딩
petition_0036,얼마전에 직장에서일을 하다가다처 119에실려서 병원에왔습니다 . 그런데 병원에서는 아직 치료중인데 다른병원으로 옴기라는 말을 합니다 . 병윈에 문위를 하였습니다. 병원에서는 법이 바뀌어서 한병원에 오래있을수 없다는 이유로 치료중인데 다른병원으로 옴기라는 이유였 습니다. 아직 검사도남았는데 다른병원으로 옴기면 처음부터 다시 검사를 해야되는데 환자이 저두 힘들지만 국가적으로도 손해라고 생각합니다. 한병원에서 치료가 끝날때까지 치료를 할수있었으면 합니다.,보건복지,2018,2018-03-09,0,Not answered,산재병원
petition_0037,"안녕하십니까? 다름 아니오라 노로바이러스는 지난 한겨울의 극심한 추위 뿐만아니라 요즈음과 같은 폭염에도 기승을 부리곤 하였습니다만, 양변기에 설치된 비데의 세정 기능에서 세척된 물이 용변을 본 곳에 바로 떨어지지 않도록, 온수가 분사되는 노즐 아래로 적당한 넓이의 물받이 등을 적절히 경사지게 놓이게끔 해서 씻은 물이 한켠으로 흘러 내리도록 했을 때, 용변 후 물을 내려 그 물이 소용돌이치면서 일어나는 물거품이 다소 생기는 일이 없을 것이며, 이는 특히 요즈음과 같은 심한 더위에 땀이 많이 나며, 비데의 세정 기능이 온수로 작동하는 상황에서 적절한 조치가 될 수 있으리라 사료됩니다. 이미 알려진 바와 같이 수세식 양변기에서 용변 후 뚜껑을 닫지 않고 물을 내렸을 때, 세균들과 그 사체 그리고 각종 바이러스들이 미세하고 가벼운 물방울에 둘러싸여 6~50만 개가 붐무되고 6m 이상 날아가므로, 집안에 화장실이 있을 때는 거의 집안 전체에 퍼지게 되고, 1시간 후 대부분 가라앉으나, 일부는 다음날까지 떠다니기도 하며, 무려 11일 동안 살아있기도 하므로, 저는 다만 비데 기기의 기술적인 부분에서 충분히 연구가 이루어질 수 있기를 바랄 뿐입니다. 감사합니다.",보건복지,2018,2018-08-01,0,Not answered,[보건복지] 노로바이러스와 관련한 비데 기기의 개선안
petition_0038,"경찰관 수가 모자르고 사회에 범죄가 많은데 국민의 안녕과 자기보호를 위해 모든 남성들에게 총기 사용을 허용해주십시오. 대한민국 남성들은 대부분 군대를 가서 총을 다루고 쏠 줄 아니까 그리 걱정 안해도 됩니다. 그러면 위급할 때 굳이 경찰에 신고하는 수고를 덜고도 스스로와 가족을 지킬 수 있습니다. 아니면 적어도 경비아저씨가 총을 소지하고 사용할 수 있게 허용해주세요. 뭐 그것도 정 어려우면 사설경비업체 직원들은 총 쏠 수 있게 해주세요. 한 몇 시간 총기사용법만 배우면되는 간단한 거니까 총기를 허용하면 훨씬 안전한 사회가 될 것이 분명합니다. --------------------------------------------------------------------------------------------------------- 한의사(한방사)들이 양방의료기사용(X-ray 등)을 허용해달라는 말은, 바로 위의 비유처럼 어처구니없고 말도 안되는 주장입니다. 의사 vs 한의사의 밥그릇 싸움이 절대 아닙니다. 서로 다른 체계의 의학이고 (심지어 과학적 근거가 부족해서 해외에선 인정도 못받는 한방학) 전혀 배우지도 않는 다른 분야의 의료기기를 한의사들이 쓰겠다는 것이야말로 국민 건강을 담보로 오직 돈벌이에만 관심있는 사기꾼 짓입니다. 한의사는 한의학에서 배운 대로 진맥하고 침놓고 한약 쓰세요. 그거 뭐라고 안합니다. 정녕 또다른 안아키 사태를 원하십니까?",보건복지,2017,2017-12-04,10,Not answered,남성들에게 총기 사용을 자유롭게 허용해주세요
petition_0039,"인권도 너무나도 중요하지만 살해된 경찰분의 생명권이 더 소중했던것이 아닐까요? 제2의 피해자가 나올경우에도 인권때문에 귀중한 생명권이 희생되어야한다면 제도로서 인권보호하고 생존권부터 확보하는것이 다수의 인권이 보존될수 있다고 판단합니다. 환자가 퇴원하면 정신보건센타에 자동으로 통보되어 환자를 관리하면 환자가 방치되는 것을 막아 환자를 위해서도 좋고, 그 가족과 사회를 위해서도 좋고, 국민들이 비해를 사전에 예방되어 좋은데 무엇이 인권침해라고 하는지 이해가 안된다. 인권침해란 환자를 범죄에 이용하거나 피해를 주기 위해서 개인정보를 이용하는 것이지 환자에게 도움을 주기위해서 이용하는 것은 인권침해가 아니라 오히려 권장해야 한다. 정신보건법이 개정되어 환자 본인이 방문 여는것과 입원등 거절하면 정신질환자라는 이유만으로 강제로 문을 따고 입원도 어렵다. 우리가 알아서 관리할 것이니 참견하지 말라 환자특성 망상 환각 환청으로 현실적인 심실상실자로 정상적이고 사고나 판단이 불가능하고 난폭해지고 사람도 알아보지 못해 설득이 불가능 하다. 개인인권보호때문에 강제력등 아무것도 할수 없다고 한다면 방치 하고 유기하는 것이 인권호보 인가 오히려 인권보호를 빙자하여 정신질환자를 방치 유기 하는 것이 아닌가. 죽어도 좋다는 것인가. 환자를 살리는 것이 어떻게 인권침해 인가. 어린아이 칼 갖고 놀면 강제로 뺏고 소방관은 아파트 위층에서 밧줄타그 내려오면서 자실자를 발로차 구했지만 비난하는 사람 없고 오히려 잘했다고 한다.",보건복지,2018,2018-07-23,7,Not answered,조현병등 정신질환자 관리 철저히 해야 합니다.~~~^^
petition_0040,"무소불위 권력단체로 1000여 개 이상 국내 난립해 있는 여성 단체들(워마드 등 메갈사이트 포함), 정부지원으로 무슨 일을 하는 지 모르겠습니다. 알 수가 없죠? 많은 자금이 우리들 세금을 거쳐 정부에서 지원해 주는 걸로 알고 있습니다. 어떻게 자금이 들어가고 쓰이는 경로가 어떻게 되는 건지 국민들이 알 권리가 있다고 봅니다. 그리고 너무나 많습니다. 이들을 과감히 통폐합하시고, 이 많은 돈으로 복지원이나 양로원 불우이웃에 투입하는 게 건강한 대한민국, 복지국가, 투명한 국가를 앞당기는 일일 것입니다. 1. 선거 때만 되면 투표권 행사라는이유로 압력 아닌 압력을 행사하고 있는 건 공공연한 사실입니다.(성평등서약서) 2. 요즘 여성들의 권익이 눈부시게 향상돼 있고 일부 분야에선 남성을 능가하고 있는 수준입니다.(여성전용주차장, 여성전용지하철간,여성전용 임대주택) 3. 당초 여성들의 권익 향상이라는 취지에서 벗어나 다른 집단의 권익까지 해하며 무분별한 요구를 하고 있는 실정입니다.(비례대표 여성할당제,임용할당제) 4. 복지에 투자해서 국민들에게 제대로 쓰여져야 할 자금이 특정 집단의 이익만을 위해 쓰여지고 있다는 건 누가 봐도 공평타당하지않습니다. 존경하는 대통령님, 불합리한 적폐는 반드시 청산하신다고 선거 때 약속하셨습니다. 청원합니다. 우리 돈이 들어 가는 국내 모든 여성 단체들에 대하여 세무 조사나 감사원 감사 실시해 주세요. 아마 천문학적인 돈들이 들어 갔겠죠? 지켜 보겠습니다.",보건복지,2017,2017-12-03,4,Not answered,여성단체(워마드 등 메갈사이트 포함) 세무조사 및 감사원 감사 청원합니다
petition_0041,"증세 없는 복지는 거짓말 이십니까? 단돈 1만원도 받을 수 있을지 모르는 국민연금 인상이라... 유리지갑인 직장인들만 힘들게 하십니까? 기업이 어려워지면 직원들의 연봉동결 및 삭감, 복지축소, 강력한 구조조정 등으로 위기를 극복합니다. 하지만, 나라가 이 지경이 되고 국가비상 상태라고 국회의원들이 말씀 하시던데 이 위기도 유리지갑의 직장인들이 책임을 져야 합니까? 2019년도에도 물가상승률 고려하여, 국민혈세로 먹고 사시고 이 나라를 책임지시는 공무원님들, 군무원님들, 여러공사분들의 연봉은 함께 인상이 되겠지요? 대통령님, 국회위원님들 국민연금과 국민건강보험은 그만 개혁하시고 대통령님과 국회의원님들 연금부터 개혁 하심이 어떠신지요? 그러면 막대한 국민혈세가 쓰여지는 공무원연금, 군무원연금 등이 큰 저항없이 개혁이 되지 않을까요? 얼마전 구청 민원실에 방문했을때, 여유롭게 일하시는 공무원님들이 부러웠습니다. 취약계층과 노인복지를 위한 공무원 증원, 재난과 국민의 목숨을 지켜주시는 소방공무원 증원 등 꼭 필요한 증원은 대찬성 입니다. 하지만, 그에 앞서 현재 막대한 국민혈세가 줄줄새는 잉여자원은 없는지 살피는 강력한 구조조정이 필요하지 않을까요? 그리고, 요즘 시끄러운 저출산문제와 비리사립유치원에 대해 한 말씀 드리겠습니다. 국회위원님들께서 저출산문제를 해결하기위해 지원금 확대를 검토하시는데, 지원금 많은 도움이 됩니다. 하지만 우리아이를 안전하게 맡길 수 있는곳, 워킹맘들의 경력단절 해결 등의 대안이 신속히 필요할 거 같습니다. 비리사립유치원의 부정행위에 대한 어떠한 반성도 없이 폐원 등으로 학부모들을 겁박하고 있습니다. 폐원하는. 유치원의 지원금을 회수하고, 초등학교에 남아도는 빈교실을 활용하는 국공립유치원 확대는 어떠신지요? 부족한 선생님은 폐원유치원들의 선생님들을 특별 채용으로 고용문제도 해결되지 않을까요? 물론 비리나 폭력등의 선생님들은 제외해야겠지요. 부족한 세수는 막대한 국민혈세가 줄줄새는 여러연금개혁, 이유를 모르는 도로공사, 기반공사, 인도공사, 이해할 수 없는 대리석에 웅장한 관공서 신축, 강력한 공무원 구조조정 등에서 충분히 충당되지 않을까요?",보건복지,2018,2018-11-07,21,Not answered,국민연금 가입자가 봉입니까? 국가 구조조정이 필요하지 않을까요?
petition_0042,"병원에 고인을 모시는데 장례비가 너무 비싼 것 같습니다. 지방자치단체별로 장례비와 절차를 간소화하여 고인을 모실 수 있도록 담당부서를 신설해 주시기를 부탁드립니다. 지금 장례비가 기본적으로 1.000만원 이상이 드는 것으로 알고 있습니다. 간소화하여 사는 형편이 넉넉지 못한 분들이 몇 십만원 정도의 비용으로 고인을 보내 드릴 수 있도록 간소한 제도를 만들어 주십시오. 제 형편이 어려운 사촌 여동생은 몇 년이나 소식없던 시숙의 고독사 소식을 듣고 병원에 모셨는데, 1,000만원 이상이 나와서 시누들 도움을 얻고 빚을 내어 장례를 치뤘다고 합니다. 장례제도와 비용의 간소화는 꼭 필요하다고 생각합니다.",보건복지,2017,2017-10-07,7,Not answered,장례비용 절감과 장례절차 간소화할 수 있는 기관이나 사업장 신설해 주십시오.
petition_0043,저희 어머니는 뇌출혈을 겪어 지금 오른쪽을 못움직이고 계세요. 오른쪽 어깨부터 손까지는 아예 움직이질 못하시며 오른쪽 다리는 절뚝거리며 발가락도 맘대로 움직이질 못하십니다. 그런데 어느덧 내년이면 5년이 다된간다는 이유로 일주일에 2번밖에 재활을 못받는다는것인데... 아직도 성치못하시고 여름이면 몸이 더 무거워져서 힘드시고 겨울이면 추워서 뻣뻣해지시는데 그런데 재활을 2번밖에 못받다니요... 올해가지는 일주일에 3번가도 부족했는데 2번이라뇨...너무 참담합니다...꼭 개선을 부탁 드릴께요... 저희가족은 아버지도 몸이 불편해서 힘든데 거기다 어머니까지 갑자기 뇌출혈에 걸려서 정말 뭐라도 하고 싶은데 가정형평상 자식입장으로서 뭐 해드릴수있는게 없어서 이렇게나마 답답해서 부탁드립니다. 제발 부탁드릴께요...복지개선에 힘써주세요...하루하루 우울하지만 나을수 있다는 희망으로 하루하루 버티고 있습니다. 천천히 낫겠다는 희망으로요 그래서 하루도 안빠지고 재활도 다니셨는데 년차에 갈수록 줄어든다는거 제 생각으론...너무 답답합니다....개선부탁드릴께요 대통령님,보건복지,2017,2017-12-29,1,Not answered,재활치료 복지 개선을 부탁드리겠습니다.
petition_0044,국민연금 40년 채울 수 있도록 추납 만 18세 부터 국민연금 40년을 채워야 소득대체율 40%를 달성할 수 있다고 합니다. 그렇다면 만 18세부터 국민연금을 납부하여야 합니다. 국민연금을 30살에 가입하여서 최대 30년을 납부히였다면 지금이라도 나머지 10년치 국민연금을 추납할 수 있도록 추납인정 기간을 국민연금 가입 이후가 아니라 만 18세 이후의 기간으로 바꿔주시기 바랍니다,보건복지,2018,2018-11-08,3,Not answered,국민연금 40년 채울 수 있도록 추납 만 18세 부터
petition_0045,"병원은 국민의 건강과 생명이 다뤄지는 신성한 공간임과 동시에 굉장한 고강도의 노동의 현장입니다. 언론매체들을 통해 알려진 수많은 의료사고와 의료계 문제들이 이 노동 시스템의 문제에서 비롯됩니다. 의료인도 노동자입니다. 전공의 근무시간은 일반 노동자와 별개로 '전공의 특별법'에 의해 다뤄집니다. 아직 많은 노동현장에서도 근로기준법이 제대로 지켜지지 않고 있는 것이 현실인데, 전공의의 근무시간은 특별법 및 특례의 테두리 안에서 일반적인 노동시간의 두세배 가량의 근무시간을 강요받고 있습니다. 전공의특별법에서 제한하는 전공의 근무시간은 주 80시간입니다. 이제 근로기준법에서는 주 40시간의 근로를 기준으로 연장근무에도 주 12시간의 제한이 있습니다. 하지만 당연하게도 전공의들의 기본 근무 시간은 최소 80시간 이상이며, 이마저도 참 다양한 이유와 기준으로 지켜지지 않고 있는 것이 한국 의료계의 현실입니다. 그렇다면 전공의의 과도한 노동시간이 국민들과 무슨 관련이 있을까요? 국민의 건강권에 심각한 위해를 가할 수 있는 의료사고들이 일어나는 원인의 큰 범주를 차지하는 것이 전공의들의 수면부족, 과로 상태입니다. 잠을 자지 못한 상태로 일을 하게 되는 것은 너무나 당연하게도 업무의 질의 하락으로 이어지며, 의료행위에 있어서 이 업무의 질적 하락은 의료사고로 이어지게 되는 가장 직접적인 원인이 됩니다. 타 노동자들의 산업재해가 과도한 업무량과 직결되는 것과 같은 맥락의 문제라 볼 수 있습니다. 결코 의료진의 과도한 노동강도 문제가 전공의 및 여타 의료인 집단만의 문제가 아니라는 걸 이제는 모두가 알아야합니다. 의료계에 정말 많은 사건 사고가 일어나고 있는 시기입니다. 더 이상 '고귀한 희생'이라는 프레임에 가둔채 전공의들을 혹사시키고, 의료사고로 이어져 국민의 건강에 위해를 가하는 이런 높은 강도의 노동시스템이 지속되어선 안된다 여깁니다. 전공의 80시간은 절대 이뤄질 수 없는 문제일거라고 모든 병원들이 반대해왔습니다. 그러나 법으로 정하니 어떻게든 할 수 있게 만들었습니다. 아직 겉으로만 지켜지고 있는 경우가 대다수이지만 말입니다. 갑작스런 변화에 많은 부담이 있었을 겁니다. 그렇지만 결국 가능한 일이었던 것이지요. 병원은 더 이상 수련이라는 명목하에 경영진의 이익을 위해 의료진의 노동력을 착취하지 마십시오. 국가는 더 이상 이를 묵과하거나 조장하지 말아주십시오. 부디 정책적인 조정과 제도의 마련으로 전공의들도 더 이상 '특별한' 법의 테두리가 아닌 다른 노동자들과 같은 법의 테두리 안에서 적정한 노동시간을 보장 받을 수 있도록 해주십시오. ㅡ 일반 근로기준법의 52시간 근무시간제한을 의료인에게도 의무화하고 병원은 인력을 확충하도록 하여 근로기준법이 전공의 및 간호사에게 적용될 수 있도록 제도화 해주십시오 ㅡ 병원에서의 의사 1인당, 간호사 1인당 환자수를 법적으로 제한하고 입원전담의 제도 등을 활성화하여 한 명의 의료인이 과도한 명 수의 환자들을 보지 않도록 하여 국민의 건강권이 지켜질 수 있도록 해주십시오. ㅡ 전공의, 간호사 뿐만 아니라 임상강사 등의 모호한 위치에 존재하며 혹사 당하는 전문의들의 인권과 노동시간도 보장해주십시오. 의료진이 '제대로' 살아야 환자분들도 '제대로' 살 수 있습니다. 이제는 생명의 문제에 의료진만이 아닌 국민 여러분의 관심이 필요한 때입니다.",보건복지,2018,2018-09-09,11,Not answered,병원의 의료진을 구해주세요. 그렇게 환자들의 생명을 구해주세요.
petition_0046,도봉구 창3동에 사는 두 아이를 키우는 한 부모입니다. NH임대주택에서 사는데 앞집에 홀로 사시는 분이 사망한채 구더기가 나와서 발견하였는데 주말이란 이유로 시체만 치우고 구더기와 냄새는 그대로 방치한체 주말을 보내고 월요일날 와서도 동사무소에서 구더기와 청소를 하였으나 NH에서는 보고 상황만 듣고 대처를 안하였습니다. 그 이유로 구더기가 파리가 되어 온 건물에 퍼져 며칠째 항의하여 그때서야 대처하였습니다. 너무 억울합니다 일주일이 되서야 NH에서 소독하러 왔습니다. 답답해서 글을 올려봅니다. 구더기 생각에 잠도 못자고 밥도 제대로 못먹습니다.,보건복지,2018,2018-09-17,2,Not answered,변사체가 있었던 방 처리
petition_0047,국민연금이 국가가 국민들의 노후를 위해 만든 제도인데 외국인들도 가입기간이 충족되면 연금을 평생 주는것으로 알고있습니다. 그리고 추납도 가능한것으로요 외국인이 가입기간 충족하고 외국으로가면 외국에서 평생 연금받고 받다가 죽으면 유족연금이 발생하는것으로 알고있습니다. 외국인들의 수급권이나 생사확인도 제대로 되지않을것 같습니다. 앞으로 고갈되고. 국민세금으로 준다는 말도 나오는데 굳이 외국인 까지 챙겨 줘야하는 이유를 모르겠네요. 외국인들이 국내기업에 취업해 국민연금을 납부하게되면 출국시 일시금으로 받아가도록 법을 개정했음합니다. 상호주의 때문에 어렵다면 외국인 추납이라도 없앴으면 좋겠습니다. 추납은 보험료 상승이 큰 제도로 알고있습니다. 그런데 외국인의 추납이 최근 확대되었고 중국국적동포뿐 아니라 선진국인 프랑스인들에게도 소문이 났다고 합니다. 외국인들까지 무분별한 추납 적용은 우리 기금 소진을 앞당길 수 있는 요인이 되는 것이라고 생각합니다. 우리 후세대에게 잘 물려줘야하는 국민연금 기금은 자국민을 위해 잘 쓰여져야 한다고 생각합니다. 국가지급보장 법제화까지 되면 외국으로 우리 돈이 나가게 될 것. 우리의 피 같은 세금을 그들에게 주는 것 추납은 외국인에게 불허해야한다고 생각합니다. 우리돈으로 세금도 안내고 자기내나라로 갈 외국인들까지 먹여살릴수없습니다,보건복지,2018,2018-08-13,26,Not answered,외국인들 국민연금 추납 반대!
petition_0048,누리보육료 수년째 동결 민간어린이집 가정어린이집원장들도 수당은 교사같이 정부에서 준것 없지만 최저임금도 못받는 민간 가정 어린이집 원장님들 원장인 고용주도 근로자들입니다 최저임금이라도 정부에서 주시기 바랍니다 하루종일 긴장속에서 살고 하루 15시간 영유아 보육하는 원장들도 많이 있습니다 교사들은 하루 8시간 일하지만 원장이 책임자라는 이유로 운영하고 있는 민간 가정어린이집 주인이라는 이유로 어린이집 지켜야 하는이유로 수억수십억 투자 하고도 투자한 금액에 이자는 커녕 최저임금도 못가져 갑니다 국가가 할일 대신하니까 정부에서 임대료와 원장 최저임금이라도 운영비 명목으로 지원 바랍니다,보건복지,2018,2018-07-14,24,Not answered,민간어린이집과 가정어린이집 원장님들도 최저임금도 못받는 원장들 정부에서 최저임금주십시요 우리도 하루15시간일하는 근로자입니다
petition_0049,"1차로 한 병원에서 검사를 받았는데 다른 병원을 갔을 때 또 동일한 조사를 실시함. 검사를 다시 받지 않으려면 이전 병원에서 검사결과를 CD 나 USB 로 가져올 것을 요청하고 있음. 아주 비싼 검사가 아니면 번거로와서 다시 검사에 응하게 됨. 이 경우 다음과 같은 문제가 발생함. 첫째, 환자 입장에서는 방사선 검사 같은 경우 불필요하게 방사선에 더 노출되어 인체에 유해함. 그리고 검사 피로도가 높아짐. 둘째. 환자 개인은 동일한 검사비를 중복 지출하여 경제적 부담을 더 지게 됨. 셋째, 국가 입장에서는 의료보험재정에서 중복지출을 하게 되어 의료보험재정이 낭비 됨. 환자가 요청하면 병원간 환자의 검사결과를 공유를 의무화하도록 법제화 해주시기 바람",보건복지,2018,2018-08-05,4,Not answered,의료기관간 검진자료 공유
petition_0050,"안녕하세요. 간곡히 문제인 대통령님께 요청드릴께 있어 청원글 올립니다. 황반변성이라는 노인성 안구질환이라는걸 들어보셨는지요? 쉽게 설명하면 나이가 들어가면서 망막에 이상이 생겨, 시력이 나빠지거나 점차 시력을 잃게 되는 질환입니다. 건강보험심사평가원에 따르면, ""건강보험 및 의료급여심사결정 자료를 이용해 분석한 결과, 황반변성 진료 인원은 2009년 약 11만2000명에서 2013년 약 15만3000명으로 5년간 약 4만1000명(36.6%)이 증가한 것으로 나타났다. 연평균 증가율은 8.1%였다."" 라고 합니다. 2017년 현재는 얼마나 더 늘어났을까요? 황반변성은 노인성질환이고 고령화시대에 접어든 우라나라는 갈수록 더 늘어날것입니다. 황반변성은 주사치료 외에는 딱히 치료할 수 있는 방법이 없습니다. 현재 주사치료가 의료보험 적용이 되고는 있지만, 총14번으로 치료횟수가 제한이 되어 있습니다. 14번 치료 이후에는 100만원가량 하는 주사치료비를 개인이 부담해야 합니다. 2달에 한번 치료를 해야 하는데 14번으로 횟수를 제한하고 있다는게 도무지 이해가 되지 않으며, 더군다나 양쪽눈이 모두 황반변성인 경우, 그 두배의 치료비(200만원가량) 를 개인이 부담해야 합니다. 이런 주사치료 횟수를 제한하고 있는 나라가 세계적으로 우리나라와 대만 밖에 없다는 사실에 더 놀랐습니다. 이런 제도를 적용하고 운용하는 기관이 건강보험심사평가원으로 알고 있습니다. 의사, 환자분들이 계속해서 보험제한 횟수를 없애달라고 요구하는데도 제한을 풀어주지 않고 있습니다. 부디 현정부 문제인케어 에서는 고령화시대에 걸맞는 정책을 만들어 주시고, 무엇보다 희귀질환(황반변성)으로 앓고 있는 환자분들이 모두 나이, 횟수제한없이 의료보험 혜택을 받을 수 있도록 정책 좀 마련해 주세요. 항상 대통령님을 응원하고 있는 한국민으로써 꼭 부탁드립니다. 인터넷을 통해 알게된 관련자료 링크 올립니다.",보건복지,2017,2017-09-01,111,Not answered,희귀질환 (황반변성) 의료보험혜택 확대 요청드립니다.
petition_0051,"2016년 6월에 퇴직한후 2년동안 직장이 없어서 수입이 없습니다. 곧 취직이 될거라는 생각에 처음 몇달 동안은 국민연금을 납부했는데, 미취업기간이 길어지다보니 납부를 중단하였습니다. 이후부터 독촉장과 압류문서가 날아오기 시작합니다. 국민의 미래를 위한 국민연금이지, 국민연금 자체를 위한 국민연금이 되면 안된다고 생각합니다. 미래를 위해서 국민연금을 납부하는데 사정상 미납하게되면, 나중에 돌려받을때 덜주면 되는거 아닌가요?",보건복지,2018,2018-08-14,34,Not answered,국민연금 미납금 독촉장 및 압류경고장 폐지 요구.
petition_0052,저는 한 보육원 시설에 살고 있는 아이입니다. 요즘 대부분 스마트폰을 많이 이용합니다 거의 초등학교 1학년 부터요. 하지만 저희는 이용을 하지 못합니다. 휴대폰을 해줄 보호자가 없기 때문입니다. 지난 5년 전 까지만 해도 시설 장의 민증 사본만 있어도 휴대폰을 만들 수 있었는데 현재는 그렇지 못하고 있습니다. 저희 시설은 고 3부터 휴대폰이 허용 됩니다. 요즘 세상 고등학생이 들으면 놀라고 휴대폰이 없다는 이유로 왕따를 당하는 아이들도 있습니다. 우리가 뭘 잘못했길래 모든 사람이 기본적으로 가지고 있는 핸드폰 아니 그 전화 한번을 제대로 못가는 것 입니까? 시설 선생님께 듣기로는 대포폰을 만드는 사람들 때문이라고 하더군요. 휴대폰을 만드려면 직접 민증을 내야 한다고 하는데 중간에 잃어버릴 우려가 있어서 그렇게는 못한다고 하여 현재 고3인 저는 친구들이 흔하게 물어보는 전화번호가 뭐냐는 말에 대답을 10년 째 대답을 못하고 있습니다. 저희 휴대전화 스마트폰이 아니라도 전화가 되는 기계를 가지고 싶습니다. 야자 끝나고 집가는 길에 전화가 안되는 공기계를 붙잡고 누가 뒤에서 따라오는 것이 느껴질때 마다 전화하는척 그만하고 싶습니다.,보건복지,2018,2018-07-01,2,Not answered,휴대폰을 쓰게 해주세요
petition_0053,"보건복지부는 약사법 제50조를 개정하여 편의점에서도 판매하는 가정상비약에 한해 택배배송을 허용하여 상비약이 절실히 필요한 일부 국민들에게 편리함을 제공함은 물론이고 국민의 삶 향상과 국민의 경제적 시간적 절감효과에 부응해야 한다. ""약사법 제50조에 약국개설자가 그약국 이 외의 장소에서 의약품을 판매하는 행위를 금지하고 있다""라고 했는데 편의점에서도 24시 판매하는 상비약들 까지 도매로 묶어 굳이 금지하는 이유는 국민행복에 반하는 행위라 할 수도 있기에 보건복지부는 일부 의사처방이나 약사처방이 아닌 가정상비약들에 한해서는 즉각적으로 택배발송을 허용해야 할 것이다. 다시한번 말하지만 약사법 제50조에 퉁쳐있는 조항을 즉각 분리개정하길 강력히 촉구한다.",보건복지,2018,2018-06-01,1,Not answered,보건복지부는 약사법 제50조를 개정하여
petition_0054,"국민연금제도가 도입될 때만 하더라도 그럴싸 했습니다. 연금이란 원래대로라면 낸것보다 좀더 받는게 기본입니다. 하지만 납입기간이 늘어나고 수령시기가 늦춰지고 또한 납입금이 인상되고 수령액이 줄어드는 순간 연금제도는 의미 자체가 살아진 것이고, 처음 계획 설계부터 잘못된 겁니다. 이를 인정 못하듯 지금껏 여러 이유를 들먹이면서 끌고 온 것은 핑계에 불과한 것이고 잘못을 인정 못하는 그야말로 자존심만 내세우는 모습으로만 보입니다. 잠깐 벗어나 얘기하자면 공무원 연금과도 대조적이고 국회의원들의 특활비도 어떻게 못하는데 국민연금을 어떻게 운용하겠습니까? 두가지다 국민들 혈세입니다. ''혈세!!'' 매번 고갈시기가 앞당겨질때마다 인상하거나 수령액을 낮추고 시기도 늘릴겁니까? 그건 아니잖습니까. 지금이라도 늦지 않았으니 폐지하세요. 이대로는 안됩니다. 폐지하시고 납입액은 납입자들에게 돌려주는게 맞습니다. 이것도 못하겠다 하지 마세요. 국민들 우습게 보지마세요. 자고로 가정이 평안해야 나라가 평안한 법입니다. 아니라면 나라는 없는겁니다. 명심하세요.",보건복지,2018,2018-08-12,31,Not answered,국민연금은 이미 오래전 신뢰를 잃었습니다.
petition_0055,"지난 12월3일부터 실내체육시설 금연 시행중에 있습니다. 저는 그중 당구장을 운영하는 개인사업자에 해당합니다. 현재 법 시행되고 있어서 금연구역 설정되었음을 적극 홍보하고 있고 손님들에게 금연이 의무임을 강조하고 지키도록 조치하고 있습니다. 그러나, 법 시행후 3개월간 과태료를 징수하지 않는 계도기간을 운영하고 있어서 혼란을 유발하고 있는 부분 안타깝습니다. 법이 시행되는 것은 문제가 될 경우 조치하겠다는 뜻으로 알려져야 하나 시행후 3개월간 계도라는 이름으로 법의 시행이 유명무실해지는 사항을 만드는 것은 잘못되었다고 봅니다. 실제로 손님들중 일부는 계도기간이니까 담배피워도 되는 것 아니냐는 반론을 제기하고 있고 또 당구사업 관련한 많은 분들도 3개월간은 담배피워도 되는 기간이라고 오해하고 있어서 저처럼 열심히 홍보하고 법시행을 준수하고자 하는 국민에게는 오해아닌 오해의 소지로 남는 불편함이 있습니다. 향후 법 시행을 하는 시기가 정해지게 되면 계도기간은 시행후 3개월이 아니라 계도기간 또는 홍보기간이라는 이름으로 법 시행 3개월 전부터 적극 알리고 유도하는 것이 바람직하다고 판단합니다. 관련 법 제정 부서와 시행 부서에서는 적극적인 검토와 긍정적인 결론으로 혼란을 유발하는 일들을 없애주시기 바랍니다.",보건복지,2017,2017-12-25,0,Not answered,실내체육시설 금연법 시행후 계도기간 운영하는 것에 관하여
petition_0056,국민연금은 죽을때 쯤 받다가 뭐 그렇게 되고 공적연금은 일찍 받고 어떤것은 나이 없이 퇴직하면 바로 주고 뭐 이게 뭡니까 ? 이걸 국민들한테 납득하라는 얘기가 말이 됩니까 ? 적자나고 있는것은 일찍 받든지 아니면 오늘이라도 퇴직하면 바로 받아라고 하면서 국민연금은 미루고 미루고 또 미루고 그때 가면 또 더 미루겠죠...또 얼마뒤에 고갈된다고.. 국민들을 봉으로 생각하는 양반들 정신 좀 차립시다. 모든 연금 통합하고 국민연금 수준으로 하든지 아니면 공적연금수준으로 주세요 나라꼴이 어떻게 되든지...,보건복지,2018,2018-08-24,22,Not answered,*** 국민연금은 죽을때 쯤 좀 받고 공적연금은 퇴직후 바로 받고...
petition_0057,"안녕하세요? 열심히 국민의 소리에 귀 기울여 주시며 바쁘신 가운데 이렇게 직접 연결된 소통의 장까지 마련해 주셔서 정말 감사합니다. 환자 뿐 아니라 ""의사들을 위한 심리상담 출구"" 도 마련해주세요~!! 심리상담사를 위한 상담 출구까지 마련해 주시면 더욱 좋겠구요~^^ 물론 갈 길이 멀겠죠ㅠ 아직까지는 환자의 심리까지 다룰만한 출구도 없겠고 근본적인 환자 외상 치료 시스템도 턱없이 부족할테니까요.. 저의 사랑하는 이모도 교통사고로 '골든아워'를 놓쳐서 얼마 전 한순간에 돌아가셨습니다ㅠ 그 때 이국종교수님을 만나서 치료 받을 수 있었다면 지금 살아계실지도 모르죠..ㅠ 그렇게 수고하시는 의사쌤들께 저녁이 있는 삶을 선물하는 것도 당장 중요하지만..환자 한 명 한 명을 살리려 애쓰다 치료 중 사망했을 경우 의사로써의 충격과 아픔도 매우 크리라 짐작됩니다ㅠ 그럼에도 그 고통도 잠시 또 다시 쉬지도 못하고 위급한 환자를 치료하며 지내다 보면 마음이 많이 힘들지 않으실까요? 그런 분들께 공감과 위로를 전할 수 있는 심리상담 창구가 마련되었으면 좋겠습니다~!!",보건복지,2017,2017-12-02,0,Not answered,환자 뿐 아니라 외상센터 의사들 위한 심리상담 출구도 마련해 주세요~!!!
petition_0058,"국민연금 부담금을 올리려 하고 수령 연령은 70세 쯤으로 늦추고.... 정말 국민을 위한 나라가 맞는지 서민을 생각하는 정부가 맞는지 도대체 왜이리 국만들을 힘들게 하시는지...... 사실 국민연금의 고갈은 언젠가는 오는거 다 알고 있었잖아요. 오래전부터 .... 분명 근본적 이유는 아실테고.... 일할 노동력의 숫자가 없으니 당연히 늙은분들 연금 주려면 돈 없는거고, 진짜 시급한것은 앞으로 25년뒤쯤 연금 고갈을 걱정할게 아니라 지금 당장 저출산의 원인을 잘 파악해서 그것부터 오늘 당장 고치려고 하고 뒷바침 하는 법안 만드는게 더 빠를듯 싶습니다. 결혼 해서 아이를 낳을수 있는 여건부터 파악하셔야할듯. 결혼, 출산, 집값, 언제 짤릴지 모르는 직장, 퇴직 나이는 젊어지고 돈 벌어서 국민연금 납임은 65세 까지 해야하고........ 70세 넘어서 연금 수령하기전 서민들은 돈 번다고 스트레스 받고 육체적으로 병들거나 못탈 확률도 많아지고 혹 수령 하더라도 서민들 몇 프로가 수령해서 행복한 삶을 영위할지..... 법안이야 만들어서 어찌하여 통과하면 끝이겠지만....피해는 국민들 몫! 법안 상정하는분들 ! 제발 자꾸 고갈 얘기 하지 마시고, 오늘 아기가 태어나도 딱 연금 고갈 시점부터 사회활동에 참여되는데....부디 지금 젊은 분들과 청소년이 집값과 일자리 문제, 육아에 대한 경제적 부담,육아 교육비등 한번에 완벽히 해결되지는 않겠지만 그래도 실행하시려 해보십시오! 지금 당장!",보건복지,2018,2018-08-13,12,Not answered,국민연금에 대해서
petition_0059,"안녕하세요~ 현 정부의 노인의료복지에 대해서 많은 지지를 해왔던 한 국민입니다. 그러나 막상 부모님 아파서 현장인 병원에 갔을때는 우리 병원의 규정상~ 어쩌고 저쩌고 하는 핑계들이 너무 많아서 실질적으로 현 정부의 복지정책과 반대로 가는 경우가 너무 많습니다. 실수를 저질러 놓고도 잘못은 인정하지만 환자의 건강따위는 책임지지 않겠다고 하는 이런 행동들에 대해서 엄격한 잣대로 처분해주시기 바랍니다. 나이들어 힘없는 노인들이 의료복지 사각지대에 놓여있습니다. 법이 버젓이 존재함에도 불구하고 '법은 있지만 우리 병원의 규정상 ~, 우리 병원에서는~'이런식으로 핑계들만 늘어놓는다면 진정 이나라의 의료복지는 언제쯤 실현될까요?? 의료법의 전면적인 수정 부탁드립니다. 젊은 사람들도 아프면 서러운데 나이드신 부모님은 기력도 없어서 당하고만 있을수밖에 없는 이현실이 추운 겨울 가슴을 저며옵니다. 왜, 사람 먹는 음식에 독극물등을 넣어서 죽게 하는 경우는 큰 처벌을 내리면서 사람 목숨 가지고 장난치는 병원들은 그대로 두고 보는지 이해할수가 없습니다. 제발 .. 노인의료복지 정상적으로 되고 있는지 현장인 병원들의 실태를 전면 검사해주시기 바랍니다.",보건복지,2017,2017-11-22,0,Not answered,의료법이 버젓이 있음에도 불구하고 너무 많은 병원들이 '병원규정상~'이라는 이유로 법을 위반하여 의료 피해자가 많이 생기고 있습니다.
petition_0060,"문대통령과 청와대의 각본과 연출, 모든 메스컴들의 동원에 온국민은 마약 중독된 것 처럼 취하고 또 취해서 마치 통일이 금방이라도 될 것 같은데, 그간의 경험으로 봐서 아무래도 남한을 겨냥한 핵폐기나 완전 비핵화, 생화학무기들 완전 제거는 헛물만 켜고 또 속는 것 같다. 민주당은 김정은과 함께 위장 평화쇼로 선거를 이기려만 하고 장기집권만 획책하고 있을 뿐 완전한 비핵화 생화학무기의 제로화 등 진정한 평화를 위한 노력은 국민들 속이는 것으로 만족할 것 같은 생각이 든다. 트럼프는 올 년말(11월)과 미국내 특검 위기만 넘기려고 북한을 이용하는 것 같음은 기우에 지나는 것인가? 정치하는 년놈들은 자국이나 타국 국민들 눈감고 아웅으로 잘 속이려는 짓만 하고 있다.",외교/통일/국방,2018,2018-06-08,4,Not answered,김정은의 쇼 또 Three Go에 속고 피박만 쓸것 같은데.
petition_0061,"모든 국민이 법률이 정하는 바에 의하여 외적의 공격에 대해 국가를 방어할 의무를 지는 것을 말한다. 우리 헌법도 국방의무에 관하여 규정하고 있다(제39조). 우리나라는 국제평화의 유지에 노력하고 침략적인 전쟁을 부인하고 있지만(제5조), 아직도 우리나라는 침략자를 격퇴하는 자위의 전쟁과 침략자를 응징하는 제재의 전쟁을 할 필요가 있기 때문에 모든 국민에게 법률이 정하는 바에 따라 국방의 의무를 부담시키고 있다 이 국방의무로 자식을 군대보내는 부모와 청년들은 양심이없어 총들고싶어 군복무를 하는건가요 종교라는 특정집단에게만 혜택을 주는 명분이 되게 하는 판결이 군복무를 마친 사람과 지금도 국방의무를 다하는 청년들에게 큰 모멸감을 느끼게 합니다 양심을 가려낼수있는 방법이 있다는게 상식적으로 납득이 됩니까? 이제 어떤 부모가 자식을 군대보내고 싶겠습니까? 나라를 위해 희생되신분들과 그유가족분들 까지 모멸감을 당연히 느꼈을겁니다 분단국가의 특수성을 전혀 생각없는 이런 판결은 잘못된겁니다 다시 재판해주세요",외교/통일/국방,2018,2018-11-02,40,Not answered,양심적병역거부 무죄라면 군복무자체를 폐지해주세요
petition_0062,대한민국을 지키기위해 싸우다 붙잡혀 북한에서 고통에 삶을 살아가는 국 군포로들을 언제까지 두고만 볼것인가요 그 동안 독재정권과 보수정권을 거처오면서 온갖거짓과 위선이 난무했지만 이번 문재인대통령 정권에서는 해결해야 할것입니다 다 지옥같은 삶을 살다가 돌아가시고 저식들도 포로에 자식이라는 이유만으로 고통속에 삶을 살아가고있습니다 얼마 안남은 국군포로만이라도 송환하는데 힘써주시기를 거듭부탁드립니다 사람이 먼저다라는 말씀 소중이 간직하겠습니다,외교/통일/국방,2018,2018-04-18,3,Not answered,남북회담때 국군포로 송환도 논의해 주십시요
petition_0063,"2028년이면 일본땅""… 日이 독도보다 탐내는 '7광구' 세계 최대 산유국 사우디 10배 매장량 추정… 한·일 협약탓 30년째 손도 못대 일본이 줄기차게 영유권을 주장하는 독도보다 더 탐내는 한국의 영토. 바로 제주도 남쪽바다에 위치한 대륙붕 '제7광구'입니다. 세계 최대 산유국인 사우디아라비아의 10배에 가까운 원유와 천연가스가 매장돼 있을 것으로 추정되는 '꿈의 광구'로 불리는 이곳이 2028년 이후 일본의 영토로 편입될 가능성이 높아 대책이 시급합니다. 하루빨리 개발을해주세요.",외교/통일/국방,2018,2018-12-05,12,Not answered,대통령님 제7광구를개발해 주세요.
petition_0064,"양심적 병역 기피자라고 칭 하는 인원들에 대한 청원입니다. 이 단체/사람들은 항상 국방의 의무를 무시하고 대체복무를 하겠다면서 자신들만이 특혜를 받으려고 합니다. 그렇고 자신들을 '양심적'인 병역 거부자라는 단어를 쓰면서 한국전쟁 당시 우리 나를 지키지 위해 싸우셨던 분들과 국방의 의무를 다한 할아버지 아버지 세대분들, 지금 현재 복무 하고 있는 60만 국군 장병들을 '비양심적'인 사람들로 보고 조롱하는 거나 마찬가지라고 생각합니다. 당연히 소수의 의견도 중요하다고 생각합니다. 하지만 그 소수가 국민으로써의 의무를 다한다면 당연히 권리를 주장할 수 있다고 생각합니다. 하지만 이 단체/사람들은 기본적인 국민의 의무를 무시한체 자신들의 권리만 주장하는거 같습니다. 종교적인 이유로 병역을 못 한다는 이유가 과연 국방의 의무를 무시 할 수 있는 이유일까요 ? 이러한 사람들과 단체에 대한 법적인 처벌이 더 강화 되었으면 합니다.",외교/통일/국방,2018,2018-05-03,6,Not answered,국방의 의무를 무시하고 조롱하는 사람들의 법적인 처벌이 강화 됐으면 좋겠습니다
petition_0065,"오늘 글은 사실 여러 번 망설였다. 나 같은 민간인이 국가의 큰일로 인해서, 별 큰 피해는 없겠지만, 그래도 워낙 민감한 사안이라서 조금 망설이다 글을 쓴다. 내용은 기무사 관련 내용이다. 일단 지금 진행되는 사안의 진실에 대해서는 나는 알길도 없고, 다만 수사 결과를 다른 국민들과 마찬가지로 지켜보겠다. 그러나 그 이후를 염려하여 글을 올린다. 즉 지난 정부가 세월호 사건이후에, 해양경찰청을 없앤 기억이 아직도 생생하다. 기무사가 잘못을 했더라도, 나는 기무사의 해체는 반대한다는 것이 나의 생각이다. 정보기관은 단기간에 만들수도 없고, 또한 많은 돈을 투입한다고 해서, 노하우가 하루아침에 생기지도 않기때문이다. 나는 수사결과에 상관없이, 이번 일을 기무사에 대한 개혁의 동력으로 삼아서, 앞으로 우리 군대가 더욱 강군이 될수 있도록 기무부대가 자신의 본연의 임무를 충실히 할 수 있도록 제도를 만들어야 한다고 생각한다. 나는 지금 문재인 정부와 여당의 상당수의 인사들이, 과거 보안사에 대한 좋지 않은 인식이 자리 잡고 있음을 잘 알고 있다. 그래서 오늘 글을 올리는 것이 더욱 조심스럽다. 그러나 기무부대는 수 많은 비난속에서도, 나름대로 긍정적 역할을 했다고 나는 생각한다. 강한 군대가 되기 위해서는, 국방부의 노력도 중요하지만, 이를 강력하게 통제 또는 관리하는 정보 조직도 필요하다. 지금 기무사의 임무에 대해 나는 알지 못하지만, 앞으로 활동범위를 군내부 정보에서, 국외로 더 확대할 필요는 없는지도 일본의 예를 참고 삼아 검토할 필요가 있다고 생각한다. 군내의 이런 특별한 조직에 대해, 언론의 이해 부족과 국민의 이해 부족은 당연하다. 나도 사실 잘 모른다. 그러나 내가 이 글을 올리는 목적은, 군내부의 정보 기능을 강화시켜 우리 군대가 더욱 강군이 되고, 동아시아 질서에서 우리 군이 위축되지 않을 정보부대가 필요하다는 것을 강조하기 위함이라는 것을 이해해 주시기를 기대한다.",외교/통일/국방,2018,2018-07-25,4,Not answered,망설이다 글을 올린다. 기무사 관련 (수정)
petition_0066,"대한민국 국민을 위한 정부인가 북한 독재 정권을 위한 정부인가?! 대한민국 국민의 세금으로 운영되는 정부는 청와대 대변인까지 나서 북한 변호사를 자임하였다 국민의 생명과 재산에 위협이 되는 위험을 배척해야 함이 당연한 의무인데 이에 반하여 북한 세습 독재 정권을 변호, 퍼주기 하는 상식 이하의 행위를 하며 국민 세금을 물쓰듯 하고 있다 빅터 차 미국 전략국제문제연구소(CSIS) 한국 석좌가 북한의 삭간몰 미사일 기지 관련 보도를 두고 “한국 정부가 북한의 행동을 변호하는 것은 솔직히 우스꽝스럽다”라고 말했다. 청와대 대변인 하는 말을 여러 차례 들어봤지만 이게 대한민국 청와대 대변인인지 북한 변호인인지... 대한민국 국민의 안위를 신경쓰지 않고 있다. 단거리 미사일은 미국에는 괜찮겠지만 대한민국 전역이 핵미사일의 사정권으로 국민의 생명과 재산에 위협이 되고 유엔 안보리 결의안 위반이다. 북한에 안보리 결의안을 준수, 투명한 비핵화를 설득해도 모자랄 판에 퍼줄 생각이나 하고 변호나 하고 있으니 매우 걱정스럽다. 회사에서 배임이면 잘리는데 이 정도는 배임보다 더 하다.",외교/통일/국방,2018,2018-11-15,20,Not answered,대한민국 국민의 생명을 사수하는 정부인가? 북한 세습 독재 정권의 보위 정부인가?!
petition_0067,"천안함 사건, 영평도 포격사건의 주범이 누구인가 ? 북의 정찰총국이 아닌가? . 그때 죽어간 희생자의 눈물은 누가 싰어 줍니까.? 통일부 장관의 국회 답변을 듣고 참으로 실망 했읍니다. 제발 북에 저자세 대화는 하지마세요 . 국민의 자존심이 허락하지 않습니다. 평창올림픽 공동 개최건으로 오락가락하는 ,그들의 심리전에 말려드는 대한민국의 외교력 한심합니다. 한가지 물어 봅시다. 국가가 먼저인지 민족이 먼저인지 나는 무순일이 있어도 국가가 먼저 입니다. 국가가 있어야 내가 존재하니까. 민족은 차선입니다. 만약에 김영철을 우리땅에 오게 한다면 앞으로 주권행사로 심판하겠습니다. 침묵하는 국민은 안중에도 없는 정치인들 민심은 천심임을 명심하세요. 참고 참다가 화가나서 한말씀 드렸습니다. 충청도 농촌에서 노후를 보내는 촌노의 말 한마디 잘 새겨 듣고 잘하세요.",외교/통일/국방,2018,2018-02-23,26,Not answered,김영철 방남은 않된다
petition_0068,"지난주 금요일, 우리는 또 한통의 비보를 접했습니다. 13세의 나이에 공장에 일자리를 소개해준다는 말에 속아 일본군에 강제 동원 되신 임 모 할머님께서 별세하셨다는 참담한 소식이었습니다. 그리고 오늘 우리는 또 한통의 비보를 접하게 되었습니다. 강경화 외교부 장관이 “일본 정부에 재협상은 요구하지 않을 것”이라고 한일 위안부 합의를 공식적으로 인정하는 발언을 한 것이 그것입니다. 그럼에도 불구하고 여전히 김복동 할머님을 비롯한 생존 ‘위안부’ 피해자 할머님들께서는 돌아가시는 그 순간까지도 일본 정부의 진정성 있는 사과를 원하고 계십니다. 현 정권이 결국 그 할머님들의 뜻을 관철하기보단 국제 관행과 형식에 집착하고 있다는 현실을 보여주고 있는 것이라 생각합니다. 결국 우리 국민의 뜻을 우리 정부가 받아 안아 관철하기 보단 외세의 눈치 보기에 급급한 것은 아닌가하는 날선 비판을 해봅니다. 하지만 좋은 소식도 들려오고 있습니다. 북한의 핵미사일 개발로 일촉즉발의 위기 상황이었던 남북관계에 청신호가 들어온 것입니다. 북에서는 평창 동계 올림픽에 선수단과 응원단을 파견하는 것을 제안하였고, 남에서는 돌아올 설 명절에 그간 이어지지 못했던 남북 이산가족 상봉을 제안하였다는 것입니다. 하루 사이에 상반된 두 소식이 들리기에 이 글을 쓰는 순간에도 저는 기분이 좋아졌다 참담해졌다 하고 있습니다. 앞으로 남북 당국 간의 회담이 어떠한 국면으로 접어들진 일개 시민인 저로선 알 수 없습니다. 하지만 대한민국 주권자의 한 사람으로서 대한민국 정부에 공식적으로 제안합니다. 일본군 ‘위안부’ 문제를 남북의 교류협력 의제로서 심도 있게 논의해 주십시오. 그리고 이 사안을 남북이 일본에 대해 함께 공동으로 대응해 주십시오. 우리가 남과 북으로 분단되기 이전의 우리 민족적 아픔을 함께 치유하는 것이 우리가 제일 먼저 해야 할 일이 아닐런지요? 북한에도 일본군 ‘위안부’ 피해자 분들이 계신다고 들었던 기억이 납니다. 하지만 우리는 분단된 현실로 인해 우리의 역사인 일본군 ‘위안부’ 문제에서 한반도 북쪽에 계신 분들이 어떻게 살아가고 계신지 전혀 알지 못합니다. 서로가 서로의 아픔을 알아가는 것... 이것이 갈라진 민족이 서로 화해하고 상생해나가는 길의 첫 번째 관문이 아닌가 생각합니다. 현 정부의 발 빠른 대응이 필요한 시점입니다. 남북간 대화의 물꼬는 트였으나, 피해자 할머님들은 하루가 다르게 건강이 악화되고 계십니다. 얼마 남지 않은 생존 피해자 할머님들만이라도 살아생전 일본 정부의 진정성 있는 사과를 직접 받아 볼 수 있길 기원합니다. 그 길에서 적극적이고 과감한 결단과 행동이 있기를 강력히 촉구하면서 이만 글을 마치겠습니다. 주권자의 한사람으로서 묵묵히 믿고 지켜보겠습니다. 2018년 1월 9일 자연인 한재현",외교/통일/국방,2018,2018-01-09,20,Not answered,일본군 ‘위안부’ 문제 해소를 위한 남북의 공동대응과 교류협력을 제안합니다.
petition_0069,"안중근의사의 유해와.. 그의 어머니 조마리아님의 유해를.. 하루빨리 찾아.. 여기 고국에서 편히 잠들게 해 줘야만 한다..!!! [인물 360°] ""죽는 것이 효도다"" 안중근의 어머니 조마리아 “비겁하게 삶을 구걸하지 말아라. 옳은 일을 하고 받는 형이다. 대의에 죽는 것이 어미에 대한 효다. 너의 죽음은 너 한 사람의 것이 아니라 조선인 모두의 분노를 짊어진 것이다.” 유난히 길었던 1910년 겨울, 어머니는 때 아닌 여름 옷감을 꺼냈다. 아들이 입을 수의를 짓기 위함이었다. 3년 전, 국경을 넘어 대륙으로 간 아들은 사형수가 되었다는 소식을",외교/통일/국방,2018,2018-07-14,9,Not answered,안중근의사 유해 찾아야만 한다..!!!
petition_0070,"요즘 남북관계나 북미관계에 큰 이슈가 없이, 물밑에서 대화가 진행되는 듯하다. 그래서 사실 북한 비핵화에 대한 관심이 전에 비해서 떨어지고 있다. 너무 속도가 늦어지면, 아마 대화의 동력이 줄어들 가능성이 있다고 생각한다. 중국의 왕이장관께서 비핵화와 평화제체는 함께 가야한다는 말씀을 하신 것 같다. 짧은 자막으로 잠깐 봐서 내가 제대로 보았는지는 확실하지 않다. 이 단문으로 그분의 뜻을 헤아릴수 없으나, 여기에 대한 나의 견해를 쓰고자 한다. 닭이 먼저냐, 닭알이 먼저냐에 대한 논쟁은 오랫동안 게속되어 왔다. 지금의 북미관계가 그런 형국이라고 생각한다. 약간의 비핵화와 약간의 보상으로 평화가 진척되는 북한의 쌀라미전술도 한편으로는 합리적인 것 같다. 서로가 서로를 믿지 못하는 상황이기때문이다. 그러나 나는 견해를 좀 달리한다. 만약 북한이 비핵화를 하였는데, 미국이 북한과의 평화제체를 거부할 명분은 없다고 생각하기때문이다. 북한이 미국에 대해 칼을 겨누지 않는데, 북한과 천리만리 떨어진 지구 반대편의 나라가 무엇때문에 이유없이 북한과 적대관계를 유지하려고 하겠는가? 상식적으로 납득이 되지 않는다. 특히 중국과의 첨예한 정치, 외교, 군사 관계까지 얽혀있는 마당에, 북한이 비핵화를 하고 미사일을 동결하였는데, 솔직히 미쳤다고 미국이 북한과 싸우자고 하겠는가? 북한의 재래식 무기는 아직도 건재하고, 남한내 미국인이 수십만이고 미국의 자본과 군대가 있는 마당에, 미국이 비핵화한 북한과 평화제제를 하지 않고, 전쟁을 하자고 덤빌 이유도 없고, 그것을 두고 미국을 두둔할 나라도 없다. 따라서 북한은 과감한 비핵화를 해도, 안전하다는 것이 나의 판단이다. 다만 내가 생각하기에는, 북한이 너무 밀당을 심하게 하는 것 같다는 생각이다. 적당히 해서, 최대한의 이익을 얻기를 나도 바란다. 너무 시간을 끌면, 미국이나 한국내의 정치 상황도 변화하고, 또한 국제 역학관계가 변하면 북한은 그야말로 아무것도 얻지 못할지도 모른다. 더 이상 동력을 잃거나 아니면 상황이 변하기전에, 최대한의 시점에 협상에 적극적을 임하기를 기대한다. 그것이 모두에게 좋다.",외교/통일/국방,2018,2018-12-12,2,Not answered,비핵화와 평화체제에 대한 상식
petition_0071,국정원은 우리나라의 정보국이라 해도 과언이 아닙니다. 물론 이번 댓글 사태를 비롯하여 많은 부분 문제가 발생했던 것은 사실입니다. 하지만 몸에 아픈곳이 있다고 하여 그곳을 쳐내는 극단적이 흑백논리를 펼쳐서는 안됩니다. 정보는 힘이고 능력이며 그것은 외교와도 직결됩니다. 더불어 현재 휴전상태인 우리나라에서는 더욱 중요시 됩니다. 그런 상황에서 국정원의 국내정보담당관의 폐지는 내부의 적을 늘리게 되는 꼴이 될 수도 있습니다. 그것은 나라의 기강이 무너질 기회를 주는것을 뜻합니다 물론 여태까지의 과오를 바로 잡고 오명을 벗어야 하겠지만 수사권 폐지와 같은 축소는 일어나서는 안된다고 생각합니다,외교/통일/국방,2017,2017-12-01,3,Not answered,국정원 수사권 기각을 부탁드립니다
petition_0072,"1.27일 연합뉴보도에 따르면, 조명균 통일부 장관이 평창올림픽 개막식 하루 전에 이루어지는 북한의 열병식에 대하여 ""북한의 내부적 수요에 따른 행사이고 평창동계올림픽을 겨냥해 갑자기 하는 게 아니다""라고 하였다. 이는 아무리 통일부 장관이라고 하지만 대한민국의 장관이 아니고 북한 조평통 대변인으로 둔갑하여 할 수 있는 말이다. 지금은 분명 정전(휴전)중이고, 그래서 북한은 지금도 핵과 미사일을 준비하며 우리를 위협하고 있고 이에 155마일 전선에는 우리의 아들이 추운 날씨 가운데 군복무중에 있다. 이러한 상황과 우리 아들들의 임무 수행을 조금이라도 생각한다면... 대통령님의 결단을 촉구하며 청원드립니다.",외교/통일/국방,2018,2018-01-27,4,Not answered,조명균 통일부 장관에서 해임시켜 주세요
petition_0073,"미군 최신 무기 사드체계 이해부족과 태평양사령부 기구의 조직에 대한 정보 부족으로 한,미 미래연합사령부 논의는 불가 한국군의 장성수 60-70명 감축은 군의 사기저하(부사단장과 부군단장 직위 축소)와 한미연합 작전 능력의 합동성 저하로 이어질수 있고 전시 사병들 생존과 직결된 사항으로 신중하게 검토 성급한 한국군 전시작전권 환수는 북한 핵 보험용이라는 오해의 소지가 있고 병력자원 감소는 의무경찰관 제도와 경찰대학 폐지로 보완 될수 있는 사항 군의 사기저하(부사단장과 부군단장 직위 축소)는 백전백패 입니다.",외교/통일/국방,2018,2018-01-01,1,Not answered,"한,미 미래연합사령부 논의는 불가 ^^*"
petition_0074,"출처 : 정부가 ‘소득주도 성장’에 매달린 지 1년이 지난 지금 한국은 심각한 ‘고용대란’에 직면해 있다. 최근 통계청이 조사 발표한 올 8월 고용동향에 따르면 취업자 수가 전년 동월 대비 3,000명 증가하는 데 그쳤다. 지난해 월평균 31만명 수준이던 취업자 증가 수가 올 2월부터 5개월 연속 10만명 수준으로 급감한 데 이어 지난 7월에는 5,000명, 8월에는 3,000명대로 2개월 연속 급속히 추락했다. 글로벌 금융위기 이후 10년 만에 최저치로 내려앉은 것이다. 한참 자녀를 교육할 나이이자 경제활동의 허리인 40대와 한국의 미래를 짊어질 청년들의 일자리 상황은 더 참담하다. 40대 취업자는 1년 새 14만7,000명이나 줄었고 외환위기로 구조조정에 시달리던 1998년 8월 이후 20년 만에 최악이다. 체감 청년실업률도 23.2%로 청년 4명 중 1명이 실업자일 정도로 심각하다. 반면 미국은 도널드 트럼프 대통령의 감세와 규제 완화, 사회간접자본(SOC) 투자 확대로 2월 실업보험 청구자가 1969년 이후 48년 만에 최저치를 기록했고 지난 2년간 제조업에서만 26만개의 일자리가 만들어졌다. 제롬 파월 미국 연방준비제도(Fed·연준) 의장이 “미국은 완전 고용 상태이거나 이를 넘어섰다”고 말할 정도다. 일본도 규제를 완화하고 법인세를 내리는 적극적인 친(親)기업정책으로 실업률이 2%대 중반까지 내려갔다. 기업들이 일손을 구하지 못해 인력난을 호소할 정도다. 유럽의 고용 상황도 개선되고 있다. 영국은 8월2일 일자리가 완전 고용 수준으로 회복되자 글로벌 금융위기 직후인 2009년 이후 약 10년 만에 최고 수준(연 0.75%)으로 금리를 올렸다. 세계 주요국의 친기업정책이 완전 고용의 원동력이 됐지만 한국은 오히려 일자리 창출에 방해가 될 정도로 반시장·반기업 정책을 펼쳐왔다. 최저임금 인상, 노동시간 단축, 비정규직의 정규직 전환 등은 노동 시장에 맡기거나 노사 협의를 거쳐 점진적·차별적으로 추진할 문제다. 그런데도 이를 정부 주도로 일률적으로 밀어붙인 것이 고용대란의 화근이 됐다. 반시장적인 정부정책이 시장의 혼란과 경제 주체 간의 갈등을 부추기고 소상공인·자영업자의 기를 꺾어 고용대란이라는 부메랑으로 돌아온 것이다. 시장을 이기는 정책은 없다. 정부가 지난해부터 올해까지 일자리정책에 54조원을 투입했지만 고용은 악화일로다. 그런데도 정부는 올해 4조원의 재정을 보강하고 내년 일자리예산을 역대 최대로 편성하는 등 나랏돈을 풀어 고용 문제를 해결하겠다는 의지를 보이고 있다. 고용대란은 임시방편적 재정정책과 정부 주도의 성장정책으로 해결될 문제가 아니다. 노동개혁과 규제 완화로 기업의 기를 살리면서 생산성을 높일 수 있는 여건을 만들고 시장경제와 사유재산권 보호에 충실한 정책을 펼치는 것이 최선의 일자리정책이다. 한국은 조선·기계·해운 등 전통 주력 업종의 경쟁력이 이미 중국에 추월당했지만 수십 년 동안 신성장동력의 발굴은 지지부진하다. 정부는 기업을 배제한 소득주도 성장이라는 프레임으로 기업의 자율과 창의를 꺾어서는 안 된다. 슘페터 모형(Schumpeterian Model)에서와 같이 기업가정신·기업을 중심축으로 ‘성장’을 논해야 한다. 즉 경제 성장의 원동력은 ‘기업가정신’에 입각한 ‘혁신’이 핵심이다. 출처 :",외교/통일/국방,2018,2018-09-14,7,Not answered,왜 한국만 고용대란인가? 문재인 임종석은 들어라.
petition_0075,"군대가야하는 20살 남자입니다 대한민국에서 남자로 태어나 국방의 의무를 다하는것은 당연하다고 생각하지만 제한적인것이 너무 많다고 생각합니다 훈련소 기간에 담배 못 피는것도 그렇고 그중에서도 가족, 친구, 애인, 들과 장기간 만나지도 못 하고 연락도 잘 안 되는게 가장 큰 문제인거 같습니다 우리는 국방의 의무를 수행하러 가는것인데 불피요할 정도로 위 문제가 제한된거 같습니다 훈련소 기간에는 전화도 거의 하지 못 하구요 군생활 초반에 휴가도 너무 적은거 같습니다 이런 문제가 개편된다면 관심병사 문제도 그렇고 꽃다운 나이에 헤어지는 연인들도 훨씬 줄것이고 그러면 저출산 문제에도 큰 도움이 될거같습니다",외교/통일/국방,2018,2018-10-19,1,Not answered,군대문제 청원합니다
petition_0076,북한은 분단후 김씨 3대가 완전한 핵기술이 통치의 목표였습니다. 그 후로 김영삼 정권 김대중 정권 노무현 정권 등 근 30년 가까이 회담을 한 결과 북한은 핵 기술이 거의 완성되었습니다. 지금도 미국과 대화하면서 핵미사일 공장을 건설하는 등 앞으로도 절대 핵을 포기하지 않을 겁니다. 이것을 아니라고 하시지는 않으시겠죠. 하지만 이러한 시국에서 우방인 미국에게 핵 문제를 맡겨놓고 친선 농구를 가는 말도 안되는 행보를 보이는 이 것을 어떻게 설명해야합니까? 지금 그 핵의 제일 당사자는 대한민국입니다. 이미 북한은 한국에 도달하는 핵과 SLBM이 갖춰져 있고 9월에 3천 톤 급 잠수함이 갖춰진다고 하는데 거기에 대한 대책은 커녕 지금 DMZ에 있는 공사 중단 신 미사일시스템 사업 중단 DMZ내 98개 부대 철수 검토 왜 자발적으로 무장해제를 검토 하는 것인지 납득이 되지 않습니다. 이것은 강도가 지금 칼을 버린다고 하고 칼을 갈고 있는데 막상 나는 집에 문 열어놓고 가슴을 벌리고 들어오라고 하는 것이랑 뭐가 다르다는 말입니까? 대통령님이 이것을 보시지 않을 확률이 높지만 정부관계자분들 중에 보시면 심히 생각해서 국민들한테 최소한의 안보와 안전을 보장해주시기 바랍니다. 평화는 힘이 있을때 가능합니다. 미국이 미북회담을 한 것은 한국이 잘해서가 아닙니다. 미국의 강력한 경제력 군사력 때문에 강력한 것 이었습니다. 그리고 우리나라가 이렇게 부강한 것은 우리의 할아버지 할머니 어머니 아버지들의 피 땀 여린 결실이 모여 부유하고 민주주의가 부강한 나라가 되었습니다. 그러니 제발 지금이라도 오랜 미국과의 경제 군사 협력을 통해 더욱더 강력한 비핵화 요구와 군사 훈련 강화 국방력 확충이 제일 필요한 때 입니다. 왜 한 나라의 국가 원수깨서 이런 어려운 길을 택하고 국민을 궁지로 모시는 것입니까. 정말 한 나라의 국민으로써 무섭고 가슴이 무너집니다. 북한과의 대화도 좋지만 그 대화의 기본 조건은 미국보다 더 강한 비핵화가 전제되어야 합니다. 그 핵을 맞을 당사자가 될 확률이 제일 높은 나라는 한국입니다. 만약 국민을 속이고 독단적으로 진행하려 하신다면 촛불들의 행진을 곧 보시게 되실 것입니다. 과거에는 국민들을 통제하는 것이 가능했겠지만 지금은 불가능합니다. 이것은 국민들의 안전입니다. 헌법에도 명시된 제일 기본적인 권리입니다. 이 권리를 부디 잊지 않으셨으면 좋겠습니다.,외교/통일/국방,2018,2018-07-09,14,Not answered,국민들도 알고 있습니다. 제발 대북 관련 정책 제발 멈추세요.
petition_0077,남성분들은 의무라는이유로 군대에가야합니다.군대에 가있는동안 대학생활도 하지못하고 2년이라는 시간동안 군대에 있어야합니다. 나라를 지켜주시는분들로써 그리고 의무로써 해야하는일때매 자신이 하고싶은 일 또는 해야하는일을 하지못하므로 군가산점제도가 다시 생겼으면좋겠습니다 여성분들 군가산점제도 없애달라는이유가 여자는 군대를못가는데 남성분들께 가산점을 주면 불리하다고하는데 여자는 군대를 못가는게아닙니다. 안가는거죠 정말 가산점을 받고싶으면 군대를 지원해서 다녀오세요,외교/통일/국방,2017,2017-11-23,9,Not answered,나라에서 일하시는 군인들께 군가산점제도를 다시실행해주세요
petition_0078,국가의 부름으로 전쟁에 참가했고 지난 70여년간 남겨졌습니다 우선 순위를 논할수 없는 일이지만 이산가족 상봉도보다도 국가가 책임지지 못하고 있는 이분들의 송황이 더 앞서는 이산가족에 대한 지금 대한민국에 살고 있는 국민의 가장 우선적인 책임 입니다 국가위기에 국가의 부름을 받아 가족을 등 뒤에 두고 젊은 청춘으로 총칼을 막다가 70여년을 남겨졌습니다. 종전선언 뒤에 가장 먼저 해결 되어야 합니다. 전쟁상대 국가에 포로가 남아있는 종전선언은 말이 안됩니다,외교/통일/국방,2018,2018-04-29,3,Not answered,국군포로
petition_0079,안그래도 힘든청년들 예비군가서까지 힘들라고 아간넣은건 할아버지의 낡은생각이라고 생각합니다. 아무리 당나라 군대다 해도 전시되면 젊은이들이 안싸울까요 군기가 없겠어요? 옛역사로부터 우리 국민은 위기가 있으면 헤쳐나왔습니다. 문재인대통령님께서 예비군 강화시켰다고 하셨는데 솔직히 이 정책에 대해서 장점을 모르겠고 예비군들 성질만 더 돋구고 피곤하게 하는거 같습니다. 전 동원 4년차가 끝났지만 앞으로 해야할 친구들을 위해 남깁니다. 전 원래 4월인가 예비군이었는데 대통령선거때문에 미뤄져서 11월됬더니 야간훈련이 생겼더군요 반감만 살 정책입니다. 예비군은 전시외에는 현역과 같아질수없어요 저만해도 물류일해서 무릎도 나가고 허리도 아프고 한데 여기서 더 고생해봐야 연골만 나갑니다 젊어도 잘 나가요 진단받고 병원비 아까워서 안가고 있구만 이번에 우리 온다고 국방부니 사령부니 국회의원이니 왔던데 그사람들 오기만 해도 우리만 더 피곤해진다는걸 아직도 모르는 낡은생각가지신분들은 자신의 생각대로만 하지말고 연이없고 자신의 직위를 모르는 남에게 물어보고 하시기바랍니다. 측근들이 밑에서 다 맞다고 한다고 맞는건아니잖아요 측근이니까 그런거지. 이번정책으로 이상적인면을 너무 크게 보신다는걸 알게됬습니다. 현실과 이상의 비율을 맞춰주시기 바랍니다.,외교/통일/국방,2017,2017-11-24,0,Not answered,예비군 야간훈련은 오버요
petition_0080,북한의 김정은 공포로 몰아가는 최신예 2018 스텔스기 F-35A 20대 도입하면 정비는 일본 미쯔비시 정비창으로 가는것 국민정서와 경비지출 공정하지 못합니다. 병력자원 부족으로 의무경찰관과 경찰대학 폐지의 운영비와 경비로 스텔스기 F-35A 1대 구매할수 있고 보병 1개 사단 화력이고 앞으로 전시작전권 환수의 핵심 동력이고 F-35A 정비창 한국 유치로 청년 일자리 창출과 군수 군무원 증원은 강한 안보의 지름길 입니다. ^^*,외교/통일/국방,2017,2017-12-11,0,Not answered,F-35A 정비창 한국 유치 청원^^*
petition_0081,"계속 에멘난민들 수용을허락한다면 무슨일이벌어질지 모릅니다 난민을가장한 테러집단들이 들어오고 테러를 하면 어떻게 책임질겁니끼? 독일처럼 나쁜짓을할수도있습니다 지금 전세계에서 난민수용반대하고있습니다 근데 우리는 반대가아닌 찬성을 하면 대한민국이아니라 난민민국이될겁니다 제주도는 난민들로 넘쳐날겁니다 예멘, 이란, 리비아, 소말리아, 시리아 등 이슬람 5개국 국민 입금 금지는 합헌이라는 판단을 내렸다. 일본, 호주는 물론 심지어 인도네시아 등 같은 이슬람 국가들도 예멘인을 받아들이지 않았다. 예멘인들에 의한 테러 가능성 외에 집단성폭행 등 강력범죄, 북한과의 연관성 우려 등도 이들을 난민으로 수용하지 않는 원인이 되고 있다. 이렇게다른나라는 많은우려가되 난민을 수용하지않고있습니다 그러니까 우리나라도 강경하게 수용반대해요.....받아주면 끝도없습니다 처음부터 싹을잘라버려야됩니다 왜 우리나라는 멍청하게 다받아줘야하는거죠? 이게나라입니까? 국민들도 살기가바쁜데 난민들까지 챙겨야한다고요? 말도안되요 저는 제주도예멘 난민 수용반대합니다",외교/통일/국방,2018,2018-07-01,103,Not answered,제주도예멘난민 수용반대!!!!!!!!!!!
petition_0082,"내가 생각하기에는, 지금의 북한의 공세는 시간벌기용은 아닌 것 같다. 시간을 벌어 보았자, 평창올림픽까지 3달 정도인데, 그 기간동안 북한이 평화공세를 하지 안아도, 어짜피 그때까지 미군의 대북한 군사행동은 없는 것이 확실하기 때문이다. 가만히 있어도 어짜피 그때까지는 북한이 안전한데, 왜 굳이 평화공세를 하겠는가? 즉 미국이 아무리 지금 상황이 위중하다고해도, 올림픽을 망치려고, 북한에게 위협이되는 군사적 행동을 하지 않을 것이 확실하기때문이다. 오히려 내가 생각하기에는, 시간을 줄이기 위한 것이라고 생각된다. 즉 시간은 북한에게 유리하지 않다고 생각한다. 경제제재가 그 만큼, 북한에게 심각하다는 것이다. 겉으로는 북한의 인민들이 평온한 것 처럼 외부에 보일지 모르나, 아마 내부적으로 매우 심각하고, 또한 이 제재가 언제 끝날지 기약할수 없음으로, 미래에 대한 공포는 매우 크다. 즉 시간이 가면 갈수록 북한이 불리한 상황인 것이 명확하다. 따라서 평창올림픽을 개기로해서, 한국을 지랫대삼아서 미국과 협상을 시도하려는 가능성도 있다. 즉 바로 미국과 접촉을 1.5 트랙으로 해 보니, 트럼프 행정부가 과거 정부와 완전히 다르다는 것을 인식했을 가능성이 높다. 이럴때는 바로 북미회담을 하는 것이 오히려 불리하다고 판단했을 가능성도 있다. 물론 이것은 완전한 나의 추측이지만 말아다. 따라서 지금 상황에서는, 북한에 대해 다소 어정쩡한 행보를 보이는 문재인 정부를 이용하는 것이 더 효과적이라고 판단했을수도 있다. 즉 남한을 미국을 움직이는데 이용하거나, 아니면 남한을 통해서 미국에게 의사를 전달함으로서 긴장을 늦추고, 또한 제재국면을 전환하려는 시도를 계획하고 있는지도 모를일이다. 어떤 경우든지, 트럼프행정부의 대북 압박이 효과를 발휘하기 시작했다는 생각이다. 물론 좀 더 상황을 지켜보아야 하겠지만…..",외교/통일/국방,2018,2018-01-05,1,Not answered,북한의 공세 시간 벌기용은 아닌 것 같다.
petition_0083,"이대로 가면 KFX가 실전배치되기 시작하는 시점이 2027년경. 이후 KFX-블록 2가 개발, 배치되기 시작하는 시점은 2030년대초. 이때쯤이면 미국, 중국, 러시아, 유럽, (일본)은 6세대 전투기를 배치하려고 하기 시작하는 무렵. . 그러면, KFX, KFX-블록 2를 통해서 4.5세대, 5세대 전투기는 우리가 만들고 6세대 전투기는 또다시 수입해야 한다는 말인가. 항공산업에 투자해놓은 것, 일자리들은 어떻게 하란 말인가. 6세대 전투기용 엔진은 아무리 많은 돈을 주어도 구매하지 못할 가능성이 높음. 자립외에 방법이 없음. 일본은 5세대 전투기용 엔진을 개발해 놓았으면서도 사용하지 않고 있으며, 한국과 환경이 다름. . 한국은 2035년경 5세대 전투기를 이미 해보았을 테이므로 6세대 전투기 개발에 가장 문제가 되는 것은 다음의 두가지 1) 전투기 엔진 : 6세대 전투기용에도 수입산 엔진을 사용할 작정인가(판매해주는 데도 없을 것임) 한국항공우주연구원을 주관사로 하고 카이스트를 개발 파트너로 하고 두산중공업을 생산 주관업체로 해서 이 분야에 500 여명을 배치해서 전투기 엔진을 국산화할 필요가 있음. 전투기 엔진과 더불어 엔진에서 직접 전기를 생산할 수 있는 특수 발전기를 개발하는 것도 한국의 몫임(레이져 무기용 전원). 6세대 전투기에 걸맞는 엔진 성능이어야만 함. 2033년 상용화 목표로, 앞으로 15년을 개발해 나가면 한국이 초고성능 엔진을 개발해 내지 못할 이유도 없음. 김대중 대통령이 KFX 전투기를 입안했다면 문재인 대통령은 6세대 전투기를 입안한 대통령으로 기억되어야 함. 엔진만 제대로 개발해내면 6세대 전투기의 반을 개발해낸 것과 진배없음. 2) 레이져무기 : 한국도 1990년대부터 개발해 오고 있음. 국방과학연구소의 레이져무기 부문에 좀 더 많은 인원을(전문인력 200명 충원) 신규로 투입하여 개발 역량을 획기적으로 끌어올려서 선진국과의 차이를 줄이고 궁극적으로 15년후에는 능가할 필요. . 다른 한 갈래는 미국의 그라울러를 능가하는 전자전기를 10년 대계를 세워서 개발해 내고, 2030년경 KFX 전투기에 탑재시킨 한국형 KFX 전자전기를 개발할 필요가 있음. 이렇게 하면 대한민국의 항공산업은 눈부시게 발전할 것이며, 선진적인 일자리들을 창출할 수 있을 것임. 6세대 전투기는 출발은 늦었지만 2035년에는 대한민국이 가장 앞서겠다는 각오로 임할 필요가 있음. 6세대 전투기 경험이 있으면 7세대 전투기 분야에서도 앞설 수 있을 것임. 항공산업의 선진국에 진입하는 것임. 앞으로 닥칠 일을 번연히 알면서도 행동을 하지 않는 것은 일종의 죄악을 저지르는 행위임. 앞으로 6세대 전투기 시대가 온다는 것은 누구나 알며, 그 핵심이 무엇인지도 누구나 아나, 아무도 행동하지 않고 있는 것이 문제임. 우리는 2019년부터 6세대 전투기용 개발 준비에 들어가야 함. 관련된 곳인 카이스트, 한국항공우주산업, 두산중공업 등이 지금부터 움직여야 함(한화에어로스페이스는 현재 미국 보잉, 록히드마틴 등에 많이 납품하고 있어서 그들과 척지면서 신형의 전투기 엔진을 개발할 형편이 못됨)",외교/통일/국방,2018,2018-09-30,9,Not answered,6세대 전투기 개발 착수
petition_0084,올해 5년차 예비군입니다. 그런데 이 예비군이란게 매년 바뀌고 적응 할라치면 달라져 힘든게 한두가지가 아닙니다. 작년에는 전투를 가정해서 저녁을 먹어야 한다고 식당에 어거지로 끌고 간적도 있으니 말 다했습니다. 전쟁중에 평범하게 식당서 밥을 먹을수 있을까는 차지 하더래도 말이지요 오늘 안산 예비군 훈련장과 지역 동대 그리고 51사단 모두 전화를 해봤습니다. 제가 문의한 내용은 향방작계 훈련의 무조건적인 야간전투 입니다. 오후 5시부터 훈련을 시작해서 6시간 훈련을 받고 오후 11시에 훈련을 마칩니다. 이게 과연 일상 생활에 전혀 지장이 없을까요? 직장 다니시는 분들이 예비군을 갈때 회사서 5시 훈련이라 하면 그날 회사에 나오지 말라고 할까요? 나와서 일하다가 가라고 할까요? 그날 근무 시간이 야간이신 분은 대타를 구하기 쉬울까요? 아니면 가뜩이나 힘든 야간 근무에서 다른 분들 고생이 더 클텐데요? 오늘 위에 언급 했던 전화 통화에서 제가 느꼈던 건 이번 정부에서 강조했던 소통이 예비군 훈련에 관해서 전혀 일절 통하지 않는다는 겁니다. 여직 그랬고 올해 전반기 향방 작계 까지는 12시 시작이던 훈련이 일절 설명과 통보없이 5시로 바꼈는데 그게 상급 지휘대인 육군 본부에서 회의를 해서 그렇게 내려 보냈다고 합니다. 예비군 훈련을 직접 하는 자신들도 이에 관련되서 여러 민원 전화 통화도 받았고 위에 설명도 했다는데 어쩔수가 없다고 합니다. 육군 본부에 민원을 넣는게 더 좋을 거라면서 말입니다. 예비군들은 현역이든 혹은 공익 또는 사회복무요원이든 모두 나라를 위해서 자신의 시간을 2년 동안 희생 했습니다. 그리고 나와서 또 6년을 간간히 희생해야 합니다. 근데 그런 나라는 예비군을 위한 생각은 일절 전혀 안 하는 거 같습니다. 육군 본부와 예비군 훈련소인 같은 군인 끼리도 소통을 안하는데 우리와는 할까요? 제발 나라를 위한다고 나라를 위해야 한다면서 위와 같은 불통은 그만 해주시면 좋겠습니다. 예비군 훈련을 없애 달라는 것도 아닙니다. 그저 지금과 마찬가지 시간으로 하고 그것을 함부로 회의를 했다고 하면서 고치지 못하도록 해주십시오,외교/통일/국방,2017,2017-09-15,0,Not answered,향방작계 훈련 야간 훈련 변경 불만 사항 및 설명 요구
petition_0085,통일을 하게 되면 북한에 도로를 깔아주고 건물을 세워주고 하느라 세금이 많이 들어서 경제파탄이 온다는 사람들이 있지만 제 생각은 다릅니다. 북한을 남한처럼 강력한 나라로 만들어 줌으로써 그들 스스로 강성해지게끔 도와줘야 한다고 생각합니다. 물론 처음에는 세금이 많이 들수는 있지만 초기에 확실하게 북한을 도와줌으로써 북한이 스스로 설 수 있게끔 되면 북한에 대한 지원을 조금씩 줄여 나가면 되는 겁니다. 북한은 남한에게 전혀 위협이 되지 않습니다. 오히려 북한을 강력한 나라로 만들어 주면 우리 남한 외교에도 많은 도움이 될거라 믿습니다. 대통령님께서 북한과 남한 서로 동등한 위치에 설 수 있도록 많은 인도적 지원을 해주었으면 합니다. ^^,외교/통일/국방,2018,2018-04-29,6,Not answered,통일을 위해서 남한은 북한에 대한 인도적인 지원을 확대해야 합니다.
petition_0086,북한과 미국 둘다 그만 해라.. 한국을 뭘로 보는거냐.. 답은 간단해. 북한은 핵 포기하고. 미국은 그만 도발하고. '둘'다 '동시'에 '그만해.' 북한은 핵 보유국 인정받아서 뭐하나? 인정받으면 미사일 쏠수나 있나? 인정 하냐 안하냐는 중요한것도 아니다. 이미 북한이 핵을 갖고있는건 전세계가 다들 알고있다 인정 받으면 모하나? 경제가 좋아지나? 이미지가 더 강해지나? 전세계가 인정하고 우러러보기나 하는가? '핵'을 가지고 있는것 '자체'가 '도발'이라고 생각 안하는가? 왜 자신들은 그 도발은 아무렇지 않게 당연한거고 미국의 압박은 왜 잘못된건가? 솔직히 미국도 잘하는것같진 않다. 북한 도발 적당히하고.. 한반도 전쟁 불안감 안겨주는거 적당히 하시고.. 한국은 중간에서 뭐하나? 그냥 미국 중국이 전쟁하면 하는데로 따르는건가? 대한민국 국민들이 불쌍하다. 중간에 껴서 이게 뭐야.. 문재인대통령님은 미국..추미애는 중국.. 도데체 왜 한국은 중심은 못잡고 있는지.. 아진짜 국민만 죽어난다... 전쟁나면 국민들만 죽지 고위공직자들은 다 해외 도피 합니다. 제발 그리고 박사모와 일베들.. 전쟁좀 부추기지 마시죠.. 북한도 죽지만 당신들도 죽습니다. 안죽을것 같죠? 죽어요. 북한은 핵 보유국 인정 쓸모없는짓이고. 핵 자체가 도발이고 미국도 적당히 하시고.. 한국은 주체적 입장좀 정확히 하길 바랍니다. 박사모와 일베들은 전쟁 부추기지 맙시다.,외교/통일/국방,2017,2017-12-03,1,Not answered,북한과 미국은 그만해라..한국은 가운데서 샌드위치?
petition_0087,우리나라랑 북한이랑 갈라선지도 70년이 되었고 이젠 북한하고 우리나라는 문화 정치 경제 모든면에서 완전히 다른나라가되었다. 현상황에서마저 북한하고 우리나라가 조상이 같다는 이유만으로 단일민족이라는 말을 내뱉으며 한국인은 조선시대의 혈통을 이은 사람만이 한민족 한국인이라는 발상은 여러민족이 섞여있는 현대사회에서 굉장히 파시즘적인것이며 민족주의적인 발상이다. 만약 북한과 남한이 조상이 같다는이유만으로 한민족이면 영국과 미국도 한민족이고 일본도 백제신라민족 여러명이 건너가 문화를 전파했으니 우리나라랑 같은민족인가? 그런식이면 몽골은 동아시아 전체권과 통일해야 정상이다. 현재 국내엔 수없는 많은나라에서 이주해서 살고있는 피부색다르고 출신 다른 한국인이많이있다. 이런사람들이 현 정부의 한민족정책을 보면 무슨생각이들까? 북한은 이제 더이상 우리나라랑 한민족도 아니고 이젠 갈라서서 서로 다른길을 가야할때다. 그놈의 정통성과 역사때문에 현재 살고있는 한국국민이 고통받는일은 더이상 없어야 할것이다.,외교/통일/국방,2018,2018-01-21,7,Not answered,북한과 우리나라가 같은민족이라는 발상은 민족주의적이고 파시즘적인 발상이다.
petition_0088,안녕하십니까 현재 대한민국에 살고있는 학생입니다 제가 고려인에대한 정부의 올바른 대응이 중요하다고 생각하게 된 것은 어느 방송사 고려인의 삶에대한 다큐멘터리를 보게 되면서 부터 였습니다. 여러분 고려인의 삶에 대해 알고 계십니까? 저도 잘 알지 못합니다. 하지만 제가 지금 조금이라도 알고있는것은 그들이 우리나라에 올 수 없는 상황에 있기때문에 타국에서 무국적 상태로 살고 한달 월급의 3배를 넘는 돈을 비자를 얻기위해 5번이나 신청해서 내고 우리나라에 오면 한국인들의 편견에 맞서야하고 타국에서 너무 열심히 살아서 남의나라에서 잘살게 되었다고 집에서 살해당하고 불타서 죽고 몽둥이로 맞아서 죽고..다리에서 밀려서 죽고 그래도 외국 경찰은 대응도 해주려 하지 않는데...제발 우리나라 국민이라도 대응 좀 해주세요... 우리나라 동포입니다...그들이 그렇게 무국적이고 소외되고 있습니다. 그래서 고려인들에게 국적을 주는 것이 어떨까요?? 미국 한인만 우리 동포입니까...고려인도 동포입니다... 제발 도와주셔요... 부탁드립니다 국민여러분....,외교/통일/국방,2018,2018-06-13,6,Not answered,고려인은 어느나라 사람인가요
petition_0089,"군의관 대신 영업사원이 ‘대리 수술’…3년 전에도 적발 이게 나라입니까? 죄 없는 병사들을 마루타삼아서 연습하거나 그것도 못 해서 의료 기구 영업 사원에게 시키고 있습니다. 이게 나라인가요, 나라를 위해 희생하는 병사들에 대한 예우입니까? 군병원 다 없애주십시오. 그리고 아프거나 다친 병사들은 가까운 민간병원 그것도 최고의 병원에서 돈 한 푼 들지 않고 치료와 재활까지 마칠 수 있도록 보장해주세요. 누가 군대가겠습니까? 그리고 군대 간 것이 왜 이렇게 죄가 되어야만 합니까?",외교/통일/국방,2018,2018-10-15,6,Not answered,군병원 없애주세요.
petition_0090,"현행 헌법4조에 ""대한민국은 통일을 지향하며, 자유민주적 기본질서에 입각한 평화적 통일정책을 수립하고 이를 추진한다.""라고 되어있는데 대통령께선 북한의 세습체제를 보장해주어야된다고 하셨고 북한정권의 붕괴를 바라지 않는다고 하셨고 그 어떤 흡수통일, 무력으로인한 통일도 지양한다고 하셨습니다. 이런 식으로 이루어 질 수 있는 통일의 형태가 어떤 것인지 궁금합니다. 과연 헌법4조에 나온 '자유민주적 질서에 입각한 평화적 통일정책'을 수호할 의지가 있는지 궁금합니다.",외교/통일/국방,2018,2018-05-31,2,Not answered,통일에 대해 궁금합니다.
petition_0091,"국방부 장관님 안녕하십니까? 모든 국방전반에 책임지시면서 항상 모든일에 바쁘실줄로 알지만 불편을 드려서 미안합니다. 저는 광양시 광양읍 덕례리 오성 타워멘션 아파트에 살고 있는 사람입니다. 과거에 국방부에 민간인 피해 신고서를 제출하였으나 민간인에 대한 서류는 아에 없다는 통보를 받고 다시 한번 글을 올립니다. 과거에 광주, 광산구청에서 평동 포사격장 오발 사고로 인한 민간인 피해 신고서를 제출하여 지금까지 기다려도 아무 연락이 없어서 다시 박근혜 대통령시대에 국민 권익 위원회에 신청을 하여 봤습니다만 관련법이 없으며 오래된 사건이라 어찌할 수가 없다는 데, 또한 광산구의 지역 김동철 국회의원께 편지를 보냈으나 아무런 회신이 없기에 이렇게 문의합니다. 그 사격장으로 인하여 사고를 당한 사람이 상당히 많은 줄 아는 데 아무쪼록 바쁘시더라도 답변을 부탁드리며 꼭 연락하여 주시기 바랍니다. 내용은 이렇습니다. 때는 박정희 대통령시절 저희 어머니께서 1977년 6 월경 들판에서 일하고 집으로 오시던 중 갑자기 평동 포 사격장에서 포탄 파편이 날아와서 마을 사람 김**씨 (사망 처는 생존) 소는 그 자리에서 즉사하고 제 어머니는 그 파편으로 인하여 엉덩이 부분을 심하게 다쳐서 국군 통합병원 ( 당시에는 송정리 )에서 치료를 받았으며 사고 후 3 년간 투병생활을 하시다가 휴유증으로 사망을 하였습니다. 물론 많은 시간이 지난 줄을 알지만 누구나 부모님이 계시고 억울하게 돌아가신 내 어머님을 생각할 때마다 가슴이 아련한 마음이 듭니다. 따라서 지금까지 피해 보상이나 아무런 통보도 받지 않아서 여기에 글을 올립니다. 과거 박근혜 대통령시절 광산구청에서는 국회 특별법을 만들어서 그 후에 피해보상이 들어가야 한다는데 어느 시점에 될련지 모르며 또한 너무나 시간이 많이 흘린줄 알지만 과거 박대통령시절에는 내가 나이가 어렸으며 아버지는 농사일을 하셨기 때문에 연락을 취해야 되겠지만 사는 것이 워낙 바쁘다 보니까 이제 와서 연락을 드립니다. 꼭 확인하시어 빠른 연락을 바랍니다. 감사합니다. 만약에 어머니의 사건이 없다면 어디로 신청을 하면은 될련지 모르겠습니다 꼭 회신부탁드립니다. 그렇지 않다면 과거의 사건을 재조사를 요구해야 되는데 어디로 하면은 될련지 꼭 부탁드립니다. 어머님성함 ; 조** 1929. 3.27 일생 주민등록번호 2*****-******* 아버님 : 임 ** 본인 : 임 한 회 1960. 7. 5 주민등록번호 ******-******* 과거에는 순천시 해룡면 우미 아파트에서 살았으나 지금은 광양읍 덕례리 오성타워멘션에 살고 있으며 전화번호는 010 – 6721 –5396입니다. 2018 년 12 월 1 일 [본 게시물의 일부 내용이 국민 청원 요건에 위배되어 관리자에 의해 수정되었습니다]",외교/통일/국방,2018,2018-12-03,0,Not answered,광주 포사격 오발사고에 대하여 재조사를 요구합니다.
petition_0092,청풍명월 118호 (2018.3.28) [ 격변으로 요동치는 물결 ] 행정사 겸 공인중개사 : 고홍인(그랙픽디자이너)경매전문가 그리고 바닥돌 기공 지금 비밀리에 북한 김정은 위원장이 중국을 방문하고 있다는 정보가 거의 사실로 유력하다. 사실이라면 김정은 정상의 위치에서 외국 출국도 정상회담도 처음이다. 이처럼 한반도의 주변정세가 격동기다. 평화의 물결에 따른 선순환의 승화작용이냐 아니면 악순환으로 급선회할 것이냐에 따른 추측이 무성하면서 미묘하고도 복잡하게 얼키고 설키는 다양한 분석의 시나리오가 요동치고 있기 때문이다. 따라서 나름대로 6개국의 관심과 역할도 분주하게 회오리치고 있는 변화의 지각변동은 그 어느 때 보다 더 메가톤급의 규모와 격변의 비정상의 변화가 감지되고 있기 때문이다. 향후의 일정도 주변 관계국들의 정상회담이 예정된 맥락에서 이러한 정황으로 미루어 엿보이는 것은 다분히 평화의 선순환의 개연성이 예측되고 있다고 보여 진다. 그러면서도 도사리고 있는 매복의 협곡은 없는지 심대하고도 지대한 분석과 관심이 대두되고 있다. 죽느냐 사느냐의 일촉즉발의 위기로 돌변할 수 있는 확률도 배제할 수 없기 때문이다. 이러한 역학관계에 있어서 선순환의 상승작용과 평화의 운전자 역할을 담당하고 있는 문재인 대통령의 선도적이고 관계개선 조율이 긴요하게 요구되고 있는 위치이기도 하다. 위대한 평화의 업적을 남길 것인가! 일촉즉발의 조마조마한 재앙의 위기를 초래할 것인가! 문재인 대통령에게 선택의 여지는 없어 보이지만 날렵하고 미묘한 틈을 놓치지 않는 날카로운 개입의 순발력을 발휘할 수 있도록 교섭과 조정의 역할이 이른바 운전자론이다. 그러나 만약 이러한 일련의 조짐들이 악순환으로 급선회 한다면 아마 이번만큼은 사상 처음으로 최첨단이면서도 대규모 전쟁의 재앙을 모면할 수 없을 것이다. 선순환이냐 악순환이냐의 분수령에서 한반도의 평화와 재앙의 기로에 놓여진 상태이다. 나아가 세계평화도 동일한 기로에 놓여진 상태라고 보여진다. 만약 이러한 한미북간에 전쟁에서 중국이 소극적으로 개입한다면 확전은 없겠지만 적극적으로 개입할시 세계대전으로 확전될 확률은 급상승될 수도 있다. 평화의 선순환 운전자론으로 관계개선의 절묘한 유도와 이러한 미묘한 함수관계를 잘 조율하고 한반도에서 전쟁만큼은 절대 불가하다는 배수진도 평화의 운전자 문재인 대통령의 역할에서 세계 평화의 독보적인 업적으로 남겨지기를 희망한다. ( )단체메시지,외교/통일/국방,2018,2018-03-28,0,Not answered,격변으로 요동치는 물결
petition_0093,"안녕하세요. 이번에 진행된 우리 대한민국 예술인들 평양 공연 잘 봤습니다. 이제 통일을 향한 지난한 망망대해에 발목 정도 담근 거지만, 뭐 물 온도는 나쁘지 않네요. 앞으로 날씨도 구릴 수 있고(북한의 변덕), 중간에 해적을 만날 수도 있으며(중/일의 훼방), 선상 반란도 일어날 수 있지만(자유한국당의 훼방), 동맹인 미국과 함께 긴 항해를 해쳐나가 통일이라는 신대륙에 닿길 바랍니다. 아침에 유투브를 깨작거리다가 영화 '명량'의 비디오 클립을 몇 개 다시 보게 되었는데요. 우리 대한민국이 아시아에서 가장 잘 만드는게 음악 컨텐츠 말고도 영화가 있지 않습니까. 북한 사람들이야 '장군님이 축지법을 쓰시는' 영화나 꾸역꾸역 눈에 우겨 넣었을테니, 현대극은 좀 공감을 사기 어려울거고, 그렇다면 사극 영화나 드라마를 보여주는게 어떨까 싶어서요. (아, 사극의 옷을 입고 연애하는 퓨전 사극 말구요.....) 떠오르는 영화가 명량이나 영원한 제국, 남한산성, 암살 등등이 있네요. 드라마는 용의 눈물, 정도전, 태조 왕건, 뿌리깊은 나무 등등이 있구요. 분단 이전의 공유하는 역사를 기반으로 하는 영화들을 북한 사람들에게 보여주면 받아들이기 쉽다고 생각합니다. 특히 명량의 경우 극한의 상황에서 적의 군함을 까부수는 통쾌함에, 자신들이 아직도 국호로 쓰고 있는 '조선'의 승리를 담은 영화라, 치사량 이상의 국뽕을 선사할 수 있다는 생각이 드네요. 아 물론, 임진왜란 역시 '장군님의 직계 조상이 축지법을 쓰셔서 막았다'라고 가르친다면.... 뭐 얘기가 좀 다르지만요. (갑자기 다 때려치고 북폭이 하고 싶어지네요 이 생각을 하니) 아무튼 우리 한국에서 잘 만들어진 사극 영화나 드라마를 (다시 강조하지만 사극 옷 입고 연애하는거 사절요) 북한 사람들이 널리 보게 하여 동질감을 조금씩 회복해 나가는 작업이 필요하다고 생각합니다. 지금 정부가 추진하는 대북 정책은 탑다운입니다. 바텀부터 치고 올라가는 민간 교류, 문화 교류 역시 병행되어야 한다고 생각합니다. 그래야 이 정부가 추진하는 대북 정책이 강한 관성과 바람의 흐름을 가지고, 위에 언급한 기상 악화(북한의 변덕), 해적 조우(중/일의 훼방), 선상 반란(자유한국당의 훼방)을 이겨내고 신대륙으로 천천히, 하지만 확고한 방향으로 항해하는 범선이 될 수 있습니다. 검토 부탁드립니다. 감사합니다.",외교/통일/국방,2018,2018-04-08,5,Not answered,북한에서 영화 '명량'을 상영을 추진 합시다.
petition_0094,"이제 남북 정상회담이 성사되면 ""종전"" 논의까지 된다고 합니다. 이처럼 평화가 정착되어 가는마당에;; 남성들에게만 희생을 강요하는 남성병역제를 계속 실행할 이유가 없어졌습니다. 인생의 가장 중요한 시기에 왜 남성들에게만 계속 병역을 강요하는 것입니까? 지금이 조선시대 입니까?? 시대의 흐름에 맞게 현행 남성징병제를 모병제로 바꾸고 남녀 모두에게 기회를 주는 남녀평등 모병제로 바꾸는 정책을 만들어 주십시요.",외교/통일/국방,2018,2018-04-19,5,Not answered,남녀평등 징병제 도입과 모병제 도입.
petition_0095,"중국 불법 어선들의 조업으로 수산자원 고갈에 우리 어민들의 생업이 계속 피해를 입고 있습니다. 중국어선들은 우리 해경과 대한민국을 무시하고 바보로 알고 있습니다. 총탄이 아니라 포를 쏴 침물 시켜야합니다. 아니면 중국어선 격침을 위해 특수 부대를 만들어 연구하게 하여, 사고를 통해 침물시키는 방법등, 지능적인 부대 창설이 필요합니다. 이 문제를 가볍게 여기지 말기 바랍니다. 이 문제는 침략행위입니다",외교/통일/국방,2018,2018-05-19,6,Not answered,불법 중국 어선 강력 대응(격침요구)
petition_0096,"남북한의 흡수통일은 남북한의 정신적, 경제적인 차이가 심해서 흡수통일을 하면 수많은 문제를 야기합니다. 개선방안 바람직한 통일은 남,북 수장의 전략이 필요하다고 생각합니다. 북한수장은 우선 핵을 폐기하겠다고 하고, 며칠뒤 화학무기를 폐기하겠다고 하면 북한에서 이런 말이 나올떄마다, 남한 수장은 맞장구를 쳐서, 세계평화 여론을 형성한뒤 남북한 땅 전체를 DMZ(비무장지대)로 선포해야 합니다. 그리고 두체제가 공존하는 통일을 한뒤, 10년 이상을 북한발전을 위해 국내외적인 협조를 모색하여, 두체제의 수준이 비슷해졌을때, 여론형성을 하여, 남북한 공동 투표로 하나의 대통령을 뽑아, 통일을 해야 한다고 생각합니다 이와 동시에 세계 기아 프로젝트와 인류대민사업을 병행햐야 합니다. 그래야 하늘이 축복해서, 대한민국이 평화의 땅이 될 것이라 믿습니다. 그리고 대한민국이 지금까지 해온, 제조업등은 해외에서 하고, 연수國이 되어야 합니다. 국내에서는 건강연구, 과학연구, 인문과학연구, 인성연구를 하여 해외에서 국내로 연수받으러 오게 하여, 경제발전을 해야 합니다. 기대효과 1.대한민국의 자연환경이 좋아집니다 (제조업이 아닌 연수국으로 경제가 발전하므로) 2. 대한민국은 世界人의 硏修國이 되어 많은 외화를 법니다 3.세계기아프로젝트와 인류대민사업으로 天, 地, 人이 합일할 것입니다. 그리고 세계인이 대한민국 국민에 대해 우호적으로 변할 것입니다. 4.통일비용 전혀 없는 평화통일이 되어, 살기좋은 나라가 될 것입니다",외교/통일/국방,2018,2018-07-11,1,Not answered,제가 생각하는 바람직한 남북 통일.....
petition_0097,"문재인 대통령님, 대한민국 오천백만 국민들의 대통령님. 어린이와 노인, 청년과 장년, 군인과 노동자들, 경찰과 시위대, 보수 시민들과 진보 시민들의, 우리 모두의 대통령님. 우리 손으로 뽑고 우리가 감시하는 대한민국 헌법기관 대통령님. 우리 국민 모두가 생각하는 대통령님의 국정 철학은 사람이 사람답게 사는 세상, 사람이 먼저인 세상에 방점을 두고 있습니다. 국가가 국민의 생명을 책임지는 세상. 억울하고 눈물나는 사람이 국가에게라도 위로를 받는 세상. 그것이 우리 모든 국민의 합치된 의사인 줄 압니다. 그것이 문재인 대통령님의 국정 철학인 줄 압니다. 그것이 새로운 대한민국의 첫 발판인 줄 압니다. 대통령님, 지금 정말 차갑고도 차가운 곳, 누구에게나 잊혀진 곳에서 조용히 눈물을 닦으시는 분들이 있습니다. 남북 갈등의 소용돌이에 휘말려 목숨을 잃으신 분들, 그리고 그 가족분들과 전우이신 분들이 저 붘녁 하늘을 고요히 바라보면서 눈물을 흘리고 계십니다. 대통령님이 하신 말씀, ""국민의 생명과 안전에 관한 국가의 책임은 무한책임이라고 여겨야 한다."" 국가의 구난 시스템 미비로 목숨을 잃으신 세월호 유족분들, 그리고 어군탐지기 달랑 하나 장착된 배를 타고 나가 목숨을 잃으신 천안함 유족분들. 국가가 재난시스템을 제대로 운영하지 않아, 국가가 방위무기를 제대로 운영하지 않아 피해를 입으신 순수 피해자이신 분들입니다. 국가는 이분들에게 빚을 졌습니다. 그 빚은 보상으로, 사과로 갚을 수 없습니다. 문재인 대통령님, 김영철 국장의 방한에 이들이 눈물을 흘리고 있습니다. 문재인 대통령님, 평화의 대의 아래 사람이라는 극대의가 눈물을 흘리고 있습니다. 세월호 유가족분들을 만나주셨습니다. 천안함 유가족분들을 만나주십시오. 분명 욕을 먹으실 것입니다. 눈물과 원망을 들으실 것입니다. 그래도 만나주십시오. 그곳에서 유족분들에게 이해를 구해주십시오. 이야기 하나하나를 놓치지 말아주십시오. 부탁드립니다. 그것이 문재인 대통령님의 국정철학을 이루는 방법입니다. 그것이 대한민국 국민들의 통합을 이루는 길입니다. 그것이 천안함 폭침 사건 유족분들의 가슴에 물든 멍자국을 닦을 수 있는 일입니다.",외교/통일/국방,2018,2018-02-25,9,Not answered,대통령님이 눈물 닦아주십시오
petition_0098,"개혁은 무슨 개혁? 그냥 깨끗히 없애야 됩니다! 말귀를 잘 못알아 듣는건지? 자꾸 개혁이니 30%축소니 하는 것은 유치한 겉치레일뿐 ~ 환부는 완전히 안도려내고 적당히 진통제/영양제나 먹이고 메이트업 시킨다고 건강해집니까? 비스무리한 권한을 그대로 넘겨주면 또 다른 이름으로 부활하는 거지~ 진화론상 부활할 때마다 더 강해지는 걸 모르나?? 변천사: 방첩대 => 보안대 => 기무사 => 이번엔 어떻게 진화한 괴물이 나올라나?? 더더 진화하면 악마 수준이 된다. 예: 히틀러의 SS, 소련의 KGB, 모택동의 홍위병, 북한의 정치군관 --- 이들이 없어졌거나 없어진다고 세상이 안좋아졌습니까? 아니면 망합니까?",외교/통일/국방,2018,2018-08-04,9,Not answered,기무사를 완전 폐기하고 엇비슷한 권한을 가진 새 사령부 창설은 절대 반대합니다.
petition_0099,"일제시대 문화말살 한국어 파괴를 위해 책동된 일본어 기준 국제 표기방법 일본어 가나 철자법 기준으로 쓰이고 있다. 기득권 권력을 유지하며 연구와 기술 개발까지 방해하는 문체부 국어정책과 무능과 사악한 변명으로 학문의 본질조차 왜곡하고 패거리 작당하는 국립국어원의 학문 파괴를 규명하고 훈민정음 기반의 세계인을 위한 디자인 표기 기술까지 찬란한 문화 전통을 계승발전 시켜야 하겠읍니다. 훈민정음의 기본자 초출자 모음 원리를 부인하는 일본어식 5모음 규정,,, 최고의 발음 기호인 최고의 언어기준과 문자 체계 한글의 존재 를 부정하는 일본식 발음표기의 괴변 국어 표준 발음법과 그를 핑계댄 국어로마자표기법의 일본어 발음 기준 규정,.. 식민지 시대의 부역자가 간첩이 아니라면 있을수 없는 일들이 우리 대한민국 문화 정책에서 일어나고 있다는게 분통한 일입니다. 힘모아 연구하고 개선해 냅시다.",외교/통일/국방,2018,2018-11-24,0,Not answered,한글파괴 일제 문화침략 국어로마자표기법 수사하고 책임자 처벌하라
petition_0100,유도 혼성 단체 8강전 . 국제 대회 자카르트 아시안게임 에서 일어나고 대한민국의 현 주소입니다. 대회 주최측의 경기결과에 대한 판정에 대해 우리는 항상 통보를 받기만 할뿐 현장에서는 힘없는 약자일뿐이네요. 대한민국의 대표팀을 대한민국의 수장이신 최고의 국가대표 문재인 대통령께서 선수님들을 지켜주시기 바랍니다. 외교가 강해야 대한민국의 국민이 강해진다고 믿습니다.,외교/통일/국방,2018,2018-09-01,9,Not answered,대한민국은 일본속 그림자인가요?
petition_0101,"전기를 수입한다는 예기인데,., 전기는 국가 존망이 달릴 수 있습니다. 전쟁을 하면 제 1차 타격이 전기망인데 전기를 수입을 하겠다면 제2의 사드와 북한의 변심으로 전력망을 끊어 버리면 어떻게 하실려고요? 친환경을 추구 하면서 전기차 산업을 키우지 않겠다는 것으로 보입니다. 전기차가 많아지면 전기 수요는 증가 할 것인데 요 중국과 러시아 일본은 탈원전 안한다고 확실하는 것으로 보시는 것이에요? 중국은 전기차 대국인데 전기가 남지 않을 것인데..... 탈원전 대책이 친환경 발전이 아닌 전기 수입인 것인가요?",외교/통일/국방,2018,2018-12-11,20,Not answered,이게 사실 입니까?
petition_0102,"(핵심주제) 양심을 이유로 병역을 거부하는 자가 군대가 아닌 다른 곳에서 대체복무를 하게 하려면, 1. 그것이 “국방의무”에 속해야 하고, 2. 현역복무가 대체복무보다 전혀 불리하지 않아야 하며, 3. 대체복무에 지원할 기회는 양심을 지닌 누구에게나 개방돼야 한다. 대체복무 제도는 적어도 이 3가지를 충족시켜야 한다. (주제내용 설명) 1. 대체복무가 국방의무에 속해야 하는 이유는, 국방의무는 다른 의무로 대체될 수 없기 때문이다. 그래서 양심적 병역거부 문제의 해결은 대체의무가 아니라 대체복무인 것이다. 나라의 평화와 번영은 국민들의 의무수행 없이는 실현되기 어렵다. 교육의무 납세의무 노동의무 모두 국가의 번영에 없어선 안 될 조건들이다. 그 중에서 국방의무는 무력을 통해 자국의 평화를 유지하는 수단이다. 때론 침략전쟁의 도구로 악용되기도 하고 자국 국민을 무력 통제하는 수단으로 남용되기도 한다. 이런 양면성을 갖고 있음에도 불구하고 대부분의 국민들은 국방의무를 이 땅에서 살아가는 사람으로서의 당연한 책무로 여겨 수행해 왔다. 이는 실재하는 주변국의 무력으로부터 자국국민 및 가족의 생명과 주권을 자주적으로 보호할 수 있는 거의 최후적 수단이기 때문이다. 따라서 다른 의무보다도 이 국방의무를 수행하지 않을 경우에는 엄중한 형벌이 따른다. 국방의무는 본질적으로 납세의무나 다른 의무로 대체될 수 있는 성격이 아니다. 그러므로 “양심적 병역거부”의 문제를 해결하기 위해서는 대체의무가 아니라 대체복무로 하는 것이다. 다시 말해 이 대체복무는 국방의무 영역 안에서 이루어져야 하는 것이다. 2. “양심적”이냐 아니냐는 국가가 나서서 일일이 판단하려 들지 말아야 한다. 일정한 기준을 정해놓고 판단하는 과정이 쓸데없이 소모적일 뿐 아니라 그 결과에 대한 공정성도 확보하기 어렵다. 그렇게 하는 것은 매우 피곤하고 미련한 일이다. 병역거부에 대한 이유는 매우 다양하고 누구에게나 나름의 타당성이 있는 것이므로, 대체복무 제도는 양심을 지닌 모두에게 기회를 개방하는 게 공평하다. 일부 종교적 사상적 신념만 양심의 자유로 인정하고 각자 소중한 미래의 꿈은 인정하지 않는다면, 그래서 몇몇 조건에만 대체복무 지원 자격을 부여한다면 그것은 원천적으로 불공평하다. 대체복무는 누구에게나 기회가 열려있는 공평한 제도로 가야 한다. 그래야 불평이 없다. 정의로움은 기회의 공평에서 출발한다. 3. 이를 실현하기 위해서는 “비양심적(?)” 병역거부자들은 지원을 꺼릴 수 있는 정도의 복무기간과 업무종류와 근무조건이 전제되어야 할 것이다. 그렇게 하여 대체복무가 자연적으로 병역회피의 수단이 되지 않도록 한다. 업무종류와 근무조건에 따라 복무기간을 달리 할 수도 있다. 국방의무에 해당하는 대체복무 분야와 수요는 극히 제한적이므로 해마다 필요한 인원수를 정하고, 공군현역의 1.5배 이상으로 복무하되 각자의 희망 복무기간을 신청 받아 희망기간이 긴 순서대로 지원자를 선발하는 것도 한 방법이 될 수 있겠다. 이참에 현재 시행되고 있는 병역특례 제도를 없애거나 개선하여 대체복무로 통일한다. 국방의무에 해당하는 업무여야 하고 현역과 마찬가지로 합숙복무로 하고 예비역 복무도 동일해야 하는 건 당연하다. 4. 한편, “양심적 병역거부”라는 용어에는 문제가 있다. 누구에게나 있는 양심을 일부에게만 적용할 수는 없는 노릇이고, 국방의무를 회피하려는 것도 아니므로 “거부”라는 표현을 쓰기는 어렵다. 따라서 이는 문제적 논의를 유발하는 “양심”이라는 관점을 배제하고, 담백하게 “병역 대체복무 지원” 정도로 쓰는 게 낫다. 따라서 시작이 어찌되었든 “양심적 병역거부자”가 아니라 그냥 “병역 대체복무 지원자”에 대한 정책이 되어야 한다. 소수자를 포용하되 그것이 다수자에게도 공평해야 정의로워지는 것이다.",외교/통일/국방,2018,2018-11-06,15,Not answered,양심적 병역거부자의 대체복무에 대한 정책의 원칙을 제안합니다
petition_0103,안녕하세요 요즘 기사릉 많이 접해보다가 이렇데 글을 올립니다. 군 전역자로서 이렇게 글을 올립니다. 요즘기사가 외부업체&핸드폰 사용 등 기사가 많이올라오는데요. 대통령님께서 군대 갔다오셨다고 하셔서 국방을 너무 헤이해지게 만드는것 같다고 생각이듭니다. 1)제설작업 외부 업체 생기는건 좋은데 제설 작업 굳이 외부 업체가 안해도 된다고 생각이 듭니다. 군필자로써 저희가 했던것 요즘애들 안된다 말이 안됩니다. 인권문제로 그런것 같은데 전 군필자 모독 실천인것 같습니다. 07군번 저희때는 추위떨면서 하라는것 다 시키면 했는데 요즘 애들 군무도 제대로 못하는데 말이 안됨. 제설 작업 그만한 장비를 더 보퉁해 준다면 된다고 생각듬 예)제설 차량 각 지약에 놀고있는 장비 남아돔 공무원들 출근시간안됨 일안함. 안움직여서 국비 충단 노는 장비 많음 노후장비 군대 보네셈 2)핸드폰 이건 진짜 안해됨. 요즘 위병소 가 위병소가 아님 부대 겸열 제대로안해서 핸드폰 부대마다 병사가 가지고있는게 어마어마하게 많음 저희때도 그런거니간요 핸드폰 안되는게 안보... 예)병사 계급장 달고있는데 외박.외출.휴가등인데 버스안에서 핸드폰 만지고 놈 신고 하는법을 모르고 해야할까하는 생각에 귀찮은데 안함. 3.기타 군인이 사복등 입고 외출 외박 많이함 아떻게할까용~ 군 안에 있으니간 복귀&출퇴 확인안하니깐 증만 확인하징 기사중 통제구역 제한. 이건 예전부터 가능한것임. 사복입고 다니간. 헌병대가 밤에 다니닌것두 아니고 암튼 밖으로 군대 좋게 만드지말고 안으로 좋게 만드세요 그것도 군인답게 실행 옴길려면 군필자 .예비군 한태 설문 통해서 해주세요 요즘 군인 군인이 아님 보초도 못하는게 군인임? 대북 정책 좋지만 전쟁나면 어떻게 하실라공? 그리고 병사도 좋지만 부사관되 나름 힘든직업 골구로 잘 챙겨주세여.... 아니되는건 하지맙시다,외교/통일/국방,2018,2018-05-21,5,Not answered,군대가 군대가 아닌데. 뭘 더 좋게 하냐~
petition_0104,우리나라는 아직까지 휴전 국가 입니다 언제 전쟁이 일어나도 이상하지 않을 나라라는 이야기죠 대통령님 이하 정치에 힘쓰시는 분들 항상 응원하고있지만 이부분은 정말 아닌거 같습니다 다시한번 재고 하시고 철회 하셔야 맞습니다 북한과의 관계 발전을 위한 초석이라 하지만 아직도 북한의 핵문제는 해결된 것이 없으며 국민들은 아직도 불안에 떨고 있습니다 대한민국의 주적은 북한군인이라 배웠습니다 그 북한군의 동향을 살피는 GP초소를 없애는 것은 휴전국가에서 도저히 말이 되지 않는것이라 생각합니다,외교/통일/국방,2018,2018-08-21,21,Not answered,GP10개소 철거 검토를 철회해 주세요
petition_0105,"방탄소년단 아질지 모르겠습니다만..지금 활동시기입니다..그래서 뮤직비디오라는 노래동영상?이랄까하는 아이돌의 영상이 있습니다 그런데 그7억이 넘는 조회수를 라이선스제공자인 일본분들이 삭제한다는 소리입니다 말이됩니까? 몇백만이면 이런소리도 안합니다7억이 무슨 작은수입니까? 막 없애는 숫자게..그리고원래 이런것은 한국이돈벌고,회사가 돈벌어야되는것인데 지금 일본사람들이 다 번다는 말입니다 또 방탄소년단이라는 존재는 한낱 아이돌,가수가 아니라 세계적으로k-pop을 알린 존재이기도 합니다 각종뉴스,언론을 타면서 말이죠..그래서 국내최초로 빌보드차트에 오르기도했습니다..우리나라에 역대가수에 손꼽힐정도로 성장했는데 그 일본분들 때문에 묻혀갈 것 같습니다..이 뮤직비디오 말고도 다른 몇억조회수의 뮤직비디오도 다 조회수가 없어졌습니다 괜히 방탄소년단의 빠순이가 아닙니다 이건 문제가있습니다..왜 저희가수한테만 일본분들이 조회수를 몇억이나 삭제했을까요?답답해서 올렸습니다 꼭 봐주시길..생각보다 심각합니다..정말화가납니다 (방탄이한 업적들-빌보드차트 국내최초 오르기,세계에k-pop이라는 것을 알림,팬들을 생성함으로서 소속사의 주식도올리고 돈을벌음,그 돈으로 기부..등)더 있습니다..끝내겠습니다 저는 진심으로 청원을 올리지만 어떻게 봐주실지는 모르겠습니다..",외교/통일/국방,2018,2018-08-28,1,Not answered,뮤직비디오 조회수를 깎아놓는 일본분들 화가납니다
petition_0106,안녕하세요 e스포츠에 관심이 많은 사람중 한사람입니다 스포츠를 보시면 올림픽에 금메달을 따면 군면제가 되는데 저는 e스포츠선수들도 이런 비슷한게 필요하다고 생각합니다 요즘 세계에 많은 사람들이 게임을 하고있는데요 예를들면 리그오브레전드라는 게임을 보시면 이상혁이라는 선수는 게임대회에서 3번우승하면서 대한민국이라는 나라를 알리고 있습니다 이런 선수들은 군면제가 필요하다고 생각합니다,외교/통일/국방,2017,2017-12-17,0,Not answered,e스포츠선수 군면제
petition_0107,"2010년3월26일 천한함 북한피격사건이 발생했습니다. 모두가 북한이 저지른 일이라고 하지만,북한이 했다는 증거는 없었다고 합니다. 그래서 정확한 사실을 알 수 없습니다. 또,선내에있는 형광등이 깨지지 않았다고 합니다. 폭격을 받았다면 형광등이 깨지지 않을 리가 없습니다. 형광등으로 방탄복 만들어도 된다는 것입니까? 말이 되지 않습니다. 이를 정확히 알려면 천안함재조사가 필요하다고 생각합니다. 이 사건을 국민들이 정확히 알 수 있게 도와주세요. 대통령님의 현명한 선택을 기다리겠습니다.",외교/통일/국방,2018,2018-04-01,40,Not answered,천안함 재조사가 필요합니다.
petition_0108,노무현 김대중 대통령이 평양 갔을때 인민군사열 받았다고 우리가 김정은이 온다고 국군이 그놈한테 경례를 한다고요? 우리 노무현 김대중님은 무기들고 핵들고 총들고 누구 죽이는 나라 대통령이 아니라 자유 평화를 지키는 민주주의 국가 수장이니 그리고 돈보따리 선물 들고가니 하는척 해준것이고 우리 국민을 총쏴죽이고 우리해군을 수장시키고 우리나라 본토에 포사격해서 국민 죽이는 나라의 우리의 주적이라 명시된 나라의 원수놈 한테 우리국군이 왜 고개를 숙이고 예를 표합니까 이건 절대 안된다고 봅니다,외교/통일/국방,2018,2018-04-26,18,Not answered,김정은 국군 의장대사열 말이 안되요
petition_0109,자유한국당이 북한 김영철이 천안함 폭침을 지시한 장본인 이라고 주장하며 방남을 반대하고 있습니다. 천안함에 대하여 아직도 국민들은 의문을 품고 있으며 원인과 과정에 대해 갑론을박하고 있습니다. 미국의 한 언론은 천안함을 한미합동 자작극이라고도 했습니다. 천안함이 북한 어뢰공격에 의한 폭침이란 증거가 단 하나라도 있습니까? 오로지 보수권력의 주장만 있을뿐입니다. 세상에 어뢰폭팔로 동강난 천안함 절단면에 왜 화약흔이 없는 것인가요? 혹시 미국이 관여되어 있어서 재조사하면 무리가 가기 때문에 그냥 묻어가는것인가요? 앞으로 더이상 정치가 정부가 국민을 속이는 일은 없어야 합니다. 불필요한 소모전을 끝내고 명백한 사실로서만 천안함을 말해야 합니다. 반드시 재조사해서 진짜 범인을 밝혀야합니다. 이건 많은 국민의 소망입니다.,외교/통일/국방,2018,2018-02-23,31,Not answered,천안함 재조사
petition_0110,"지금 그것이 알고싶다를 보고 글을올리지만 이 문제는 오래전부터 반복되어 왔습니다. 의무적으로 군대를 가야하는 나라에서 무슨일이 벌어지면 책임지려하지 않는 모습, 숨기려하는 모습 과거부터 너무 많이 반복되어왔습니다. 증거까지 나온상황에서 미제까지 갈수있으려면 도대체 어떤 권력이 있어야 덮을수있을까요? 결과보고는 어떤 이유로 유가족들에게는 늦게알렸을까요? 군부대의 이런 가려진모습들이 이제 사라져야되지않을까요? 지금시대에 너무도 맞지않는 사고방식과 행동을 보이고있는데 군대에 왜 의무적으로 남편이될수도있고 아들들이될수도 있는 사람들을 보내야하나요? 환경이 믿음직하게 개선이 된 후 나라와 군대를 믿고 우리의가족들을 의무로 보내라 하는게 맞지않나요? 우리나라는 부정부패로 전직 대통령이 4명이나 구속되었습니다. 그만큼 군사정권의 부정부패도 무시못하고 가장 큰 문제라고 생각합니다. 그만큼 반복도 많이되어왔구요. 자신의 가족이 그런일을 당한다면 어떨까요?",외교/통일/국방,2018,2018-03-25,42,Not answered,염순덕상사 사건
petition_0111,우리 헌법상 국민의 4대의무는 1.국방의 의무 2.납세의 의무 3.근로의 의무 4.교육의 의무 이다.... 그런데 왜 남자만 4대의무이고 여자는 3대의무인가.... 힘이약해서?? 그럼 지금 여군들은 뭐하는 사람들인가... 애를 낳아야해서?? 그럼 남자들처럼 만20세가되면 의무적으로 낳던지.... 애를 낳는건 의무가아니라 권리이다...비교대상이 되지 않는다 군대에서는 힘든일만 있는게 아니다....수많은 행정의무 및 대체복무도 가능하다 분단국가에서 여자만 뺀다는게 왠 말이냐....같이 고통분담하라.... PS) 그리고.... 남자화장실에 여자청소부 수치스럽다...남자청소원으로 교체하라....미친 페미님들아,외교/통일/국방,2018,2018-10-29,10,Not answered,국민의4대의무 남자만??? 왜 여자는 3대의무
petition_0112,미국이 우리나라에 불리하게 경제정책을 하면서 현정권의 국민지지도를 흔드는것 같습니다. 뭐 그렇게 당한적이 처음은 아니지만 언제까지 주변강국의 정책에 우리나라정부의 존립까지도 흔들려서야 되겠습니까. 계속 북핵폐기만 권유하지말고 일부자유한국당의원들 주장처럼 북한을 핑계삼아 우리도 핵보유하고 그리고나서 북한과 관계를 이어가는게 좋을것같은데요 반드시하자는건 아니고 그런태도를 보이면 미국도 한국을 달래려는 어떤태도가 나올겁니다.,외교/통일/국방,2018,2018-02-20,1,Not answered,미국의 불합리한 경제정책
petition_0113,"이스라엘은 엘리 코헨이 죽은 지 53년이 지나도록 그의 유품과 유해를 추적하고 있다. 사방이 적들에게 둘러싸여 있으면서도 오히려 그들을 너끈히 제압하는 이스라엘의 힘은 바로 나라를 위해 몸바친 이들에 대한 이런 철저한 예우와 보답에서 나오는 것이리라. 대통령이 민족사상 최대의 전란이었던 6.25행사를 외면하고, 국방부는 연평해전 전사자들을 추모한다면서 ‘순직’ 운운하는 헛소리를 하다가 국민들의 거센 항의를 받고서야 '착오'였다고 변명하는 대한민국과는 달라도 너무 다르다.",외교/통일/국방,2018,2018-07-09,4,Not answered,보훈은 대통령이 입으로 하는 것이 아닌 행동으로 해야한다.
petition_0114,북한석탄...어떻게 된겁니까?? 관세청에서 북한걸로 확인 했다는..기사를 봤어요. 유엔제제 위반 아닌가요? 정부가..이걸 알고도 막지 못한건가요? 그럼... 우리경제는...지금보다 더 상화이 나빠지겠네요. 이게 나라인가요? 국민이 먼저라면서요... 왜..투표를 했는지..점점 땅을 치고 후회가 되네요. 북한.북한.북한!! 그만좀 하시라구요! 난민도...싫습니다!!! 다시...국민들이 촛불을 들고 거리로 나올지도 모르겠네요. 쇼는...이제 그만하시고...대한민국 국민을 위해 일해주세요!!,외교/통일/국방,2018,2018-08-01,9,Not answered,북한석탄!!
petition_0115,"분단의 상징인 판문점이 아닌 평화의 상징인 판문점이 되기를 국민의 한 사람으로서 소망합니다. 한국전쟁 휴전당시 당사국이었던 미국과 북한, 그리고 한국의 정상들이 그 비극의 현장에서 한반도의 평화를 넘어 세계의 평화로 나아가는 기념비적인 역사의 명장면을 꼭 보고 싶습니다. 북미정상회담 판문점 개최! 한국정부가 나선다면 성사시킬 수 있습니다. 꼭 부탁합니닷!!!",외교/통일/국방,2018,2018-05-01,71,Not answered,북미정상회담 판문점 개최를 성사시켜주세요!
petition_0116,"거두절미 하고 간단 명료하게 작성하겠습니다. 예비군 분대별 평가(조기퇴소 및 추가훈련)을 개인 평가로 변경부탁드립니다. 예비군에 참여하는 누구나가 알겠지만 꼭 참여해야 하기에 강제로 가는것이지 정말 본인이 기뻐가는 경우는 드뭅니다. 그중 분대 단위 점수제로 진행되는 평가.. 자율 참여를 위해 점수제로 조기퇴소 및 추가훈련을 진행하지만, 완전한 비밀보장도 아닌 누구나 볼수 있는 점수시스템.. 좋은 분위기가 형성될수도 있겠지만, 잘못하다가는 큰 사고 일어날수 있겠더군요. 제가 다녀온 훈련장에서는 스트레스를 견디지 못해 자체 퇴소 하는 인원도 있었는데요... 안그래도 없던 전우애를 더 없애고, 특정인을 다수가 비하하는 상황이 많이 나왔습니다.. 가끔 일어나는 예비군 총기사고, 왜 일어나는지 알것 같더군요.. 점수제 조기퇴소로 자율참여를 유도하는것은 좋습니다. 하지만 분대별 점수제, 그것도 누구나가 쉽게 볼수 있도록 완전히 오픈되어 있는 점수제.. 과연 정말 옳은 일인지 생각해보게 됩니다..",외교/통일/국방,2018,2018-06-29,2,Not answered,예비군 분대별 평가를 개인 평가로 변경해주세요..
petition_0117,"파주에서 전원주택을 개발하는 하는 사람입니다. 군사시설보호구역이라는(국경 25키로이내) 명분아래 군협의를 거쳐야 하는 지역이라 한달이상 소요되어 군협의후 건축을 시작하였습니다. 건축과정중 경미한 변경이 생겨 파주시에서는 재차 군협의를 받으라하여 9사단 군보실까지 직접 문서를 들고 협의차 갔으나 2주에 한번씩 심의후 순차적으로 처리한다는 답변만 듣고 왔습니다.한달 이후 심의를 열어 현장답사후 문제없으면 군협의처리할수 있다는 원론적인 답변만 들었습니다.기다릴수 없어 1평남짓 설치된 샷시및 일부를 철거,원상회복절차를 진행하고 군협의를 포기하였습니다. 파주,일산은 도시화가 급격히 진행되고 주변에 아파트및 개발이 많아 군협의는 한달에 80-90건 접수되고 있다는 9사단 작전처 직원 이야기를 들었습니다. 그러면 인원을 보충, 자주 심의를 하던지,민원인들을 줄세우는 작태는 없어져야 할것입니다.건축보다 더 어려운 군협의의 갑질 형태를 막아 주십시요. 인근 파주 적성,관탄을 관할하는 인근 25사단은 파주시와 행정위탁체결로 군협의없이 파주시 자체 검토만으로 신증축이 가능 하다고 알고 있습니다.행정절차의 간소화는 주민 불편해소와 사유재산권침해,지역경재 활성화에 도움이 될것인데 지역 형평성에 맞지 않게 더 후방에 있는 일산에 소재하는 사단은 그렇지가 않습니다.",외교/통일/국방,2018,2018-04-19,0,Not answered,군부대 인접지역 군협의(동의)절차 개선
petition_0118,체르노빌 지역도 30년이나 넘게 출입불가 지역입니다. 그런데 일본의 후쿠시마 원전 피해는 체르노빌의 11배가 된다고 합니다. 과연 도쿄 앞바다에서 잡은 물고기 안전할까요? 후쿠시마 및 일본지역에서 생산 되는 농작물은 안전할까요? 그리고 일본의 방사능 폐기물도 싼값에 수입해 온다고 하던데 사실인지 궁금합니다. 또 방사능이란게 사람 몸에 잠복했다가 10~20년후에 나타난다고 하는데 훗날 끔찍한 결과가 나올까봐 엄청 걱정됩니다. 지금 일본인들도 한국 여행오고 한국인들도 일본 여행 가는데...이러다가 큰일 나는것 아닌가요...? 정부에서 조사 좀 제대로해서 알려주면 감사하겠습니다.,외교/통일/국방,2017,2017-09-24,0,Not answered,"일본 방사능 농,수산물 출입금지"
petition_0119,"저기 보여주기식 언제까지 할거임? 너한테 대통령이라 부르기도 참 아깝다. 왜 대통령이라 불러야하지? 똑바로 하는것도 없는데 말이야, 저번에 일본하고 중국 만났잖아 . 근데 중요한 애기는 쑥 빼더라 일단 일본한테 후쿠시마수산물 수입금지 및 후쿠시마에서 생산되는 전품목에 대해서 강력한 수입금지 의지 말했니? 그리고 그 일본한테 진 패소건에 대해서는 철저히 준비하고 있니? 당연히 쫄아서 말도 못했겠지만 뭐 우리가 일본보다 잘하는게 뭐가 있니?핸드폰도 겉 껍데기만 우리꺼고 안에 내부 핵심기술들은 일제 및 미제 유럽산들인데, 일본보다는 한참 밑이지 그지? 그러니까 말도 못하고 일본 꼬봉역할 하는거지 나는 지금도 일제강점기시절이랑 다르지 않다고 생각해 그리고 중국한테는 미세먼지에 대해서도 당연히 상대가 안되고 이미 기술력은 중국이 앞서나가고 있으니 뭐 기대도 안했다만 역시 재인이야. 북한한테 퍼주고 정상회담으로 감추고 숨길려고 하니까 좋더냐? 언제까지 감출수 있는지 보자. 너가 왜 높은지도 이해 못하겠고 박근혜나 명박이랑 너도 똑같은것 같애",외교/통일/국방,2018,2018-05-15,2,Not answered,아주 보여주기식 정치 달인이시네요.
petition_0120,유치원 어린이집 영어수업을 막는다는것은 정말 어처구니 없는것이 아닐수 없습니다. 교욱부에서 유치원이나 어린이집에서 어떤식으로 영어수업이 이루어지는지 한번 다녀와보신적이 있는지 묻고싶습니다. 현장을 본다면 이런이야기를 할수 없습니다. 특기선생님들은 밤새 고민고민을 합니다. 어떻게 하면 영어를 좀더 재미난 놀이로 만들수 있을까... 주말에 하루를 놀이영어 수업을 위한 만들기 시간으로 할애를 하고 있다는걸 아시나요? 학부모들이 원하는걸 무시하고 또 어린아이들의 욕구를 무시하고 책상에 앉아 그냥 이건 이러니 금지 저건 저러니 금지 이게 누구를 위한 정책입니까? 일자리 창출은 고사하고 이일로 일자리를 잃게될 선생님들과 또 사교육에 뛰어들어야하는 학부모들.. 정권이 바뀔때마다 애가 타는건 엄마들뿐인가요? 자식 다 키워놓은 정치인들은 아이들에게 그닥 관심이 없으신가요? 전문가들도 그렇습니다. 학습영어인지 놀이인지 알고 하시는 말씀이신가요? 현장에 한번으라도 오셨나요? 묻고싶습니다.,육아/교육,2018,2018-01-10,260,Not answered,유치원 어린이집 영어수업 금지 반대
petition_0121,안녕하세요. 3살 1살 두딸아이를 키우고 있는 워킹맘입니다. 요즘 저출산시대에 둘이나 힘들게 키우고 있지만 아이를 낳고보니 왜 낳아 키우는지 알겠습니다. 부모가 된다는게 얼마나 값지고 멋진일인지요.. 첫째나 둘째나 출산휴가 3개월은 의무적으로 썻지만 육아휴직을 맘놓고 쓸수 있는 회사는 그렇게 많지 않을것입니다. 옛날엔 요즘 같이 흉흉하고 무서운일이 그렇게 많지 않았던건 힘든생활이었어도 남편은 바깥일 엄마는 아이를 집에서 키워야 하는게 당연한일있습니다. 그러다보니 아이들 정서나 애착형성도 안정적이었을겁니다. 요즘같이 맞벌이세대에 3개월 고작 애보고 직장으로 돌아가는 엄마들은 불안정애착 아이들로 인해 너무 힘들겁니다. 그런아이들이 자라면서 사건사고도 더 많아지는거 같구요.. 양육수당도 좋고 출산장려금도 좋습니다. 하지만 애는 엄마가 키워야한다는 옛말이 틀린게 아니기에 그렇게 키울수 있는 환경이 먼저 개선되었으면 좋겠습니다.,육아/교육,2018,2018-12-07,9,Not answered,육아휴직 의무화
petition_0122,방금 기사를보고 용기내 처음으로 청원합니다~너무 가슴 아프고 막막합니다~떠들썩한 어금니 아빠사건 보다 덜하지 않는데...기사만 한줄 나온것 같아 맘이 상합니다~존경하는 대통령님 ~15년 이라니요~너무 적지않습니까? 세월은 너무도 빠른데 그 아이가 견뎌야할 시간은 참으로 더딜것 같습니다~견디기도 전에 큰아빠라는 사람은 출소를 할테지요~겨우 태어난지 6년된 아이지 않습니까........너무 처참합니다~,육아/교육,2017,2017-10-23,4,Not answered,6살 조카를 큰아빠가 성폭행...
petition_0123,보통 학교 등교시간이 8시30분입니다 학원때문에 집에 늦게들어오는 학생들이 많습니다 집와서 잔다고해도 11시~12시쯤됩니다 8시 30분까지 등교할려면 적어도 7시에서 8시사이엔 일어나야하는데 늦게일어나면 아침밥 먹을시간도 없어 안먹고오는 학생들도 많고 피곤해서 1교시 2교시는 거의 다 자고있습니다 자는 학생들보면 수업가르치는 선생님들도 할 의지가 없을꺼고 늦게 등교하면 벌점을 주기때문에 영향도 많습니다 피곤하지않게 충분히 자고 씻고 아침밥도 든든히 천천히 먹고 학교가 먼학생들도 걸어올 시간이 넉넉하게 선생님들도 육아하시는분도 많은데 준비하시게 10시를 등교로 정하면 좋겠습니다.,육아/교육,2017,2017-10-05,2,Not answered,등교시간을 10시로 해주세요
petition_0124,"중학생 아들을 둔 아빠입니다. 초등학교 때 부터 느낀 것인데, 아이가 학교 갈때 가방을 들어보면 너무 무겁습니다. 가방의 부피 자체는 제가 학교를 다닐 때보다 크지 않은 것 같은데, 무게가 더 나가는 이유는 교과서가 대부분 너무 좋은 종이로 만들어져 상당히 무게가 나가기 때문입니다. 이렇게까지 좋은 종이를 써서 값도 더 나가고 (그럼 교육예산도 더 들겠지요), 학생들을 힘들게 할 이유가 없다고 생각합니다. 무거운 배낭을 한쪽 어깨에만 걸고 다니는 아이들도 많은데 한창 크는 나이에 자세가 비틀어지지 않을지 걱정도 됩니다. 교과서는 교육 차원에서 재생지로 만들어도 좋다고 생각합니다.",육아/교육,2018,2018-09-29,5,Not answered,초중고 교과서 종이를 싸고 가벼운 것으로 쓸 것을 제안합니다
petition_0125,"저는 10월부터 기간제교사를 하고 있고, 만 72개월 미만의 자녀를 둘이나 양육하고 있는 엄마입니다. 올해까지는 일을 하지 않으려 하다가 갑자기 하게 된 일이라서 애들이 적응할 틈도 없이 유치원과 어린이집에 가장 먼저 등원하고, 가장 늦게 하원을 하게 되었습니다. 3개월 남짓이긴 하지만 한편으로는 대출이자라도 갚자.. 라는 맘으로 시작했는데... 기간제교사의 육아시간을 쓰게 해달라 했더니... 교장재량이라고만 합니다..ㅠㅠ 계약기간이 짧긴 하지만 교장재량이라고 하니 교장은 당연히 안된다 합니다.. 무슨 기간제교사한테 육아시간이냐면서...ㅠㅠ 그리고 연가일수 책정하는 것도 어이가 없는 게 첫째 출산전까지 일을 해서 경력이 7년이고, 호봉 승격과 더불어 연가일수도 보장되어야 하는 거 아닌가요? 계약기간에 준하여 연가일수가 책정된다는 게 말이 됩니까? 기간제교사도 육아시간 학교장 재량이 아니라 정규교사와 같이 보장해 주세요..",육아/교육,2018,2018-11-08,26,Not answered,기간제교사도 육아시간 쓸 수 있게 해주세요.
petition_0126,"안녕하세요. 우선 힘드네요 또 마음이 많이 아픕니다. 저는 두 아이의 엄마입니다. 가해자를 두둔해주는 사회의 이런 방식....너무 잘 봤습니다. 저희 큰 아이는 올해 초등학교에 입학했습니다. 같은 반에는 선생님 말씀에 따르면 정신연령이 5세정도 밖에 안되는 친구가 있습니다. 학기초에 가해학생이 저희 아이 팔을 가위로 긁어서 선생님과 말씀을 나누다가 알게 되었습니다. 그 뒤로 같은 반 친구들이랑 같이 그 아이를 꽤 챙겼나 보더군요. 다른반 친구 말에 의하면 저희 아이가 돌봄 교실에 가는데 가방을 들어주기도 했다더군요. 그러던 어느 날 학교 돌봄시간 외주수업 줄넘기 시간에 사건이 터졌습니다. 앉아있는 저희 아이 목을 가해 학생이 줄넘기로 조른것이지요. 제가 안일하게 생각한 것인지....제가 담임선생님께 부탁드려서 사과의 자리를 마련했습니다. 저희 아이가 사과를 제대로 받지 못해서 사과 받고 넘어가려 했었습니다. 그런데....교감선생님은 이해하라는 식으로 말을 하시고 가해학생 학부모는 사과를 안 하더군요. 8살짜리(5세의 정신연령)에게 이건 니가 해야하는 거야 라는 말만 하더군요.... 결국 학폭을 열었으나 학교폭력이 아니라는 결과만 받았습니다. 그 이유는 목을 조른 일이 처음이였고 가해학생측이 반성을 많이 하고 있으며 어린 나이기에 정신적인 영향을 고려해서라고 하더군요. 저희는 재심을 넣었습니다. 이건 저희 아이의 생사와 연관이 된 문제였고 저희 아이 인성발달에도 큰 영향을 주는 문제였습니다. 아직 재심 판결은 보지 못 한 상황이지만 제가 저희 아이의 일을 말씀드리는 이유는 한 가지 입니다. 정신과 치료를 언제까지 받아야 하는지 기약 없는 저희 아이는 있는데 아주 즐겁게 학교 생활을 하고 있는 가해 학생이나 다 끝났다라고 생각하는 그런 학부모님 또 아이가 어려서 아무 생각없이 사고를 친다는 생각을 가지고 계신 선생님이나 아이들 문제라고 생각하고 대충 넘어가는 경찰이 있는 한 여중생 폭행사건은 다시 일어날 수 있습니다. 청소년 보호법은 폐지 되어야 합니다. 또 한 아무리 어려도 학폭은 엄중히 다스려져야 합니다. 저희 학폭 사건 경찰분 제대로 조사 하지 않으셨습니다. 학폭있는 날 경찰 분이 제게 묻더군요 ""가해학생 힘들거 생각 안하세요??"" 학폭이 제대로 잡히게 되면 점점 더 무서워지는 폭행들이 줄어들겠지요. 그러나 지금 처럼 가해자는 괜찮고 피해자는 속이 썩어들어가며 제대로 된 사과도 받지 못 한다면.... 법이 무슨 필요가 있을까요?? 이제는 법이 바뀌어야 한다고 생각합니다. 보호받아야 하고 이성적인 생각이 조금 부족할 수 있으니 이해 한다는건 생명에 연관이 없어야겠죠. 조금 만 더 심각해 지면 사람이 죽을 수 있는 상황이여도 법으로 보호를 받는다는건 지금의 어른들이 아이들에게 ""폭력을 써도 괜찮아"" 라고 가르치는거라고 생각 됩니다. 대통령님 그리고 시민 여러분 전 두 아이를 안전하게 키우고 싶습니다. 또 한 모든 아이들이 안전하기를 바랍니다.",육아/교육,2017,2017-09-05,1,Not answered,저는 학폭 피해 학무보입니다. 청소년법 폐지와 학폭은 엄하게 다스려야 합니다.
petition_0127,"안녕하세요 요즘 청년들이 많은 고시 및 자격증 등을 준비하고 있고 그에 따른 인력낭비가 심하다고 생각합니다. 특히 고시의 경우 시험이 1년에 한번꼴로 있고 1,2,3차로 나뉘거나 취득하는데 장기간이 소요되는데 너무 많은 청년들이 거기 얽매여 있습니다. 이는 많은 시험들의 진입로가 넓고 많은 청년들에게 희망고문을 하기 때문입니다. 청년들은 1,2차를 합격 후 3차에서 떨어지고는 조금만 조금만 더 하며 고시 등에 시간을 낭비하게 됩니다. 이러한 상황을 그나마 해결하기 위해 1,2,3차 각 시험간의 난이도의 조절보다는 애초에 진입로를 좁혀서 진입장벽을 높이는 방법을 택해야 한다고 생각합니다. 예를 들어 난이도는 그대로 유지하되 1,2차를 상대평가로 한다던지 2,3차를 절대평가로 한다던지 해서 집입로를 좁혀서 뜻이 없는 청년들은 빨리 다른 길을 찾아갈 수 있게 도와주고 일정한 기준에 충족하여 합격한 인원들에게 더 이상의 희망고문이 없도록 시험을 합격 할 수록 고시 등의 합격 확률을 높혀주는 방안이 필요하다고 생각합니다. 이상입니다.",육아/교육,2018,2018-02-21,0,Not answered,각종 고시 및 자격증에 관한 병목현상문제
petition_0128,"한채뿐인 집을팔고 나서 2억이 넘게올라 괴롭지만 문재인지지합니다. 그래도 당신을 지지할수 있게 희망을 주셔서 감사합니다. 내손으로 뽑은 대통령을 원망하며 지내는게 괴로웠답니다. 오늘 발달장애인평생지원 대책발표하셨다해서 희망을 보게됐습니다. 그동안 획일화된 공교육제도안에서 제각기 다른 인성과 지능과 어려움이 있으나 다른 교육을 선택할수 없어 꼭두각시처럼 의미없이 가방메고 학교에 다녀오고 지적을 당하고 엄마와 아이는 더 힘들어지고 학교는 아이를 더 망가트리고 이런 악순환이 계속되는 현실이 너무 이해가 안갔어요. 독일이나 핀란디아나 유치원자연생태교육, adhd전문대안교육 여러형태의 교육을 국가가 지원하지만 실상 대한민국은 획일화된 공교육하나에 무조건 아이를 끼워넣어 아이가 더 망가지는게 눈에 보이는데 다른 교육을 선택할수가 없답니다. 대안학교는 대부분 비인가이다보니 졸업인정이안되어 검정고시를 따로 준비해야하고 입학할때 500만원정도를 학교에 줘야하고 등록금이 매달 50만원인데다가 둘째도 의무적으로 그학교에 입학시켜야하니 여러가지 어려움이 있어 이러지도 저러지도 못하고 미치겠는 찰나에 이런 발표가 나와 너무 다행입니다. 대안학교도 공교육처럼 국가지원영역으로 끌어안아주세요. 사실 집값잡겠다는 정부말믿고 17년 12월에 집을 팔고 잠시 전세로있다가 4인식구 살만한 공간으로 다시 집장만하려했는데 전세난민으로 내집장만도 못하게 생겼고 큰아이 정서문제로 치료비도 너무 많이 들고 대안학교 보내고 싶지만 치료비에 등록금까지 낼 형편도 안되고... 18년도는 미친집값에 아이문제에 정말 죽고싶었어요. 저희 아이들 교육이라도 대한민국이 제발 책임져주세요. 열심히 키워서 이나라 일꾼으로 만들겠습니다. 부동산은 실패했지만 끝까지 잡아주시리라 믿을께요. 출산율도 중요하지만 낳은 아이들 잘키우는게 가장 중요합니다. 너무 잘하셨습니다. 감사합니다. 역시 이명박근혜랑 틀리시네요. 당신을 끝까지 지지합니다. 집값이 너무 올라 속상하지만 아이들 문제라도 도움을 받을수 있을꺼란 희망에 머리가 이제 좀 덜아픕니다.",육아/교육,2018,2018-09-12,1,Not answered,대안교육도 인가학교로 지정해서 졸업인정과 교육과정 지원해주세요.
petition_0129,중.고생 교복 입는 이유가 대체무엇인가요. 사복에 대한 빈.부격차를 줄이고 학생다운 품위도 중요하고 단정한 몸가짐도 옳지만 우선 학생 자신을 위한 교복이어야 하지않을까 싶습니다. 남학생은 바지.여학생은 치마를 입어야한다는 편견부터 없애야합니다. 추워도 더워도 스타킹에 속바지까지 챙겨입어야하는 불편함을 감수해야하는 여학생들입니다. 부디 여학생도 바지를 입게 해주세요. 그리고 여름엔 남학생.여학생도 모두 반바지교복을 입혀주세요. 덥고 답답한 양복식 교복말고 신축성소재로 보다 간편하고 세탁도용이한 디자인으로 만들어주세요 중.고등학생을 두고있는 부모들은 교복세탁도 너무큰 부담입니다. 학생들에게 부디 편안한교복을 입을수있게 배려해주세요.간절히 부탁드립니다,육아/교육,2018,2018-04-06,9,Not answered,중.고생 교복! 여학생도 치마대신 바지입게해주세요!
petition_0130,"재외동포교육진흥재단 홈페이지에 신정아가 총괄본부장(이사)으로 등재되어 있다. 신정아는 참여정부 시절 노무현대통령 비서실 정책실장이었던 변양균과의 불륜은 물론, 학력 위조와 횡령 사건으로 실형을 선고받고 1년 6개월간 실형을 살았다. 그 신정아가 지난 20일 미국 조지아주 애틀랜타에서 재외동포 대상 교육 현장에 등장하여 직접 강단에 올라 교육자료에 대한 설명도 했다. 신정아가 참가한 방문 연수 프로그램 등 방미 일정은 재외동포교육진흥재단과 교육부가 공동으로 주관했다. 2001년 설립된 재외동포교육진흥재단은 재외동포들에 대한 한국어와 한국 문화 교육 등을 담당하는 민간재단이다. 교육부의 예산을 지원받는 국정감사 대상으로 교육부는 재단에 관한 예산 편성부터 집행 단계에 이르기까지 국회 심의를 받는다고 한다. 학력 위조와 횡령으로 실형을 받은 사람이 어떻게 교육 단체의 총괄본부장이 되었으며, 교육자료 설명을 위해 직접 강단에 오른 것도 도무지 이해할 수가 없다. 범죄자 신정아가 피같은 국민의 세금을 써가며 교육에 관여하는 것은 국민을 우롱하는 일이며 천만번 부당하다. 청와대와 교육부는 국민에게 설명을 하고 신정아를 제명시키기 바란다.",육아/교육,2018,2018-11-25,9,Not answered,재외동포교육진흥재단 이사에 왜 범죄자 신정아인가?
petition_0131,"두눈에 피눈물이 흐릅니다. 40이 넘어서 딸아이를 낳았지만 생후 36개월도 안된 딸아이를 소아암으로 먼곳으로 먼저 떠나보내야했던 부모가 가슴을 움켜쥐며 하루도 눈물마를 날이 없이 하루를 살고 있습니다. 아이를 바로 가지면 환생해서 돌아온다는 주변의 말에 아이를 가지게 됐고, 둘째도 아프지 않을까 하는 걱정에 둘러쌓여 하루하루를 힘겹게 버티며 살아가고 있습니다.. 그런데 그런 부모가 약이 아닌 독을 주다니 ... 가슴이 터질것만 같습니다.. 정부는 하루라도 빨리 관련자 처벌하고 , 하루라도 늦기전에 부모들이 안심할수있는 조치를 내놓아야 할것입니다.. 하나밖에 없는 소중한 아이 다시 잃을까 무섭습니다",육아/교육,2018,2018-11-08,70,Not answered,경피용 BCG 사태
petition_0132,"저는 천안 성거초등학교 아이를 이번에 입학시킨 부모입니다. 다름아니라, 우리아이들이 안전하게 학교를 다녀아 하는데 학교앞 쪽 특히 파출소가있는 위체에 횡단보도가있는데 신호고장으로 몇년간 멈춰있다고 합니다. 사고도 있었고, 학부노로서 이건 아니다 싶어 청원합니다. 농어촌이라 더 무신경하긴건지.....적어도 횡단보도 설치한 곳은 관리를 해야지 횡단보고에서사고가 나도 무관심이고 처리가 안되어서 되겠습니까?? 적어도 이젠 아니지 않습니까??횡단보도 신호 고쳐주세요!!!!",육아/교육,2018,2018-04-20,2,Not answered,천안 성거 초등학교 앞 신호등고장 수리부탁해요!!!!
petition_0133,"'가난의 되물림은 교육비의 차이에서 시작됩니다.' '나는 할 수 없다'는 생각 또한 꿈을 이루기 위한 교육비에서 나온다고 생각합니다. 저소득층의 부모는 아이들의 기술을 배우거나 대입을 위한 학원을 보내거나 하기 보다 알바를 보냅니다. 자기개발과 공부를 할 여유가 없기 때문입니다. 제가 방과후 수업에서 가르쳐본 한 학생은 '건축 디자이너'가 꿈이었습니다. 그러나 건축 디자이너를 향한 발걸음은, 각종 입시를 위한 공부와 학원비나 유학자금이 필요했습니다. 차 생활 계층이었던 그 학생은 기본생활 소득자 전형도 볼 수 없었고 결국 꿈을 접고 방과후 수업에 나오지 않았습니다. 저는 그 학생을 돕고 싶었지만 사실상 크게 도움이 되지 못한 것 같습니다. 저와 학생의 입장 차이가 너무 컸습니다. 저는 교육에 대한 지원과 환경을 아낌없이 받아왔지만 그 학생은 그러지 못했습니다. 그래서 마음이 너무 아픕니다. 이후 취업을 위한 공부를 저는 또 편하게 제공된 환경으로 편하게 하게 됩니다. 그렇지만 선생님으로부터 또 다른 이야기를 듣게 됩니다. 교육비를 먹 튀하는 학생이 많다. 제발 한번만 봐달라고 하는데 어찌해야 할지 모르겠다. 물론 국가기관에서 제공하는 교육도 있지만 여러 사람의 후기들을 보면 시간만 버린다고들 합니다. 제가 그 시스템이 어떻게 굴러가는지는 자세히는 모르지만 소개하는 사람이 자기 수당을 받기 때문에 자신과 잘 맞지 않는 곳에 집어 넣어 엉뚱한 것만 배웠다는 이야기, 포트폴리오가 사설에서 배운 사람들에 비해 너무 모 잘라 취업이 되지 않는다는 이야기, 강사 또한 다른 곳에 취업이 안돼서 취업시켜주려고 고용한다는 이야기 등 많은 후기들 때문에 국가기관에서 기술을 배우기를 꺼려합니다. 진실인지는 명확하지 않지만, 대부분의 수강생들이 부족하다고 느낀다고 합니다. 대입도 그렇습니다. 저소득층 학생들에게만 지나친 의지를 요구하는 것 같습니다. 공부는 책만 있으면 된다고 하지만 사설의 유료 강의나 교재를 보면 더 외우기 편하게 정리돼있고, 학원의 교육은 제시간에 꼬박꼬박 시간 맞춰 공부하도록 돕습니다. 그래서 저는 저소득층 학생들과 취준생에게도 평등한 교육을 받을 기회를 위해 한국 장학 재단에서 생활비와 교육비를 취업 후 상환으로 대출을 해 주셨으면 합니다.",육아/교육,2017,2017-10-02,5,Not answered,한국 장학 재단에서의 저소득층 교육비 대출
petition_0134,"언제부턴가 '힌국의 있는 청소년'들은 거의 모두 밤늦게까지, 학원에서 공부를 하며. 저와 가까운 학생들은 거의 10시, 11시에 집에 귀가합니다. 뭔가 이상하다고 생각하지 않으세요? 저희 나라는 의무교육제입니다. 뭐, 그건 좋은거죠. 교육을 받고 싶어도 받지 못 하고, 학교에 기고 싶다고 하는 아이들이 있으니까요. 하지만 정말 문제는 도를 넘은 사교육과 자신의 개성과 개개인의 재능을 무시하는 것이라고 생각합니다. OECD국가별 순위를 보면 알 수 있지 않나요?? 사교육비 지출이 가장 높지만, 공교육비 지출은 하위권이라니.. 참, 공고육만을 받고는 빛을 볼 수 없는 터무니 없게 높은 수준의 수능 시험. 그리고 수능 점수만 보고 들어갈 수 있는 대학들과 좋은 대학을 나와야만 들어갈 수 있는 멀쩡한 회사.. 이게 문제란 거죠. 또, 청소년 자살률이 아주 높은편이며 아동 삶 만족도는 하위권인 나라. 그게바로 한국 입니다. 중간, 기말 때. 수능 때는 말할것도 없이 가해지는 압박과 장난이지만 장난이 아닌 많은 청소년들이 입에 달고 다니는 ""자살할까""라는 말. 아프니까 청춘이라구요?? 개소리하지마요. 아픈건 아픈거고 아프니까 청춘이다. 라는 말은 청소년들의 학업 스트레스와 턱 없이 부족한 청소년 복지를 꼰대 마인드로 정당화 시키는겁니다. 제가 요구하는것은 수능이나 시험 같은것의 수준과 집착 하락 입니다. 자신의 개성과 재능을 살려낼 수 있는.. 그런 한국을 만들어주세요.",육아/교육,2018,2018-06-02,7,Not answered,제발 학업에 대한 집착을 없애주세요.
petition_0135,유은혜의원 훌륭한 국회의원 맞습니다..하지만 임명자 스스로 위장전입했으면서 민주화운동 운운 하는건..대한민국 모든 학부형을 우습게 여긴다는 반증이자 민주화 운동하신분들을 욕되게 하는 언사입니다..전 유은혜의원의 교육철학도 이해하려고 합니다만..가장 기본적인 것부터 지키지 않는 분을 어찌 따를수 있을까요? 지명철회 해 주시고...주변에 간신배들 멀리하세요..지지자들 한 두명씩 돌아서고 있습니다ㅠㅠ,육아/교육,2018,2018-09-04,33,Not answered,대통령님..요즘 왜이러세요. 인사검증 싫망입니다
petition_0136,"이번년도에 고등학교 1학년이 되는 남학생입니다. 초등학교 중학교와 달리 고등학교는 돈을 지불하면서 다녀야 합니다. 70~80이 넘는 입학 등록금을 내시는 제 부모님이 너무 힘드실것 같습니다. 아침에 일하러 나가시는 부모님을 보면 저도 마음이 너무 아픕니다. 나 때문에 이렇게 고생하시는 구나 생각이 듭니다. 하지만 이번년도에 고등학교에 들어가게 되면서 교육비는 더 들었습니다. 고등학교도 못나오면 사람 취급도 안해주는 이러한 세상에서 고등학교 의무 교육 제도가 없다면 정말 가난한 사람들이나 사정이 있는 사람들은 힘들 것입니다. 제가 고등학교를 졸업하고 이게 받아들여져도 좋습니다. 세상에 많은 사람들에게 교육의 기회를 주고, 행복한 삶을 가질수 있는 기회를 줄수 있다고 생각합니다. 연말에 길을 가다보면 정말 괜찮고 아무 문제 없는 도로를 수리한다던가 일부로 바꿉니다. 이번년도에 돈이 남는다면 다음년도에는 그만큼 빠지고 돈이 들어오기 때문에 이렇게 연말에 공사를 많이 하는 것이라고 들었습니다. 제가 생각하기엔 솔직히 저런 불필요한 공사를 안한다면 고등학교 의무 교육제가 가능할것 이라고 생각이 듭니다. 육아에는 많은 돈이 듭니다. 태어났을때 부터 고등학교 대학교를 졸업할때까지 돈이 듭니다. 집안 사정으로 인해 학교를 못가는 사람들도 있을것이고 고등학교 대학교 등록금을 내기 위해 열심히 아르바이트를 하는 사람이 있을것입니다. 이러한 시람들에게 더 많은 기회를 주기 위해서 이렇게 청원을 합니다. 저도 이글을 쓰면서 부모님의 고난과 힘듦을 다시 돌아보게 되네요. 제발 고등학교 의무 교육제가 실시 됬으면 좋겠습니다.",육아/교육,2018,2018-02-03,5,Not answered,고등학교 의무교육 실시해주세요
petition_0137,"오늘도 또 한명의 어린 생명이 우리곁을 떠났습니다. 하루종일 애들과 씨름하면서 나라에서 만든 무슨 인증제인가 때문에 집에가서 서류를 하며 밤을 설치는 친구얘길 듣습니다. 분명 일어났으면 안될 일이 여름철이 되면 하루가 멀다하고 일어납니다. 분명 확인하지 못한 인솔교사에게도 문제가 있습니다. 만약 3일 밤낮을 지세우고 여러분에게 구구단을 외우라고 하면 100% 자신있게 외울수 있단 사람 없을겁니다. 사람을 탓할게 아니라 혹 누군가의 실수때문에 안타까운 일이 일어나지 않게 제도적 장치를 만들면 어떨까 싶어서 올립니다. 짧은 소견으로 방법을 생각해보니 1.비상벨 -아이들한테는 의무적이고 주기적으로 혼자 방치시 차량에 설치된 비상벨을 누르게 교육시키고, 비상벨의 도착점은 어린이집에서 가장 확실하게 인지할수 있는 장소를 선정하여 설치 2.동작감지 -잘은 모르겠지만 몇만원 안하는 선풍기에도 동작을 감지하여 돌아가는 기능이 있습니다. 차량내 동작감시등을 설치하여 세워둔 차량에서 동작이 감지 되었을때 바상연락이 될수있는 센서를 설치 위 두가지를 다 설치 (지금 즉시)의무화 하던지 안되면 하나라도 설치할수있게 지금즉시 의무화 하여주세요",육아/교육,2018,2018-07-18,30,Not answered,어린이 통근차량 비상벨 혹은 동작감지 장치 설치 의무화
petition_0138,"교육의 패러다임이 사람이 먼저인 방법으로 바뀌어야 합니다. 선생님의 학생폭행(체벌)은 가정폭력을 야기하고 사회폭력을 야기하며 왕따 학생을 양산하게 됩니다. 그리고 학생들에게도 분명 인권이 있으므로 선생님들은 학생들에게 존대말을 해주셔야 합니다.그리하면 학생들은 스스로 자존감이 높아질 겁니다. 교육과목도 세상을 살아가는 방법을 가르치는 일환으로 철학, 문학, 실생활 경제, 헌법과 법률, 생활수학, 평등한 성, 예체능 위주로 개편되어야 합니다. 이제 대학은 그리 중요하지 않습니다. 외국어도 앱만 깔면 소통이 다 되는 세상입니다. 우선 사람으로서 삶의 가치를 느끼며 살아갈 때 대통령께서 말씀하신 사람이 먼저가 되기 때문입니다. 일산에서 방희진 드림",육아/교육,2018,2018-02-07,1,Not answered,교육의 패러다임을 바꿔주세요
petition_0139,"다자녀에 쌍둥이도 포함히켜 주세요. 자녀 셋이상부터 혜택이 많고 얼마전 세자녀인 집은 대학 입학금도 지원해준다는 기사를 보았습니다. 쌍둥이는 동시에 똑같이 사야하고 학교도 같은 해에 다녀야 해서 그만큼 부담이 커질수 밖에 없어요. 아이들을 한꺼번에 키우니 돌보는 사람도 많아야 하고 뭐든지 똑같이 해줘야하기 때문에 예방접종부터 시작해서 분유,기저귀, 각종 장난감, 의복, 문화센터,유치원비, 각종 학원비, 그리고 대학등록금 등등 한꺼번에 비용이 들어가서 가정 경제에 부담이 될수밖에 없어요. 한반에 둘을 임신하면 단태아보다 몇배는 힘든데 고위험 산모로 쌍둥이 나아서 키우면서 왜 쌍둥이는 정부에서 어떤 생각조차 하시질 않는건지 궁금했습니다. 쌍둥이도 다자녀라고 생각해주시고 혜택도 마련해주시면 감사하겠습니다.",육아/교육,2018,2018-03-15,2,Not answered,다자녀에 쌍둥이도 포함시켜 주세요
petition_0140,"너무나도 더운 여름이 찾아왔습니다. 우리나라의 고등학생들은 이런 더운 날에 미래를 위해 방학에도 쉬지 않고 성실히 공부를 하는데, 학업에 노력을 붓는 것도 모자라 봉사시간 또한 채워햐 합니다. 이러한 봉사활동은 학습에 방해가 될 뿐 아니라 봉사활동 시간을 채우기 위해 참여 가능한 활동을 찾아보더라도 찾기 쉽지도 않고, 진로와 관련된 봉사활동은 더더욱 그러한 것이 현실입니다. 이렇게 어쩔 수 없이 입시를 위해 하는 봉사는 마음에서 우러나 하게되는 진실된 봉사가 아니라고 생각합니다. 오히려 봉사활동에 대한 반감만을 낳게 됩니다. 물론 봉사활동 자체를 입시 평가요소에서 제외해야 하는것은 아닙니다. 사회복지학과 등의 일부학과는 봉사활동의 시간도 어느정도 중요한 판단의 기준이 될 수 있겠다고 생각합니다만 이외의 봉사와 관련이 없는 학과에서 봉사활동을 평가의 요소에서 제외해야 합니다. 만약 그렇게 된다면 봉사를 하고싶은 학생은 더 봉사할 자리를 찾기 쉬울 것이며 다른 학생들은 학업의 성취도를 더 높이는 성과를 이룰 것 입니다. 봉사활동이 봉사활동에 대한 반감을 낳는 이런 모순된 현실을 개선하려는 적극적인 개혁이 필요합니다.",육아/교육,2018,2018-07-22,4,Not answered,교육부 장관님꼐 청원합니다.
petition_0141,"한국의 성교육에 문제가 있다고 생각합니다. 지금까지 성에 대한 것은 부끄러운 것으로만 생각되어지고 드러내지 않으려는 경향이 있었습니다. 하지만 저의 생각은 다릅니다. 성은 아름다운 것입니다. 그렇기 때문에 지켜야하는 것이지 숨겨야 하는 것은 아닙니다. 성을 아름답게 생각하고 제대로 지키기 위해선 정확히 알아야 합니다. 한국의 초등학교 중학교 고등학교에서는 성교육을 실시합니다. 그러나 아이러니하게도 조금씩 심화된 내용만 배울뿐 현실적인 성교육은 이루어 지지 않고 있습니다. 중학생과 고등학생은 성에 대해 관심이 많은 나이 입니다. 그렇기 때문에 더 잘 배워야 하는 시기이기도 합니다. 현재 성교육은 매우 퇴행되었습니다. 언제까지 정자와 난자만 배우고 많은 아이들은 야동을 통해 잘못된 지식을 쌓아야만 할까요? 그래서 저는 중학교와 고등학교 성교육에서 콘돔 사용법과 같은 피임법, 잘못된 성관계가 가져올 수 있는 성병, 성관계 등을 배울 수 있게 되길 바랍니다.",육아/교육,2018,2018-06-21,4,Not answered,한국의 성교육
petition_0142,안녕하세요. 예비 초등학생인 워킹맘입니다. 오늘 아침 기사를 보고 앞으로 생길 저의 일이자 대한민국 모든 엄마의 마음을 담아 글을 남깁니다. 녹색어머님회라는 안전 지킴이 우선으로 여기고 자원 봉사로 하는 좋은 활동이 이제 변질이 되어 워킹맘도 전업주부도 다 힘들게 하고 있습니다. 이름도 이미 성차별인 녹색어머님회로 엄마가 아침에 나가 등굣길에 서서 깃발 하나들고 비나 오니 눈이 오나 추우나 더우나 서서 아이들을 위해 안전을 지키는 일이 싫어서 청원하는건 아닙니다. 그저 그일이 워킹맘들한테 큰일이 되었습니다. 회사에 늘 월차를 낼수도 없고 다른 전업주부 엄마에게 늘 부탁해도 미안하고... 결국 어떤 사태가 나냐면요... 전업맘과 워킹맘 사이에 서로 불만과 미움과 오해를 일으키고 불화도 생깁니다. 또 아이들은 서로 비교를 하고 경쟁을 하게 합니다. 누구 엄마는 오는데 왜 엄마는 안와? 누구 엄마는 몇번이나 오고 엄마는 몇번... 심지어 참여를 잘하는 엄마는 선생님이 좋아하고 아닌 엄마들은 학교측에서도 싫어합니다.... 더 슬픈건 이런 일을 다 엄마목이 라도 생각하는 이 세상 교육현장 그리고 모든 사람들의 맘이라는 겁니다. 엄마가 해야해서 녹색 어머님회라고 하는데... 아빠가 하면 안되는건가요?? 왜 어버이회라고 안하고 어머님회라고 하는건지?? 여자들이 자기들도 이미 육아는 엄마꺼다 모조리 엄마만의 책임이다 라는 인식으로 이름을 만든게 아닌가 하는 생각에 자식을 키우고 교육하는 엄마로서... 이건 아니다라고 생각합니다. 성차별 없는 선진국으로 발전하게 아이들에게 모든 육아는 아빠엄마가 같이 하는거다 라고 가르치고 있는데... 초등학교 교육환경에서 잠재적으로 이미 성차별이 있으니 아이들이 보고 느끼고 배워 커서 똑같이 성차별을 할거 아닙니까?!! 그래서 봉사 활동이 이미 변질이 되었으니 녹색어머니회를 폐지해주시기 바랍니다. 감사합니다,육아/교육,2017,2017-12-11,8,Not answered,녹색어머님회 봉사활동 강제로 하지 않게 해주세요
petition_0143,학교는 공적인 공간이지 사적인 공간이 아닙니다 그런데도 불구하고 자기 아버지가 교장이라는 이유로 다른 사람들과 다르게 편하게 교사가 되는 사람이 있습니다 기간제 교사도 요즘 사람이 넘쳐서 되기가 힘든데 이걸 편하게 들어가는 사람이 있습니다 그리고는 수업시간에 자기 엄마한테 편지를 쓰라는 말도 안되는 요구를 학생에게 하네요 제발 이런 말도 안되는 일이 반복되지 않도록 처벌을 강화해 주세요 우리나라의 미래를 위해서요,육아/교육,2018,2018-11-04,7,Not answered,사립학교 비리 '교장 부인에게 축하 편지'
petition_0144,교육부는 대체 무슨 생각하는건지 모르겠네요. 왜 실력이 부족해서 못되는걸 법으로 해결하려고 하나요? 실력이 모자라면 실력을 쌓아야죠. 같은 조건으로 교수가 되는데 10명중 1.5명밖에 여교수가 없다면 나머지 여교수가 못되는 여자들이 노력하고 공부해서 능력을 맞춰서 10명중 5명은 여교수가 되도록 노력해야하는게 맞는 거 아닙니까?? 왜 이걸 법적으로 교육부에서 강제로 늘리게 하려는거죠??? 이게 정말 제대로 된 방법입니까??? 맨날 기울어진 운동장 운동장하는데 대체 진짜 기울어진 운동장은 누가 만들고 있는겁니까? 그리고 실력도 안되는데 저렇게 법적으로 강제 교수가 된 분들을 어느 학생이 존경하며 배우려 하겠습니까? 페미페미하는데 설마 이런 부분에서 이런 말도 안되는 이야기를 정부 부처에서 할거라곤 생각도 해본적이 없습니다. 해당 의견을 내어 기사화시킨 교육부 관계자를 처벌하여주시고 제발 제대로 된 교육을 할수있도록 해주시기바랍니다.,육아/교육,2018,2018-07-03,2,Not answered,여교수 수가 적다고 법으로 강제해 여교수 수를 늘리다니요.
petition_0145,"아이돌봄서비스의 경우,,가형부터 라형까지 있으며,, 가형부터 다형은 국가지원금이 있고 개인부담은 적게 설계되어 있고 라형의 경우 개인부담이 100%인 상황입니다.. 어린이집 보육료도 연말정산에 포함을 하고 있는 상황에서 아이돌봄서비스이용에 따른 보육료 지급부분도 연말정산에 포함되어야 한다고 생각합니다. 국가에서 인구증가, 유아양육에 보다 많은 지원을 하기 위하여 반드시 아이돌봄보육료도 연말정산에 포함되어야 한다고 봅니다. 2018년 세법개정에 포함되어 2018년연말정산부터 아리돌봄보육료 역시 연말정산에 포함되기를 청원드립니다.",육아/교육,2018,2018-02-21,0,Not answered,아이돌봄서비스 보육료 지급에 대한 연말정산포함 건의
petition_0146,1. 서울 시내의 중고등학교를 강원도나 충청도의 전원지역으로 이전하면 수도권의 집값은 저절로 안정될 것입니다. 2. 서울과 부산의 중고등학교를 속리산이나 지리산 등지의 전원지역으로 이전시키면 국토균형발전은 저절로 이루어질 것입니다. 3. 대도시의 중고등학교를 전원지역으로 이전시키면 기숙제도가 정착되어 인성교육은 저절로 이루어질 여건을 갖추게 됩니다. 4. 말은 제주도로 사람은 서울로 보내라는 말은 이제 옛말이 되었습니다. 민족사관고는 서울에 소재하는 학교 못지않게 교육적 성과를 거두고 있습니다. 5. 서울이나 부산에 소재하는 학교 부지를 매각하면 전원지역에 건립할 학교와 기숙사를 건립할 비용을 얼마든지 충당할 수 있습니다. 별도 예산이 필요하지 않습니다. 6. 전원지역에 대도시의 학교가 이전해오면 교육촌이 저절로 형성되어 인구분산이 저절로 진행될 뿐 아니라 새로운 school-belt 문화지대가 생겨날 것입니다. 많은 사설 학원과 관련 종사자들이 교육촌으로 이주할 것입니다. 7. 학교가 굳이 범죄와 타락이 난무하는 대도시에 존재할 이유가 없습니다. 자라나는 청소년을 청정지역인 전원에서 성장시키는 것이 국가의 백년지대계입니다. 8. 대도시의 학교를 전원으로 이전시키면 전국적으로 건설 붐이 일어나 경기가 일시에 호전될 것입니다. 9. 수도권과 대도시의 인구가 감소되고 교통체증이 줄어들어 미세먼지가 저감될 것입니다. 10. 교통체증이 줄어들면 대도시의 생산성은 훨씬 더 증가될 것입니다. 11. 농촌의 공동화 현상이 현저하게 줄어들고 오히려 대도시에서 농촌으로 이주하는 역류현상이 일어날 것입니다. 12. 자녀들의 뒷바라지에 동원되었던 부모들의 고급인력이 생산력으로 전환될 것입니다. 13. 대학도 점진적으로 교육촌으로 이주하면 한국의 도시는 교육도시와 생산도시로 양분될 것입니다. 저는 30여 년간 교직에 있다가 퇴직한 사람입니다. 20여 년 전 부터 이 같은 주장을 각계각층에 호소한 바 있었지만 반응이 없었습니다. 마지막에 문재인 정부에 제언을 해 봅니다. 2018. 11.11. 신 종 봉 (010-3835-7441) 48282 부산광역시 수영구 광안해변로 312번길 11 진로아파트 201동 203호,육아/교육,2018,2018-11-11,2,Not answered,국토균형발전과 수도권집값 안정및 백년지대계인 교육촌의 건설에 관하여
petition_0147,"작년 12월 중 학기말 고사 기간 중 4명의 교사가 감독에서 누락되어 기간제 교사들이 시험 감독을 추가로 부담하게 되었습니다. 기간제 교사입장에서는 부당한 감독 시수에 대해 맘 속으로 불만을 품고는 있었지만 어디에도 항변할 곳이 없었습니다. 며칠 후 교무실에서 정규 교사들간에 언성이 높아지는 가운데 이들 4명이 무단결근하고 골프장에 출입한 사실을 알게되었습니다. 기가막히더군요. 기간제 교사인 저의 입장에서는 상상도 하지 못할 일들을 하고 있더군요.(물론 정상적인 사고를 갖고 있는 사람들 모두가 그렇겠죠.) 게다가 오히려 적반하장 격으로 더 당당하게 행동하는 것을 보고는 뭐라 할말을 잃었습니다. 그들은 1학년 부장이면서 담임(현 2학년부장), 배드민턴 감독 겸 체육교사, 업무부장, 나이든 수학교사 이었습니다.(학교 명과 성명은 마지막에 밝히겠습니다.) 참다 못한 학생부장이 배드민턴 감독 교사와 언쟁을 벌이는 가운데 위 사실을 알게 되었습니다. 더우기 가관인 것은 이들에 대한 징계가 이루어지지 않았다는 것입니다. 사건이 있은 후 며칠 뒤 교내 매신저를 통해 전체 교사에게 공무원 징계 양형기준표가 뿌려졌습니다. 즉, 학교장은 근무 상황에 따른 징계 수위를 알고 있었다는 얘기입니다. 그럼에도 불구하고 제 식구 감싸안듯 징계를 하지 않은 듯 합니다. 왜냐하면 1학년 부장이 올해 2학년 부장으로 임명되어 당당하게 근무하는 것을 보고 알 수 있었습니다. 공무원 징계 양형 기준에 의하면 고의적이고 상습적인 무단 결근인 경우 최고 파면까지도 가능하게 되어 있습니다. 모르긴 몰라도 그들이 그렇게 동시에 무단 결근하고 골프장에 가는 것을 보면 한 두번 이루어진 행동들이 아니라고 생각됩니다. 무단결근에 골프장 출입의 경우 최하 감봉 이상의 징계가 해당이 된다고 합니다. 교장은 그들과 얼마나 친분이 두터운지(아마도 여러 수십년을 같이 근무했으니 친분관계는 상당히 두텁겠죠.) 올바른 징계를 내리지 않을까요. 공정하게 판단을 하여 학교를 이끌어가야할 교장으로서의 본분을 다하지 못하고 있는 것 같습니다. 공무원 징계 양형기준에 의하면 고의적으로 타인의 권리를 침혜하는 경우 파면, 해임까지도 가능하게 되어 있더군요. 학교장은 공정한 근무 환경과 분위기 속에서 교직원들이 근무할 수 있는 권리를 침해했다고 볼 수있습니다. 저와같은 기간제 교사들이 받는 상대적 박탈감에 대한 생각은 안중에도 없는 것 같습니다. 이는 청산되어야할 적폐 중의 적폐라고 생각합니다. 저는 그 학교에서 나름 성실히 근무했다라고 생각했는데 기간이 만료되었다는 이유로 교문을 나서야 했습니다. 하지만 그분들은 정규직 교사라는 이유 하나만으로, 교장과 오랜기간 같이 근무했다는 이유 하나만으로 아무런 처벌을 받지 않고 계속 근무한다는 것을 보니 자괴감이 듭니다. 관계 기관에서는 이와 관련된 내용을 철처히 조사하여 공정한 잣대로 징계가 이루어지도록 해주시기 바랍니다. 아울러 학교장의 직무유기 또는 직권 남용의 부분이 있는지도 밝혀내어 해당사항이 있다면 엄중히 문책하도록 해주시기 바랍니다. 끝으로 해당 학교와 학교장의 이름을 밝힙니다. 경상남도 교육청 산하 성지여자고등학교(가톨릭 재단입니다.) 학교장 조형관 입니다.",육아/교육,2018,2018-03-08,5,Not answered,기말고사 기간 중 무단 결근하고 골프장에 간 교사들과 이를 징계하지 않는 학교장에 대하여
petition_0148,김상곤과 교육부에게 건의한다. 1. 일반고. 특목고 수업을 1주일만 학생과 동일 하게 등교해 수업을 받길 바란다. ㅡ 과연 개정교육과정 수업이 제대로 되는지. 니들이 말하는 공교육 붕괴 원인이 뭔지 . 특목과 일반고 수업 차이점이 뭔지. 내신과 수행. 동아리 활동. 교내대회까지 학생들이 얼마나 피폐해 있는지 이 모든 과정에 부정 비리는 없는지 2. 1학기 중간고사 국영수등 시험을 전국 일반고 특목고 샘플로 각 10개 학교만 비교 분석해봐라. ㅡ과연 학종에 내신 반영이 공정한지 3. 최상위 상위 중위 하위권 학생. 특목. 일반고 학생을 샘플로 선택해 대입 수시 가상 지원을 당장 해봐라. ㅡ과연 사교육없이 심플하고 지원 가능한지,육아/교육,2018,2018-08-17,9,Not answered,김상곤과 교육부 공무원 학교 체험 및 수시 지원 체험 청원
petition_0149,현재 대한민국의 고등학교는 3년입니다. 하지만 누군가에겐 이 3년이 행복한시간이지만 누군가에겐 빨리 벗어나고싶은 지옥같은 시간일수도 있죠 그러니 고등학교를 2년으로 줄여주세요.그리고 19살이면 거의 20살과 비슷한 사고수준에 도달하게되고 사회에 풀어줄때도 되었어요. 자신의 빛나는 청춘을 책상에 앉아서 눈물젖은 문제집만 보면서 하염없이 수능 시험을 기다리면서 지새우고싶은사람이 누가있을까요. 한사람의찬란한청춘을 국가가 빼앗는다는생각이드네요.,육아/교육,2018,2018-07-10,5,Not answered,고등학교 기간을 2년으로 줄여주세요
petition_0150,안녕하세요. 미혼모시설에서 거주하고 있는 엄마입니다. 미혼모시설에선 2년동안 거주가 가능합니다. 짧으면 짧았지 길지않은 2년동안 자립을 위해 자격증공부(간호조무사자격증은 학원이수만1년입니다. 저또한 간호조무사학원에 다녔습니다.)를 시작하는 엄마들도 있고 직장을 다니는 엄마들도 있습니다. 직장을 다니는 엄마들은 모아둔 돈으로 집을 구해 자립을 하지만 지격증공부를 하는 엄마들은 모아둔 돈이 없어서 대부분 다음 시설로 갑니다. 다음시설로 갈때 아이들 나이가 3살정도입니다. 그정도면 어느정도 생각을 할 수 있는 나이라 시설에서 거주를 하고 있다는걸 안다고 합니다. 아이가 말이 빠른편이라 지금 24개월인데 자기 감정이며 의사소통이 말로 표현이 가능 합니다. 같이 거주했던 언니가 다음시설로 가면 아이한테 안좋으니 가능하면 자립을 하라고 해서 이번년도 영구임대아파트에 접수를 했습니다. 영구임대는 당첨되기 힘들다는 시설선생님말씀에도 모아둔 돈이없어서 혹시나 하는 마음에 접수를 한거였는데 역시나.... 이번년도에 시설에서 퇴소를 해야되는데 집이 안구해져서 어쩔수없이 부모님댁으로 들어가지만 이러한 도움도 못받는 다른가정들도 있습니다. 힘들게 아이를 키우고 있는 한부모가정에게 아늑한 보금자리를 마련해주세요... (참고로 저희부모님도 영구임대에 거주하고 있습니다.),육아/교육,2017,2017-09-09,0,Not answered,한부모가정에게 집을...
petition_0151,"공무원 제안으로 보냈으나 고의적으로 심사지연, 불채택하여 국민 신문고 - 국민제안으로 온라인 접수했으나 고의적으로 심사지연, 불채택하고 있습니다. 기존에 시,도 교육청 및 교육부에서 학교 용역 및 이해단체와 관련된 것입니다. 지속적으로 불채택하고 있습니다. 내용증명, 고소장까지 보냈음에도 불구하고 대검찰청에서도 처리하지 않았습니다. 고의적인 심사지연, 불채택으로 6개월분의 예산절감, 국고 및 조세 수입 증대액을 날렸습니다. 학교 청소 용역 계약, 수질검사 업체 계약, 공기질 측정 업체 계약, 보건교육 전문강사 초빙, 시간강사, 기간제교사, 교육공무직 채용 시 등 많은 +@ 가 오고 갑니다. 제안의 심사 배점기준표에 근거하여 모두 96점 이상입니다. 국민신문고 - 국민제안 1AB-1712-002767 학교, 교육청의 교육공무직 폐지 제안 국민신문고 - 국민제안 1AB-1712-004404 학교 생존수영 교육비 지원 폐지 제안 국민신문고 - 국민제안 1AB-1712-004405 교과목 기간제 교원을 시간강사로 채용 제안 국민신문고 - 국민제안 1AB-1712-004408 학교 청소용역 폐지 제안 국민신문고 - 국민제안 1AB-1712-004695 사립학교 보건교사 인건비 낭비 방지 제안 국민신문고 - 국민제안 1AB-1712-004732 학교 먹는 물 검사를 지자체에 위임하여 실시 제안 국민신문고 - 국민제안 1AB-1712-004733 학교 공기질 검사를 지자체에 위임하여 실시 제안 국민신문고 - 국민제안 1AB-1712-004734 학교 저수조 수질검사를 지자체에 위임하여 실시 제안 국민신문고 - 국민제안 1AB-1712-004735 학교 급수관 수질검사를 지자체에 위임하여 실시 제안 국민신문고 - 국민제안 1AB-1712-004737 학생 별도(소변)검사 시 보건교사 실시 제안 국민신문고 - 국민제안 1AB-1712-004739 학교 스포츠클럽 지원금 폐지 제안 국민신문고 - 국민제안 1AB-1712-004740 보건교육 시 보건교사를 내부강사로 초빙 제안 국무총리조정실에서도 제안의 심사를 하지 않고 있습니다. 이전에도 올렸던 제안임에도 다른 부처로 보내고 심사하지 않으려 합니다. 국민신문고 - 국민제안 1AB-1801-001817 국외출장 시 여비 제안 국민신문고 - 국민제안 1AB-1801-001818 근무지외 국내출장 시의 여비 제안 국민신문고 - 국민제안 1AB-1801-001822 공무원 시험 중 영어시험을 필기시험으로 실시 제안",육아/교육,2018,2018-01-10,1,Not answered,IMF 기금 구걸하지 말고 제안을 처리해주십시오.
petition_0152,노무현의 참모로서 보였던 신선하고..성실한 문재인을 보고.. 박그네 사태이후 대안이 없었기에도 그렇겠지만.. 문재인 정권이 들어선지 어느덧 1년반이 지났습니다. 문대통령도 사람인 이상..실수도 있을수 있고..잘못을 일으킬수도 있습니다. 그러나..최고 책임자로서 동일한 실수는 한번만 해야 합니다. 특히 밑의 참모들..국무위원들에 대한 실수한 경험은 다시는 발생되지 않았어야 합니다. 현재 역대정권중에서 정책 잘못으로 이렇게 경제가 엉망이 되는경우는 처음이라고 생각합니다. 하기사..인간인지라.. 여러실수를 통해서 최적의 정책이 나오면 되겠지만..그게 가능할까요? 일단은..경제.대북관계 등등 다른것은 차지하고 서라도.. 대통령의 유일한 권한인 인사문제는 신중하고 또 신중해야 할텐데요 유격다짐격인 야당의 의견은 무시하서라도.. 지지자들과 우호세력조차 우려하던 인사를 끝까지 해야 할 필요가 있을까요? 누가 그랬네요..문재인의 똥고집이 드디어 시작된것이라고.. 처음으로 청와대의 청원에 글을 올려봅니다. 이렇게 하면 국민들이 문재인 대통령을 지지할까요? 계속 지지율이 올라갈까요? 대북사태외에는 대안과 정책부재인 현세인데.. 저도 문 대통령을 지지했던 국민의 한사람으로서.. 실망감을 감출수 없네요.. 감성적인 정치는 역대 정권중에 최고인것은 인정합니다. 그러나.. 감성적인 정치보다는 국민을 의식하고 국민을 바라보는 대인배 정치가 우선이 아닐까요? 제2의 김영삼 정권처럼 되고 싶습니까? 반도 안지난 현 정권의 남은 기간이 걱정되네요. 잘좀 하시지요.. 북한에만 너무 신경쓰지 마시고..자신의 국민들이 우선입니다. 그다음에가 김정은 휘화 북한입니다. 많이 실망하고 나갑니다.. 이런 청원사이트도 그저 아이돌 애들의 맆싱크같은 감성정치의 수단으로 밖에 생각이 안되네요..,육아/교육,2018,2018-10-04,14,Not answered,국민들과 문정권 지지자들 조차 반대하는 인사를 우격다짐으로 해야 할까요?
petition_0153,"작년에 아이를 낳고 키우고있는 엄마입니다. 현재 육아휴직상태고 남편이 해외에서 공부를 하고있어서 아기와 함께 출국을 자주 합니다. 그런데 육아수당에서 출국한지 90일이 지났다고 수당이 중지가 되더라구요. 그 부분에 대해 이해가 안됩니다. 저희 아기는 이중국적도 아니고 한국국적입니다. 해외에 영주권이 있는것도 아니고, 단순히 해외에 체류한다는 이유로 양육비가 중지된다는걸 이해할수가 없습니다. 차라리 이중국적인 부모들은 악용하고 타여권으로만 입국하고 출국한다고 하더라구요. 이런 규정이 어디있나 싶기도 합니다. 이중국적인 아이들은 이 혜택을 다 받고 정작 우리나라 여권인 아이에게는 이렇게 중지를 한다는것이 아이러니 합니다. 해외에 체류해도 한국인이고 아이를 양육하고 있습니다. 저는 세금도 꾸준히 내는 대한민국 국민입니다. 해외에 장기체류한다는 이유로 우리아이가 받을수 있는 혜택을 못 받는것은 아닌것 같습니다. 법이라 어쩔수 없다 이런 대답말고, 대통령님께서 이런 사항을 고려해주시고 답변해주세요.",육아/교육,2018,2018-01-15,1,Not answered,육아수당관련
petition_0154,저는 경북 김천시에 거주하는 중2여학생 둔 학부모입니다 지난달 저의 딸아이가 아무런 이유 없이 김천생명과학고 2학년 6명에게 집단폭행을 당했습니다 저는 화도 났지만 가해자학교에 알리고자 생명과학고를 찾았는지만 학생부장이란 사람에게 경찰 부른다고 말과 청와대를 찾아가던 법으로 하던 맘대로 하라고 하시더라고요 4월11일 학교폭력회의가 열리는 당일날도 가해자부모와 제 앞 복도에서 껌을 씻고 계시더라고요 저는 저희 딸 때린 담배 피우고 술 먹는 아이들보다 그 선생님이 용서가 안 됩니다 그런 인성으로 한 학교학생들을 총 책임진다는게 이해가 안 되고 심지어 15일이후에 도교욱청에 재심을 신청할 수 있는데도 학생들의 처벌조치도 알려 주지않고 기해자부모에게 제 폰 번호만 유출시켰습니다 도리어 저회 딸 학교에 전화 해서 소리치고 참 세상 돌아가는 것이 웃깁니다 우리나라에게 진정한 스승 자격이 있는 사람이 그렇게도 없는지 김천생명과학고 에게 올바른 처사를 부탁드립니다,육아/교육,2018,2018-04-28,14,Not answered,학교 폭력의 피해자는 죄인입니까
petition_0155,"딸 위장전입에 아들 병역면제의혹도 모자라 우석대학교 한학기 1강좌 고작 해놓고는 2년 교수경력으로 청문회에 경력증명서 제출했다죠?<뉴스 기사있음> 더구나 시간강사들 엄청 노력해도 부교수 자리 오르기 힘든데 고작 6개월 강의로 부교수 급승진....이례적이라는 표현을 했네요. 해당학교에서도. 그런 분이 교육부 장관을 하실 양심이 되시나요? 노동운동출신으로 우리나라 교육을 어찌 짊어지고 나갈 생각이신지 아들딸 비리의혹에 대학교수 경력 비리까지 근데 가장 양심적이고 청렴해야할 교육부장관이 가당키나 한가요? 대한민국 교육이 진심 걱정됩니다. 교육이 산으로만 가는듯해서 아이키우는 엄마입장으로도 매우 불안합니다. 학생을 직접 대하는 교사들이 행복해야 우리 아이를 피부로 직접 대하는 교사의 질(행복)이 우리 아이들의 학습의 질(행복)일텐데 교육과 학생을 직접 대하고 대면하지도 않는 학교내 많은 비정규직(공무직)목소리만 듣는다죠? 교무실 업무 도와주는 공무직들이 우리 아이들을 대해줍니까? 그들 처우개선만 해주면 학생교육의질이 높아지나요? 저는 교사들이 불행하다고 느끼면 안된다고 봅니다. 우리 아이들에게 바로 영향을 주는 사람은 학교내 비정규직이 아닌 바로 교사분들이잖아요. 요즘 교사하기 힘든 시절이라고 한탄하는 모습과 여기저기 교사들 공격하는 모습을 보면서 교사분들이 불행하다 느끼면 아이들에게도 직접 영향을 미칠것같아 걱정입니다. 우리 아이들을 직접 대해는 교사들의 교권보호법이 필요한데 <우리 아들 반에 학습방해하는 녀석이 있는데 그 한 녀석때문에 다른 아이들 학습권침해되는데 교사들에게 힘이 없다네요. 교권은 반드시 보호되야 수많은 아이들의 학습권도 보장되는데요> 유은혜 의원은 교권보호법도 반대했답니다. 이런 분이 교육부의 장관이 될 자격이 되나요? 공무직들 법안은 발의추진하려했고, 교권보호법은 반대하고 이게 교육부입니까? 그냥 노동부장관이면 인정하겠습니다. 제발 교육부 장관만큼은 청렴하고 교육을 전공한 교육전문가로 임명해주세요",육아/교육,2018,2018-09-08,67,Not answered,유은혜 의원은 자진사퇴하시오! 고작 6개월강의로 교수경력 2년으로 부풀리고 부교수로 급승진했다는데 그런 마인드로 교육부의 수장이 되는게 말이 되나요?
petition_0156,안녕하세요 저는 아들 딸을 두고 있는 엄마입니다 답답한 마음을 이렇게 청와대에 말 할수있다는것이 너무 신기하고 안심이 되네요 유치원 영어를 금지한다는 기사를 보고 너무 놀랐습니다. 아이들이 유치원 수업을 좋아해서 일주일에 한번 하는 영어를 엄청기다리는데 없어지면 당장 어디를 보내야하냐는 걱정이먼저들었습니다. 아니면 다같이 못하도록 사교육도 다 없애주세요 학교 수업을 다양화 시켜주세요,육아/교육,2018,2018-01-02,35,Not answered,유치원 영어 금지를 반대합니다
petition_0157,"지희 딸은 고등학교1,2학년때 내신이 그렇게 좋지 못했습니다. 3학년 올라가니 수시로는 힘들다고 정시에만 신경을 썼습니다. 성적이 그리 좋지 못했습니다. 지금 재수중인데 정시비중이 지방거점대학중심으로 줄인다 하니 형편이 넉넉지 못한 대다수의 서민들은 부담이 큽니다. 고1때부터 학교에서는 공부잘하는 아이 위주로 학생부종합을 챙기고 있으니 사실 성적이 좀 떨어지는 아이들은 학교에서 기회조차 없습니다. 현실입니다. 고1때 부터 상위권 아이들 중심으로 선생님들과 여러활동이 이루어 집니다. 선생님들을 원망하지 않습니다. 학교에서도 가능성이 큰 학생들에게 더 많은 기회를 줘서 성과를 얻고 싶겠죠. 그러나 다른애들은 기회조차 없이 좌절을 느낍니다.아직 인생에서 겨우 싹이 올라오는데 말이죠. 좀 늦게 공부해야할 목적이 생긴 친구들은 많이 힘듭니다. 다 좋을수 없고 어느 정책이든 동전의 앞뒤가 같겠지만 1학년때의 성적으로 아이들을 판가름하는 이런건 정말 아니라는 생각이 듭니다.",육아/교육,2018,2018-03-26,47,Not answered,대입정시 늘려주세요
petition_0158,안녕하세요 올해로 10년차로 어린이집에 근무 하고 있는 보육교사입니다. 나라의 정책에 따라 발맞추어 더 체계적으로 유아들과 함께 교육하며 생활하고 국공립어린이집에 처음으로 지원을 하고자 하였습니다. 하지만 국공립 호봉수가 정해져 있는 지라 5호봉이상의 교사는 면접조차 기회가 없어 지고 있는 현실임을 알 수 있었습니다. 서울형 어린이집은 자체가 민간의 경력을 인정하지 않아 경력에 관계없이 무조건 1호봉 부터 시작합니다. 국공립 어린이집도 그냥 민간 어린이집의 호봉수를 인정하지 않고 국공립과 개인이 운영하는 민간 어린이집의 차별화를 두고 1호봉부터 월급을 시작하면 국공립 원장님들도 경력이 많으신 선생님들도 부담없이 국공립에서 일할 기회가 생기지 않을 까 하는 생각이 들어 청원하게 되었습니다. 문재인 대통령님의 국공립 어린이집 확충 정책에 찬성하는 한 보육교사이자 한 국민으로서 지금 껏 열심히 일해온 능력 있으신 경력 선생님들도 일할 기회를 주셨으면 좋겠습니다^^ 감사합니다,육아/교육,2018,2018-01-25,7,Not answered,국공립어린이집 교사 호봉에 관한 내용입니다.
petition_0159,애둘다 유치원보내다보니.5월달만되면 어버이날.스승의날이 같히있다보니 막상 어린이날 얘들돈은 아껴서 시댁.친정용돈을 챙기게됩니다.5월은 가정의달인데.오히려 5월은 부담만되어 정작 우리애들은 장난감조차 사줄수가없어요.어버이날은 6월달 스승의날은 7월달 이래옮겨주시면안되까요 살수있게해주세요.세상이변햇는데 굳이 5월달에 꼭 모든 걸 다 진행해야된다는방식.문재인대통령님을 젊으신감각으로 바꿔주시길 정말 기도합니다.애둘이낳아보니 무슨날마다 힘들어죽겟습니다.애키우는게힘든게아니라 무슨날챙기는게 더 죽을것같아요,육아/교육,2018,2018-05-08,4,Not answered,어버이날을 옮겨주세요
petition_0160,안녕하세요 제가 오늘 TV 다시보기에서 수업을 바꿔라!~ 라는 프로그램을 봤습니다 덴마크도 초등학교 4학년때부터 요리수업 한다고 나왔습니다!~ 우리나라도 요리수업 적용 부탁드립니다!~ 그리고 요리수업을 할 때 다쳐도 경험하면서 보건실 가지 않고 요리를 하게 해주시고요!~ 그리고 요리수업할 때 4명의 셰프를 배치하여 학생들을 가르치면서 학생들도 직접 요리를 할 수 있게 해주시고요!~ 요리할 때 주의사항과 안전교육을 의무화 해주세요!~,육아/교육,2017,2017-10-02,0,Not answered,우리나라도 덴마크 학교처럼 초등학교 4학년때부터 요리수업 적용
petition_0161,"입시제도에 한해서는 그 누구나가 승자가 될 수 없습니다. 따라서 한 입시제도에 대해 모두가 만족할 수 없다는 사실은 익히 알고 있습니다. 하지만 교육의 실 수요자인 학생들, 공교육 및 사교육 종사자들의 증언과 그에 대한 언론 기사를 본다면 현 입시제도는 그저 개인의 불만으로 치부하고 넘어가기에는 폐단이 극에 달해있습니다. 그 실정에 대해 국민 여러분과 의견을 나누고 진솔한 제언을 드리고자 합니다. 우리나라 교육이 지향하는 것이 다변화하는 현대사회에서 필요로 하는, 다재다능하고 고매한 인격까지 두루갖춘 인재를 배출하고자 함에는 이견이 없을 것입니다. 그러나 교육열이 치열한 한국에서는 사교육 열풍과 함께 지나친 경쟁의식이 문제시되어왔고 정부에서는 이를 완화하기 위해 분명히 노력해왔습니다. 이러한 시도가 이어져 탄생한 것이 지금의 '학생부 종합 전형'일 것입니다. 우리가 강박처럼 외치는 '창의성'과 '학교생활에 충실하고' '다른 학생들과 협업할 줄 아는' 학생을 선발할 수 있을 것이라는 기대에서 말입니다. 하지만 이 목표가 진정으로 달성되었는지, 도리어 학생들의 발목에 새로운 쇠사슬을 채운 것은 아닌지 의문을 제기하고 싶습니다. 우선 학교생활을 충실히 하였다고 해서 이상적인 생활기록부가 만들어지는 것은 아닙니다. 비정상적으로 아름다운 생활기록부의 이면에는 기회조차 박탈당한 수많은 학생들이 있습니다. 성적이 좋은 학생 소수가 모든 상과 활동을 독과점하는 양상을 보이는 것입니다. 마치 ""선생님, 저 이 활동 참여하면 안될까요?""라고 한다면 ""아니, 넌 성적이나 더 올려,""라고 돌려보내고 교사들은 전교권의 아이를 불러 ""이거 생기부에 쓰기에 좋은 활동인데, 꼭 참여해야돼.""라고 하는 식입니다. 이 상황에서 학원에서 미리 생기부에 대해 안내를 받은 학생은 흔쾌히 수락합니다. 또한 그 활동의 '조장', '부장' 등 우두머리가 되기 위해 노력합니다. 부원이라면 아무리 열심히 활동을 했다고 하더라도 생활기록부에 멋진 기록을 남길 수 없습니다. 적어도 '있어보이려면' 무조건 리더가 되어야 합니다. 학습된 무기력으로 무임승차하는 친구는 버리고 혼자 과제물을 내는 한이 있더라도 선생님께 '무임승차자 명단'을 제출하면 그만입니다. 설령 활동을 하지 않는 유령동아리의 부장이 된다고 해도 전공에 맞아보이는 동아리 이름과 리더를 드러내는 직함만 있다면 그것은 문제되지 않습니다. 이런 학생들 역시 이 입시에서는 승자가 될지 모르지만 학교생활에 있어서는 패배자가 되기도 합니다. 좋은 생활기록부를 얻는 대신 '예쁨 받기 위한' 노력을 게을리하지 않고, 다른 학생들을 짓밟으면서 우위에 서는 '무서운 득의감'으로 가득찼던 시절이 기억에 가득할 뿐 누구나 갈망하는 진정한 사제, 친구관계에 대해 알 수가 없었기 때문입니다. 이렇게 누군가가 미리 설계해준 길을 가는 것이 정말 '창의력'향상을 위한 학업수행 일까요? 이상적인 생활기록부를 위해 급변하는 장래희망조차 마음대로 바꿀 수 없고 그에 맞추어 자신을 공장부품처럼 찍어내야 하는 교육이 창의력을 지닌 학생을 키워낼 수 있을까요? 또는 자기소개서나 생활기록부에 멋지게 쓰기 위해 리더가 되어야 하는 상황에서 '진정한 협업'의 가치가 실현될 수 있을까요? 이 양심의 동의를 얻지 못한, 작위적인 입시의 명령에 굴복한 학생들은 그들의 행동이 순수한 데서 촉발되었다고 해도 내적갈등을 일으키며 자기소개서를 쓸 때면 극심한 자아분열에 이르게 됩니다. 이는 적어도 학생 스스로가 자기소개서를 쓸 때의 일입니다. 대학교 1학년에 처음 입학하다보면 흔히 ""자소서에 몇 백 들였는데 망했어. 속았어.""라고 자조하거나 ""자소서 걔 몇 백 들여서 붙었잖아.""라고 속닥이는 학생들을 많이 볼 수 있습니다. 외부 기관에 자소서를 맡긴다면 그들이 전문가인 만큼 유려한 문체를 구사하며 대학 특성별, 전공별, 학생별로 적합한 자소서를 산출해낼 것입니다. 대학에서는 이 대필자소서를 모두 판가름할 수 있다고 합니다. 어떻게 보면 자기소개서는 면접에서 학생들을 만나기 전 '유일하게' 직접적인 소통의 창구인데, 우수한 학생을 뽑겠다고 하면서 그 전문가에 미치지 못할 솜씨를 발휘할 것이 뻔한 학생들의 자소서 틈에서 이들을 어떻게 가려내겠다는 것인지 저로서는 알 길이 없습니다. 적어도 그 명확한 기준과 평가 이유에 대해서는 답해주는 것이 밤을 꼬박 새가며 자소서를 써내려간 학생들에 대한 최소한의 예의이자 공정성을 확보하는 길일 것입니다. 그러나 현재 자소서는 학종을 '깜깜이 전형'으로 만드는 원인 중 하나 입니다. 또한 학교마다 내신의 차이가 있어 입학사정관들은 각 학교를 방문하며 입시전담교사들과 이야기를 합니다. ""이 학교는 이 정도는 봐주겠다. 이 정도 까지는 지원해라."" 라고 말입니다. 앞서 살펴본 자소서만 하더라도 그는 실체를 파악하기 힘든 평가방법입니다. 그러나 무엇보다도 공정해야하는 입시의 장에서 입학사정관과 입시전담교사, 몇명의 말에 의해 입시가 좌우되어야 한다면, 그리고 이 말이 개인에게 공시되는 정도에 차등이 있다면 이는 엄청난 폐단이 아닐 수 없다고 생각합니다. 무릇 위정자라면 지나친 낙관주의에 휘말려 자신이 제안한 정책이 양날의 검이 될 수 있음을 묵과해서는 안될 것입니다. 선의로 입안된 정책이 결과도 긍정적일 것이라고는 단언할 수 없습니다. 전공에 적합한, 특수 인재는 이렇게 큰 비율을 할애하면서까지 뽑아야 할 정도로 수가 많지 않습니다. 그들에 비하면 평범하지만 묵묵히 노력하는 학생들에게는 자신이 처한 환경을 탓하지 않고 누구에게나 개방되어있는 입시정보를 얻으며, 누구에게나 평등한 시험장 안에서 '그저 노력을 다할' 기회를 주어야 합니다. 분명 희소가치를 배분하는 교육의 특성상 어느 것이 최선이라고 할 수는 단언할 수 없으나 분명 학생부 종합 전형은 유지하기에는 사회적 비용이 너무 크다는 말을 거듭 말씀 드리고 싶습니다. 즉 학생부 종합 전형은 우리 교육이 이루고자 하는 목표를 실현해줄 수 없습니다. 그러므로 더 좋고 장기적인 대안이 도출될 때까지는 학교 현장을 좀먹고 있는 학생부 종합 전형을 축소하고 절차의 공정성이나마 확보해줄 수 있는 정시전형 비율의 확대가 옳다고 생각합니다.",육아/교육,2017,2017-11-14,1,Not answered,재청원) 공정한 정시 확대
petition_0162,전국의 유치원 보육교사 영어유치부 선생님들 아무리 애들이 썩은 급식을 먹고 원장들이 니랏돈 황령하고 빼돌려도 절대 신고하지 마세요. 공익제보자법? 내부고발자 보호법 웃기고 자빠졌어요. 우리 나라 그렇게 쉽게 변하지 않아요. 그거 신고하는 순간 선생님만 병신되는 거에요. 원장한테 다시 고발당해서 벌금형 선고받고 전과자 되는 거에요. 남의 새끼 입에 아무리 곰팡이 핀 음식 줘도 양심에 안 찔려하눈 인간이 승리하는게 이 나라에요. 엄마들이 고마워 하는거요? 그거 말뿐입니다. 아이들에게 옳은 일이요? 누가 알아준다구요 절대 하지 마세요. 정말 매일 자살하고 싶습니다 차라리 원귀가 되서 영원히 그들을 괴롭히고 싶어요. 이거 보고 웃고 있는 악마들 많겠지. 꼴도 아닌게 권력도 없는게 혼자 정의로운척 하다 골로 가는구나 싶겠지. 그래. 그냥 그 썩은내 풍기는 검은 속으로 아이들 사랑해서 교육사업하네 위선을 떨고 있겠지. 와 정말 이 더러운 세상은 다 당신편이네. 보호해 줄테니 진실을 말해달라던 학부모들은 이런 상황에 오니 싹다 어떡해요 선생님. 그말만 하고 국민권익위원회 신문고 다 자기 소관이 아니래. 억울하셔도 이게 어쩔 수 없대네. 아는 기자는 더 더러운 일이 많은 세상이라 기사거리도 안된대. 동료교사들운 이미 원장편에 붙어서 나에게 급식 이상하다 어쩌다 말 많던 애가 자긴 급식에 불만이 없었대. ^^ 야 너들도 다 똑같더라. 교회 다닌다며. 교회에서 악마편 들라던??? 선생님들. 솔직히요. 아무도 정의사회 구현에 관심없어요. 애들 권리? 그건 우리가 찾아주고 노력해줄 필요가 없어요. 저 보세요. 전과자 됬어요. 그런데 왜 해요. 왜 신고해서 저처럼 이렇게 됩니까. 경찰이 뭐랬게요 그러게 민원 넣으면서 이렇게 당할 생각도 못했지? 라면서 고소하다는 표정으로 웃더군요. 그게 이 더러운 대한민국의 모습이에요. 여러분이 못바꿔요. 하지 마세요. 그냥 쓰레기 먹이라고 두세요. 그냥 보조금 횡령하러고 두세요. 나라에서도 알아도 손 안대요. 악마들아 니들이 이겼다. 여기가 지옥이더라,육아/교육,2017,2017-12-02,902,Not answered,썩은 급식 먹인 사람은 무혐의. 내부고발교사는 전과자 이게 나라냐
petition_0163,부산 사하구 여중생 사건 보셨습니까? 이건 폭력 수준이 아니라 살인수준입니다. 제발 청소년이라해서 솜방망이 처벌로 벌주는건 그만하고 그에맞는 죄값으로 벌을 받아야 한다고 생각합니다. 청소년이란 신분으로 솜방망이 처벌이 계속 이어진다면 이보다 더큰 피해가 발생할수 있습니다. 법이 얼마나 무서운지 직접 느끼고 깨달아야 합니다. 저들은 반성할 기미도 보이지 않습니다. 제발 소년법 폐지 시켜주세요 도대체 어떤 나라가 저런 살인을 저질러도 솜방망이 처벌로 쉽게 사회생활을 할수있게 해주는지 궁금하네요,육아/교육,2017,2017-09-04,0,Not answered,소년법 폐지요망 언제까지 봐줘야합니까 솜방망이 처벌 그만좀
petition_0164,"보육교사 직원들은 소수의 힘들게 하는 학부모님들 때문에 고통스러울 때도 있습니다. 그런 사람들은 소수이지만 매해 그런 분들이 없던 적은 거의 없습니다. 그러니 매년 그런 일을 당하고 힘들어하게 됩니다. 그러나 여건 상으로 제대로 휴가를 얻지 못하며, 본인 몸이 좋지 않아도 편히 쉴 수가 없는 열악한 상황입니다. 이런 힘든 상황에도 약을 챙겨 먹으며 아이들을 보육하는 교사들인데 최근들어 안좋은 뉴스를 통해 더 걱정스러운 하루하루를 보내고 있습니다. 교사들이 진짜 아플때 쉴 수 있도록 1년에 단 이틀만이라도 원할 때는 쉬는 게 가능하도록 해주세요. 1년에 고작 이틀 아파서 쉴 뿐입니다. 그때는 그 교사의 반 학부모님들이 원에 보내지 않고 데리고있거나 다른 곳에 맡기도록 해주세요. 그럼 본인 직업에 자존감을 갖고, 학부모님께 감사하는 마음으로 열심히 할 수 있을 거 같아요. 수당을 올려라, 퇴근을 일찍 하게 해달라 할 수도 있지만, 진짜 몸이 아플 때는 돈도 중요하지 않고 살고 싶은 마음밖에 들지 않게 됩니다. 그 아픈 와중에는 아이들도 눈에 들어오지 않게 되고요. 진짜 어지럽고 구토가 밀려오고 식은 땀 뻘뻘 나고 오한이 와도 보육을 위해 출근이라니.. 정말 죽을 거 같습니다. 휴게시간이 있어도 제대로 휴식을 취하긴 어렵습니다. 밖에 나가면 학부모님 만나게 되니 나온게 부끄럽고 민망하고 죄송한 마음이 들구요. 그렇다고 원에 있자니 아이들 생각나서 걱정되고요. 그다지 휴게시간이 잘 이뤄지기란 어렵네요. 제발 도와주세요. 단 이틀만이라도 아플때 쉴 수 있었으면 좋겠어요...",육아/교육,2018,2018-07-24,16,Not answered,1년에 이틀만이라도 아플때 쉴 수 있었으면 좋겠어요
petition_0165,학종은 정말 부모님의 정보력과 스펙 또한 중요하더군요... 될 학생한테 밀어주고...이게 현실입니다.이런 금수저학종을 그나마 수능최저까지 없애면 돈있는사람은 무조건 원하는대학에 가게되네요... 그냥 소신껏 열심히 공부해서 공평하게 대학을 갈수있게 해주세요...고2 자녀를 둔 부모로써 정말 화가납니다. 수능최저폐지를 하면 말이 정시확대지...정시를 아주조금 확대하고 결국엔 더 축소한건 아닙니까?? 밀실교육정책을 하십니까?,육아/교육,2018,2018-04-03,25,Not answered,수능최저 폐지
petition_0166,"안녕하세요. 저는 광명에서 7살 남아를 키우고 있는 직장맘입니다. 내년부터 유치원의 운영 방식을 바꾸겠으니 처음학교로 를 통해 12월 초까지 결정되는 유치원 입학 관련해서 충분히 알아보고 고민하여 다른 유치원에 보내든지 하라네요. 맘카페를 보니 이미 여러 곳이 비슷한 내용이 공지되었다고 합니다. 바꾼다는 내용은 아래와 같습니다. 1) 단축 운영을 한다고 합니다. 저희 아이가 다니는 유치원은 단일반 2시, 종일반 6시까지 진행이 되었습니다만 내년부터 1시반, 5시까지 진행한다고 하네요. 더불어 중간에 다른 학원수업 등에 대한 참여는 불허한다고 합니다. 2) 특성화 수업 폐지 특성화 교육은 체육, 블럭, 악기, 국악 등을 하고 있습니다. 월 12만원 정도의 교육비를 추가 부담하지만 비용 대비 다양한 것을 접할 수 있고 종일반 또한 비교적 늦은 시간까지 케어가 되서 감사히 보내고 있었습니다만 갑자기 내년 3월부터 모든 걸 중단한다고 연락이 왔습니다. 유치원의 특성화 수업이 대단한 게 아니라 아이들에게 다양한 분야의 흥미를 주는 놀이학습 정도로 생각하는 제 입장에선 너무 아쉽단 생각입니다. 3) 아직 언급되지 않았으나 걱정되는 부분 우유급식, 견학, 통학버스, 방학 등은 어찌 되는 걸까요. 광주씨 쪽은 통학버스 운영도 중단한다고 하는데요... 결론은 사립유치원의 입장은 국공립과 마찬가지로 누리과정만 진행하고 운영방식도 비슷하게 가겠다. 인 것 같습니다. 이렇게 해도 버틸래? 하는 아이들을 볼모로 한 학부모들에게 향한 협박인 것으로 여겨집니다. 정부를 학부모들이 막아달라는 거지요. 아이들을 키우지 않는 입장에선 저게 뭐? 할지 모르지만 오랜 시간 유치원에서 시간을 보내야 하는 어린 아이들에겐 중요한 것이 프로그램 내용일 겁니다. 사립 유치원은 추가 비용을 받아서 개인이 지불해야하는 사교육 비용보다 저렴하고 다양한 놀이학습을 경험하게 해주지요. 국공립의 장점은 저렴한 비용이겠지만 짧은 교육시간과 긴 방학으로 맞벌이 들에겐 매우 벅찬 시스템입니다. 바라건데 양쪽의 장점을 조합하고 단점을 정리하여 좋은 방향으로 갔으면 합니다만 사립유치원은 정부의 방침이 맘에 들지 않아 협박을 하는 거니 어쩔래? 하는 방식으로 유치원들이 담합, 대응으로 나서기 시작한 것 같습니다. 맞벌이 부모들에게 유치원은 아직 사교육으로 내돌리기엔 너무 어린 아이들입니다. 안정되게 한 공간에서 지루하지 않게 하루의 시간을 알차게 보낼 수 있었으면 하는 게 결국 가장 큰 바람입니다. 이제 학부모들은 12월까지 유치원을 결정해야 하고 (나갈테면 나가라 했으니) 3월부터는 저 시스템에 맞춰 아이들의 남는 시간에 대한 스케줄을 짜야 합니다. 아님 회사를 관둬야겠지요. 정부나 의원들께서도 나름대로 애쓰고 있는 걸로 알고 있습니다만 시간이 생각보다 많지 않고....아이들은 오늘도 자라고 있습니다. 어떠한 상황에서도 아이들이 위협받지 않는 나라가 되었으면 합니다. 정부의 향후 플랜에 대한 국민을 향한 설명이 있었으면 하며... 부디 유치원부터라도 이득과 손해가 아닌 옳고 그름의 가치에 따른 방향성으로 교육 정책이 이루어졌으면 합니다.",육아/교육,2018,2018-11-15,10,Not answered,사립유치원의 아이들을 볼모로 학부모들을 향해서 하고 있는 협박을 막고 싸워주세요.
petition_0167,아이는 미래다 출산을 많이 하라 하면서 부모에게 모든것을 전가 시키는게 출산장려 정책입니까? 전 혜택없는 한부모 가장입니다 아이 3명이고요 이번 여름 방학중에 초등 돌봄에 위생 문제로 도시락 지참하라고해서 신청 포기했읍니다 왜? 위생문제로 급식이 중단됍니까? 제대로 검사하고 직업의식있는 사람 고용하면 돼잖읍니까? 책상머리에 앉아서 세금만 축내지 않고 제대로 일하는 사람을 고용하면 위생 해결돼는거 아닙니까? 급식 비용 부담하라고 하면 부담할테니까 아이를 맞기고 마음놓고 일을 할수 있는 환경을 만들어주세요,육아/교육,2018,2018-07-04,9,Not answered,방학중 돌봄 급식
petition_0168,"돌봄전담사가 가장 우려하는 점은 시설은 학교에 있고 그 운영주체는 지자체가 맡아 분리 운영한다는 것입니다. 이것은 곧 학교에서는 아이들의 방과후 돌봄 교육활동에 관여하지 않겠다는 것입니다. 학부모들이 돌봄교실에 자녀를 믿고 맡기는 것은 학교가 관리하기 때문인데 운영주체가 학교에서 지자체로 바뀌면 행정업무가 원활이 운영되지 않을 뿐만 아니라, 현재 교육청 소속의 돌봄전담사의 신분상 불안이 가중되어 아이들의 안전과 교육, 보육의 질이 낮아질 수 있기 때문입니다.",육아/교육,2017,2017-09-27,4,Not answered,초등돌봄교실 지자체 이관 반대
petition_0169,"우리나라 학생들이 영어 경쟁력이 없다는 것은 이미 다 아는 사실입니다! 국제적으로 영어가 의사소통의 수단이 되고 있는 이때에 1학년부터 영어를 정규과목으로 가르치치는 못할망정 서민들을 위한 방과후 과정까지 금지시키다니요?? 최소한 형평성만 맞췄서도 명분은 있을겁니다! 유치원, 학원 죄다 영어를 어려서부터 시키고 있는데 초등1~2학년때 갑자기 입막고 눈감고 절대 영어를 공부하지 말라니요??? 서민자녀 공부길 막아놓고 있는집 애들 열심히 앞서가게 하는 정책밖에 더 됩니까?? 청문회보면 높은분들 자녀는 어려서부터 조기유학가고 그러던데 서민들은 왜 기초영어도 미리 좀 배우면 안 되는데요????? 정책이 철회되지 않으면, 이 정부에 대한 제 지지를 철회하고 싶습니다!! 정말 짜증나고 화가 치밀어서 글 좀 납깁니다!!!",육아/교육,2017,2017-12-03,51,Not answered,"대통령님, 초등1,2방과후 영어폐지 정말 최악의 정책입니다!"
petition_0170,"18살 학생입니다. 몇몇 트라우마와 스트레스로 고1때부터 몇번 정신과치료를 받았습니다. 하지만 약을 먹어야하는 상태임에도 불구하고, 제대로된 치료를 위해선 초진비용 20~30만원이 필요했고 저는 그것들을 부담할 수 없습니다. 저뿐만 아니라 제 주변친구들 다 우울증 증세를 보입니다. 갖가지 학업스트레스, 무한경쟁속에서 친구들은 썩은시체마냥 눈만뜬채 사는것같습니다. 심지어 정신과에대한 사회적 인식도 안좋아 상태가 심각한데도 꺼리는 친구들도 보았고, 자해하는친구들도 정말 많았습니다. 학교에서 얕게나마라도 학생들의 정신건강을위해 힘써줬으면 좋겠습니다. 부탁합니다",육아/교육,2018,2018-08-07,6,Not answered,"중,고등학생들을 대상으로 무료로 학교에서 심리치료,정신치료 해주세요"
petition_0171,"이번 부산시 시장님께서 어린이집 운영시간을 하루 12시간 오전 7시 30분부터 오후7 시 30분 까지 의무운영 정책을 한다며, 버스에는 홍보를 부산시 학부모님께 안내 메세지를 보내며 정책을 알리는 일이 지금 진행되고 있습니다. 그런데...현직 보육교사로써 부산시장님께 얘기 드립니다. 직장맘을 위한 종일보육 옳습니다. 현 어린이집들 교사와 원장님들 당직 돌아가며 정말 근로시간 어긋나지 않게 어럽게들 종일보육 운영하고있습니다. 그런데..오전부텆오흐ㅡ.7시반 까지 운영시...받을수 있는 원아는 제한을 ,커트라인을 주셔야죠... 모든 원아들... 20명 정원 어린이집에 모든 원아가 12시간 운영을 이용한다고 하면.. 교사부터 원장까지... 어떻게 원을 운영해야 하는지... 혹? 현장 시스템을 알고 계신지... 묻고싶습니다. 운영하면되죠? 근로시간 지켜서 교사채용~ 오버되는 시간들? 원장님이요? 원장님은 근로자 아닌가요? 그래요 원장님이 문열고 문닫고 교사들은 근로시간 9시간 지킨다고 해요. 만약 이용하는 원아수가 혼합으로 0.1.2세가 섞이면 어린 연령수대 교사수로 1:3 보육이여야 하는 원칙 은 아시는지요? 예..원아수가 넘어 보조교사 급구.. 인건비는요? 아...인건비 예...주시는 보조금으로 충당..뭐 허리띠 졸라 맸습니다. 그런데... 남들 퇴근하는 시간 보육하시려는 보육교사가 안계십니다. 오전이요? 내아이 내가족을 챙겨야하는 시간 출근하신다는 보육교사가 없으십니다. 아...시청에서 ...시장님이 구해주시나요? 아...원에서 알아서 하라십니다. 원장님 당직교사 제안 합니다. 교사들 입장...우리 아이는요? 데려와서 근무요? 아...원장님... 그럼 저희는 애를 데리고 뒷정리 끝나니 8시퇴근.. 우리 아이는요? 제가 왜? 보육교사를 해야하나요? 시장님... 지금 보육교사이지 한아이의 엄마인 저로써는 도저희 납득되지 않는 이 정책이 정말 어이없습니다. 준비된 인력보충 재정 지원 어느것 하나 분명한것도 없이 이게 무엇인지... 저를 비롯해 주변 보육교사분들 이 직업이 싫다고 하십니다. 정작...내자식 돌봄도 제대로 못하는데 어찌 남의 자식을 보듬고 돌보수 있는건지.. CCTV 아래에서 보여지는 행동하나 표정하나까지 의심의 의심 받으며 언제 난 학대 교사가 될까? 학부모 눈치에 아이들 눈치에... 행여나 반아이가 엄마랑 헤어지기 싫어 울때면 ...심장이 쿵 합니다. 학부형님들께 오해 받을까? 아시나요? 시장님? 전 이정책이 시행되면 보육교사 안하려구요~ 답답하고 어이없는 보육환경에 한숨밖에 답이 없어 그만두려 합니다 시장님 도대체 이정책은 어떤이유로 어떤과정을 거쳐 어떻게 나온 시책인가요? 현직 보육과정과 운영을 아시는분들이 동참되고 의논되어 계획된 일인가요? 종일보육 필요합니다. 12시간 24시간 운영되는 어린이집 있지않나요? 한구에 한동에 추가로 원들을 계획하에 설립해주세요~ 공공형부터 야간보육 신청 지원혜택주시면서 늘여주세요~ 피료한 학부형님들 찾아갑니다. 그리고...학부형으로 얘기드립니다. 저희도 부모입니다. 저희 아이들도 엄마와의 시간을 기다립니다. 교사로서 얘기드립니다... 일정시간 아이들 보육기관 참여 이롭습니다. 하지만 무엇보다...영아기 아이들은... 우리엄마와 함께하는 시간이 가장 우선시 되고 많아져야 합니다. 엄마와 아이들의 시간을 헤치지 말아주세요",육아/교육,2018,2018-12-11,188,Not answered,부산시장님께...저는 보육교사입니다.누구를 위한 정책인지 묻고싶습니다
petition_0172,"국민청원 게시판에 유은혜 교육부 장관 후보자에 대한 반대의 목소리가 높다는 것이 뉴스가 되었다. 하지만 문재인-민주당 정부는 이에 굴하지 말아야 한다. 첫째, 유 후보자가 교육 전문가가 아니라고 한다. 그럼 지금까지 교육 전문가, 대학교수 위주로 일해 온 교육부 장관들은 얼마나 차별성 있게 잘 해 왔는지 물어야 한다. 대한민국 교육문제, 특히 대입 정책이 교육 전문성이 높지 않아 번번히 좌절되어 온 것이 아니다. 대입 지옥, 학벌 지상주의 사회 대한민국에서 모두를 만족시키는 대입 정책이란 애시당초 가능하지 않다. 대입제도의 개혁의 어려움은 대중의 지혜가 모아진다는 공론화 과정을 통해서도 입증되었다. 원전 공론화 이후 두번째 공론화 과정을 가졌지만 김영란 전 대법관이 말한대로 대한민국에서 대입제도가 모두를 만족시키기란 사실상 불가능하다. 교육 전문가라고 한다면 대학 교수에 경기교육감을 역임한--그렇다 이명박 정부 시기 저항의 아이콘 같았던 무상급식--김상곤 장관만한 사람도 없다. 하지만 현장의 현실을 제대로 들여다 보지 못하고 유치원 방과 후 영어교육 금지를 밀어부치고 결국 혼란만 안기고 말았다. 교육전문성과 교육정책을 안정감있게 집행하는 능력이 함께 간다는 보장이 전혀 없다. 오히려 유 후보자는 국회 교문위 활동을 통해서 경험한 객관적 관찰자로서 교육 현장의 현실을 차분히 받아들이며 정책을 집행할 가능성이 높다. 둘째, 유은혜 후보자에게 김상곤 교육부 장관은 부채이기도 하지만 '숨 쉴 공간'을 남겨주었다. 대한민국 욕망이 부딪히는 대결장, 대입 제도에 관해서는 김상곤 교육부장관이 실패한 수능 절대평가는 이미 '중장기 과제'로 분류된 바 문재인 정부에서 사실상 무산되었다고 보는 시각이 우세하다. 그리고 대통령 교육공약 중 하나인 고교학점제의 전면시행도 2025년으로 미뤄놨다. 또 다른 교육개혁과제인 고교체계 개편 역시 위헌소송 중이라 그 어떤 교육 전문가라도 할 수 있는 바가 그리 크지 않다. 유 후보자는 국공립유치원 확충과 온종일 돌봄체계 정비, 고교 무상교육, 사교육비 부담 경감 등 대입제도 개혁 이외 사람들이 체감할 수 있는 부분에 강점을 발휘할 가능성이 높다. 유 후보자가 소통의 수준을 높여 여러 목소리를 잘 귀담아듣고 할 수 있는 것들 부터 하나씩 해결해 갈 수 있다고 본다.",육아/교육,2018,2018-08-31,46,Not answered,유은혜 의원의 사회 부총리 겸 교육부 장관 후보자에 대한 저열한 정치공세 굿판을 당장 집어치워라!
petition_0173,"존경하는 대통령님께~!! 더이상 청소년보호법이란 법은 의미가 없어졌습니다. 그 법을 믿고 오히려 청소년 범죄는 아무런 죄의식 없이 더 판을 치고 있습니다. 계속 보고만 있을껀가요? 오늘 또 한 여고생의 사망소식에 용의자가 2명의 남자고등학생이란 것에 충격을 받았고, 대한민국에선 더이삿 청소년은 보호대상이 아닌 처벌의 대상입니다. 성인과 같은 처벌 받는 평등한 대한민국 만들어주십시요. 그리고 더이상 학생에게 무조건의 자율화는 폐지해주시길 간청합니다. 길거리 혹시 보셨는지요? 교복입지않으면 학생인지 성인인지 구분이 안됩니다. 학생자율화 폐지시켜주시길 부탁합니다. 책임감을 배우고 자유엔 책임이 따르는걸 가르칠 시기라고 판단됩니다. 범죄자가 교도소 출퇴근이란 어처구니 없는 법안 말고 이것부터 해결하시길 바랍니다. 국민이 명령합니다.",육아/교육,2018,2018-09-15,6,Not answered,청소년보호법 폐지와 학생자율화 폐지 건의합니다.
petition_0174,사립유치원을 매립하여 단설유치원으로 만들고 그로인해 예산을 5000 억을 쓴다고 하니.. 한아이의 부모로써 이해가 되지 않습니다 이렇게 한다고 사립유치원의 비리와 유치원의 문제가 해결된다고 보여지지 않습니다 이미 각구에 각동네에 초등학교가 있습니다 증축만하여도 유치원의 문제가 해결되지 않을까 생각해봅니다 유아교육학과를 나와 임용을 본 유치원 선생님의 자질이 왜 병설에만 속하는지 어린 아이들에게 그 자질을 갖춘 선생님의 몫이 중요해보입니다 더더욱 초등학교 내에 유치원의 확대가 예산은 물론 미래를 생각해도 더 안정적으로 보입니다. 저의 짧은 생각인가요? 이사회에서 일하는 엄마들을 위해서도 병설유치원의 확대는 더 중요해보입니다 월급에 3분의2가 퇴근할때까지의 사교육비로 들어갑니다. 동네마다 이미 있는 초등학교안에 병설유치원을 확대해주세요 이 또한 현재 사립유치원을 생각해서 안된다고 하심 정말 먼 미래가 까마득합니다. 이나라를 이끌어갈 아이들을 생각하시고 이 아이들을 잘 키울 수 있도록 부모를 생각해주세요!!,육아/교육,2018,2018-10-27,14,Not answered,초등학교 안에 유치원을 확대해주세요!!
petition_0175,4차산업시대라면서... AI시대 인공지능시대라면서...... 이게 무슨 미개해 사고입니까...... 등하원알림서비스. 나라에서 의무적으로 기기설치해주세요! 컴퓨터며 스마트폰이며.. 얼마나 활용할 기기가 많은가요.. 앱을 이용하면 충분히 간단하게 등하원 알림서비스 개발 가능하지 않을까요... 사람하고 똑같은 로봇까지 개발되는 이 시대에.. 정말 이해할 수 없는 똑같은 사고가 몇년이 지나도 반복적으로 발생하는건 큰 문제입니다. 제발 하루빨리 어린이집 유치원 등하원알림서비스 의무설치 해주세요!!!!!,육아/교육,2018,2018-07-18,16,Not answered,어린이집 차량 관련 유아 사망사고를 막을 수 있게 도와주세요
petition_0176,교육은 진보와 보수 같은 이념으로 구분하면 안되기에 번호도 없이 시도별 교육감을 선출 하고 있으나 교육에 전혀 연관도 관심도 없는 성인 다수는 자신의 정치신념에 의거하여 투표를 하고 있는 것이 현실임니다. 따라서 실재 교육행정에 영향을 받는 학부모 또는 예비 학부모(4년이내 입학예정인)들에게만 투표권을 주는것이 타당하다 생각합니다. 물론 교육이 백년지대계라 왜 다른이들이 연관이 없느냐 할 수 있지만 교육행정에 막대한 영향을 받는 학부모입장에선 어찌보면 선택권을 제대로 행사하지 못하는 결과일 수 있다 사료됩니다. 투표시 교육감이 누군지도 모르고 진보냐 보수냐만 알아보고 투표하는게 말이 됩니까?,육아/교육,2018,2018-06-19,7,Not answered,교육감 투표를 학부모만 할 수 있도록 투표권 제한을 부탁드립니다.
petition_0177,"대한민국 대다수의 고졸 학생들은 스스로를 행복하다고 생각한다는데, 주입된 행복이며, 현실은 대다수가 우울증에 걸려 있습니다. 하지만 스스로 인지를 못할 뿐입니다. 수능 문제는 문제 자체부터 엉터리이지만, 학생 및 교사들은 문제제기를 하지 않습니다. 오직 외부의 시각을 가진 자들에 의해 수능문제는 문제제기가 됩니다. 하지만 외부인들은 수능과는 아무 연관이 없기 때문에 거기서 그치고 맙니다. 저는 교육이야기만 들으면 화가 납니다. 국어 영어 수학 심지어는 사회까지 (필자가 인문계열이었습니다.) 아무것도 제대로 학생들에게 교육을 위한 교육을 가르치고 있지 않기 때문입니다. 제 눈에는 매 년 수십만명씩 우울증 환자가 고등학교에서 졸업하는 듯 보입니다. 자세한 공교육의 현실에 대해서는 제 티스토리 블로그에 적어놨습니다. 아래 링크를 참조해주시길 바랍니다. 학생들은 투표권이 없기 때문에 정치에서 논외되고 있습니다. 이에 따라 가장 중요한 국가의 미래를 결정지을 공교육의 상태는 썩어빠져있습니다. 도대체 누가 수능문제를 만드는지, 타당한 기준에 따라 출제자를 선별하는지도 의문이 갈 지경이고, 도저히 합리적인 추론과 의심을 통해서는 그 문제가 성립조차 하지 않는다는 것을 일부만 뼈저리게 인지하고 있을 뿐입니다. 대한민국의 학생들은 수능이라는 특별한 시험을 치기 위해 특별한 공부를 해야 합니다. 때때로 수능이라는 제도가 모두에게 똑같이 주어지는 기회의 상징처럼 사용되는데 이는 공정과 공평을 구별하지 못해서입니다. 수능제도는 공평하지만 공정하지 않습니다. 최소한 국가에서 팔걷어붙이고 학생들을 줄세울 시험이라면, 공정한 수단을 통해 줄세워졌으면 합니다. 수능의 제도적 문제 이전에 수능이라는 국가적 시험의 출제수준이 땅을 치고 있다는 것이 너무 창피하고 부끄럽습니다. 아무것도 모르고 이 제도 속에서 공부하는 학생들은 도대체 무슨 죄가 있단 말입니까? 대한민국 교육부에서 문제인식도 되어있지 않은 상태라는 것을 압니다. 항상 교육은 백년지대계라는 문장을 교육혁신하기 힘든 이유로 내거는데, 매년 수십만의 학생, (학생이기 전에)국민, (국민이기 전에)사람들이 이 공교육 시스템 속에서 졸업하게 됩니다. 교육당국은 철저히 전문가를 총동원하여 최대한 빠른 시일 내에 이 문제에 대해 조속히 해결방안을 찾아보길 바랍니다.",육아/교육,2017,2017-10-30,1,Not answered,공교육 혁신 및 학생 투표권이 필요합니다.
petition_0178,"강남구 소재 여고 교무부장이 본인의 딸인 쌍둥이 여학생들의 시험지를 시험 전에 확인하고 감독했습니다. 부정행위가 있었던 없었던 간에, 충분히 문제의 여지가 있을 수 있는 사안이라고 생각됩니다. 철저하게 확인하고, 다시는 이런 사태가 없을 수 있도록 강력한 조치가 있어야 한다고 생각됩니다. 기본적으로는 학부모가 같은 중고등학교에 교사로 있을 수 없도록 해야 할 것입니다. 아무리 관리를 철저히 한다고 해도 직간접적으로 학생들이 도움을 받을 수 밖에 없는 구조입니다.",육아/교육,2018,2018-08-11,176,Not answered,"쌍둥이딸의 시험지를 그 아버지가 관리감독했다니, 말이 됩니까?"
petition_0179,일베는 오래 전 부터 문제가 돼 왔고 워마드는 현 일베 못지 않게 문제가 많이 발생 합니다. 거기에 일베 워마드 포함 저런 비슷한 류의 사이트에서는 여혐 남혐 갈등이 치솟고 있지요. 진짜 일 한번 터져야 관심을 가질겁니까?? 비정상적인 사람이 모인 자리이며 남혐 여혐 사회갈등 조장 등등 파렴치한 말들을 밥먹듯이 하는 곳입니다. 그런 곳이 연령 제한조차 없는데 아이들이 우연히 접하게 되면 뭘 배울거 같습니까?? 거기에 남녀 갈등이 엄청나게 치솟아서 서로 살인 폭력이라도 하게 된다면 그제서야 관심을 가지실겁니까?? 네이버 뉴스 보면 저기서 활동 하는 사람들 댓글 투성이 입니다. 정상적인 사람들이 뉴스를 보고 댓글란 보면 눈부터 찌푸려 진다 이말입니다. 부디 생각 해보세요. 저 사이트들이 사회에 필요한가 불필요한가 최소한 아이들을 위해서 폐쇄하는게 맞지 않을까요?? 글 한번 남겨 봅니다.,육아/교육,2018,2018-07-24,32,Not answered,일베 워마드 같은 사이트 폐쇄해주세요.
petition_0180,"지난 6월 정신지체장애 남성(46세 정**)이 약국에 들어와 무고한 약사와 직원을 위협하고 흉기로 수차례 찌른 사건이 있었다. 사건으로 어린 자녀를 둔 30대의 피해 직원은 사망했으나, 이유도 없이 범행을 저지른 가해 남성의 처벌은 과거 정신과 치료기록을 이유로 감형될지도 모른다. 몇 년 전 강남역 사건과 마찬가지로 이는 여성 혐오 범죄 사건이다. 힘이 약한 여성을 의도적으로 살인해놓고 정신적인 이유나 음주를 방패로 감형되는 수많은 가해자 남성들을 더 이상 두고 볼 수 없다. 감형 없이 죄의 무게만큼 죄를 받는 대한민국을 원한다. 여성이라는 이유로 목숨의 위협을 받지 않는 대한민국을 원한다.",인권/성평등,2018,2018-11-18,142715,Not answered,포항 약국 칼부림 사건의 가해 남성을 제대로 처벌하라.
petition_0181,"법정 최대 근로시간이 주 68시간에서 52시간으로 근로기준법이 개정되는데, 법 시행을 앞두고 건설사들이 갖은 꼼수를 부리려는 조짐이 여기저기 나타나고 있습니다. 주100시간 안팎의 장시간 근로를 하면서 정규근로시간 또는 법정 최대근로시간 이외의 초과근로에 대해서는 급여(수당) 산정 제외는 물론이고, 일과시간 중간에 실효성 없는 휴게시간을 끼워 넣어 근로시간에서 제외 하는 등의 불법, 편법 행위를 동원할 구상만 하고 있습니다. 또한 해외 건설현장의 경우에는 수주경쟁력이 약화된다는 핑게로 예외를 두라는 목소리까지 내고 있습니다. 그간 한국 건설사의 해외공사 수주의 비결이 품질이나 기술력보다는 노동 후진국이라는 점을 악용했다는 것을 스스로 증명하고 있는 샘입니다. 직원을 채용할 때도 모집공고 상에는 주5일 근무, 주 40시간 근무라고 버젓이 기재하지만 막상 현장직 기술자들은 주말이나 공휴일도 제대로 쉬지 못하고 이른 아침(06시30분~07시) 출근하여 밤 9시는 기본이고 때로는 자정을 넘긴 시간까지 현장사무실을 불을 밝히고 있습니다. 그에 대한 대체휴무는 상상도 할 수 없고요. 근로기준법에 정해진 연가(연차)를 쓴다는 것도 여러 제약이 많으며 미사용시 수당으로 지급받지 못하는 경우도 상당수입니다. 건설일용직 노무자, 기능공들 역시 겉으로는 일 8시간 일하는 것으로 되어 있지만 아침 일찍 출근하여 조회(TBM), 안전교육, 체조 등을 실시하여 실질적으로는 10시간 가까이 일하는 실정으로 기상사정이 허락하는 한 주말, 법정 공휴일에도 일을 하고 있습니다. 일당제 특성상 근로자들의 물론 자발적인 휴일 근로를 하는 경우가 많겠으나 휴일 근로에 대한 별도의 수당도 없고 근로기준법에 정한 주휴수당(주 5일 만근시 휴일 1일 유급휴일)도 편법적으로 적용 제외되고 있습니다. 우리나라 노동시간이 OECD국가 중 2위라고 합니다. 하지만 임금에 반영되지 않는 비공식적인 시간외 근로시간을 포함한다면 무난히 1위를 달성하지 않을까 싶습니다. 우리나라가 과거 극빈국에서 개발도상국을 거쳐 현재 선진국 반열에 올라섰음에도 불구하고 기성세대와 기업은 일만 열심히 하는 기계적인 인재상을 바라고 있습니다. 외국 사례를 보면 유럽 선진국들은 주35시간을 법정근로시간으로 정하고 있고 주 4일 근무제를 도입하려는 추세이며, 미국 건설현장의 경우에도 오전 9시 출근 오후 5시 퇴근을 기본으로 하고 있고 주말에 쉬는 것으로 알고 있습니다. 이렇게 세계적으로 근로시간이 줄고 있는데 유독 대한민국, 특히 건설, IT, 제조업(교대) 등의 분야는 전혀 개선의 여지를 보이지 않고 있습니다. 국가에서 법으로 정하는 최대근로시간을 지키겠다는데 이마저 무시되는 현실이 말이 됩니까? 요즘 워라밸(일과 삶의 균형), 저녁이 있는 삶이 대두대고 있는 시점에서 젊은 세대들은 높은 연봉보다 여유로운 개인 삶이 보장되는 직장을 선호하고 있습니다. 이런 세태 속에 몇 십 년 전과 달라지지 않은 건설현장의 열악한 근무환경에 젊은이들은 해당 업계를 속속 떠나고 있습니다. 토목, 건축 등 건설관련 전공자의 대다수가 한정된 공무원 또는 공기업직원이 되기만을 바라본다거나 타업종으로 이직한다면 앞으로 누가 대한민국 건설산업을 이끌어 가겠습니까? 아직도 건설사 오너들을 비롯한 임직원, 하도급 업자들, 일부 공사 발주자들은 실질적인 품질, 안전, 환경 보다는 원가나 공기단축에만 혈안이 되어 있는 것이 사실입니다. 그래서 무리한 공정을 추진하게 되고 부족한 인력 배치로 현장직원들의 업무가 가중되고 현장관리가 제대로 되지 않고 있습니다. 이러한 원인들로 건설현장 산업재해는 빈번히 발생되고 '성실시공=이윤감소'라는 생각이 만연하고 있다고 생각됩니다. 단순직 용역 근로자부터 건설현장 관리감독자까지 관련 종사자 모두는 일하는 기계도 아니고 기업의 이윤추구의 희생양이 되어야하는 소모품도 아닙니다. 한 가정의 가장, 누군가의 남편, 어떤 아이들의 아빠, 누군가의 소중한 아들입니다. 언제까지 보장되어야 할 업무 이외의 개인 시간까지 저당 잡히며 인생의 소중한 시간을 포기한 채 시대에 역행하는 삶을 살아가야합니까? 말로만 노동자의 권익보호, 출산 및 육아 장려, 고용창출을 내세우지 말고 이제는 정부가 나서야 할 때입니다. 건설현장의 노동 환경 개선을 위하여 다음과 같은 사항들이 건설현장에 적용될 수 있도록 국토교통부와 고용노동부 등 정부 유관기관이 적극 나설 수 있도록 도와주시기 바랍니다. 1. 설계, 공사발주 단계에서 주52시간 근로에 부합되는 공기 및 공사비 책정 2. 노동 관련 법규에 위배되는 건설 관련 업체(시공사, 설계엔지니어링, 용역사 등 모두 포함)들의 편법, 불법행위 감시, 단속 및 처벌 강화 3. 주말 및 법정공휴일, 야간에 공사장내 작업을 지양토록 지도 4. 건설일용직 근로자들의 주휴수당 지급 확대, 초과근로수당 및 휴일근로수당 지급 5. 부실공사와 안전사고를 조장, 고용 축소를 조장하는 최저가 낙찰제 폐지 6. 건설사 소속 직원들의 출퇴근 시간을 정량적이고 투명하게 관리 7. 법정 인원인 현장대리인, 품질관리기술자, 안전관리자, 보건관리자 등 법정인원 겸직 금지 및 실제 해당 업무 전담토록 수시 관리 8. 모든 건설현장 관계자들의 실질적인 휴게시간 보장 9. 직원들의 포괄임금제 폐지 10. 사업장 규모 등에 따른 차등을 주지말고 금년 7월부터 주52시간 근무제 즉각 시행 11. 하청업체 소속의 일용직근로자들도 사업장 주체인 원청사 근로계약체결 12. 노무관리의 책임소재 명확성과 품질확보를 위해 특수 공종을 제외한 하도급공사 대폭축소 및 재하도급 단속 철저(건설공사 다단계 구조 개선) 13. 건설관련 기업들이 적재적소에 적정 인원을 배치할 수 있도록 입찰시 현장 투입인원 계획, 정규직 비율에 따른 가점 적용 등 고용 장려 14. 발주자부터 휴일 현장 작업을 지양토록 관리하고 현장에 부당한 업무지시 및 일과시간 이후 업무지시 자제 15. 국토교통부, 고용노동부 등 관계부처부터 건설현장 근로 실태 파악, 지도, 감독할 수 있는 인력을 대폭 충원(전담 인력 배치",인권/성평등,2018,2018-05-03,41,Not answered,건설현장 근로기준법관련하여
petition_0182,"요즘 미투운동이 유행하는 걸 압니다. 저 역시도 미투운동을 지지하는 사람 중 한 사람입니다. 그런데 이 미투운동이 몇몇 몰상식한 사람들에 의해 악용될까 굉장히 우려스럽습니다. 또한 여성에 대한 성추행은 대부분 확실한 물증보단 증언으로만 조사하니 무고하게 신고받은 남성도 굉장히 많을 것입니다. 그러므로 성추행 조사에 대한 신중한 조사와 미투를 무고하게 악용한 사람들의 처벌을 강화해줄 것을 감히 요구합니다. 악용자들은 무고한 사람들의 인생을 망쳐놓곤 집행유예, 벌금형이 고작입니다. 그리고 이 마저도 증명하기에 상당한 비용과 시간이 필요합니다. 이렇게 처벌 수위가 낮으니 악용자들이 더욱 더 많아질 것입니다. 무고죄는 중죄입니다. 징역 10년을 받아도 모자를 사람들입니다. 악용자들에 대한 처벌수위를 높여 억울한 사람이 없게 해주시길 희망합니다.",인권/성평등,2018,2018-03-16,24,Not answered,미투운동악용자 처벌 및 무고죄 수위강화
petition_0183,"무엇이든지 있어 피해자의 진술이 증거라고 합니다. 피해자도 마찬가지로 그말을 지어낼 시간이 있거나 증거인멸 등 의 기회가 있습니다. 다만 억울한 무고죄일 경우는 어떻게 판단합니까 특히 아동, 청소년 부분에서 요즘 청소년들의 행태를 보았을때 물론 피해자의 진술이 맞을 때도 있겠지만 아니라면 그 진술이 어떻게 증거가 되고 입증을 해보이시겠습니까 억울한 무고한 시민이 없도록 제도를 적극 변경해주세요",인권/성평등,2018,2018-09-21,20,Not answered,"성추행, 성희롱 등 피해자 거짓말탐지기 제도를 만들어주세요"
petition_0184,"대구 모 여자 중학교에서 교사 3명이 성추행과 인권을 침해한 혐의로 경찰에 고발이 되었다고 합니다 그 중 한 교사는 여교사였고 그 교사는 여성이고 직접 수업에 참여하지 않는다는 이유로 조사 대상에서 제외되었다고 합니다 성적으로 수치심을 느꼈다면 동성에 의한 성추행도 엄연한 성추행입니다. 왜 여성이라는 이유로, 동성이라는 이유로 조사 대상에서 제외합니까? 법적으로도 동성간에는 성추행 혐의가 적용이 된다고 합니다. 그것도 모자라 피해자와 가해자를 대면시킨것은 또 무슨 경우입니까? 진정한 성평등을 위해서라면 가해자가 여성이라는 이유만으로 조사대상에서 제외되는 일이 없어야합니다.",인권/성평등,2018,2018-10-18,17,Not answered,대구 여중생 성추행 여교사도 수업 배재시키십시오
petition_0185,"저희 아들이 사귄 여자친구한테 무차별 폭행을 당하고 그여자가 112에 먼저 신고해 아들을 폭행범으로 몰아 구속 되었습니다. 그 이유는 그여자가 엄마인 저와 가족욕을 계속 하길래 하지말라고 살짝 밀쳤다는건데. 그걸로 전치2주 진단서를 끈어서 폭행범으로 구속을 시키고 그날 차에서 내리라고 해도 안내리면서 112에 신고를 해서 납치당했다고 말하여 현장구속 되었습니다. 동영상의 맞는 남자가 아들입니다. 한달동안 여자와 동거를 하면서 날마다 아들에게 성관계를 요구 하였고. 불만족시 일주일에 3번정도를 여자의 기분이 풀릴때까지 두들겨 팼답니다. 그러고도 우리 아들은 준강간범으로 되었습니다. 이여자는 돈도있고빽도있습니다. 우리집은 돈도없고빽도없습니다. 아들이 남자라는이유로 더 막중한 죄값을치르는거라면 여자도 이렇게 폭행할수있고 맞고사는남자도많습니다. 폭행은 몇년 전부터 시작됬고. 폭행에 못이겨 아들이 경찰에 신고를 하면 그여자가 미안하다고 이젠 안그렇겠다고 계속 합의 하자고 해서 이젠 안그렇겠지하고 합의해준게 몇번이나 됩니다. 하지만. 헤어진후에도 술마시고 전화해 찾아와 미안하다고 잘못했다고 무릎꿇고 빌고도 다시 사귀어달라며, 아니면 한번만 만나달라며, 나여기 어디인데 지금 빨리와달라며, 그렇게 또 다시 폭행이 계속 됬답니다. 저에게도 이보다 더 심한 욕을했습니다. 변호사도 대통령이 발표한 데이트 폭력 엄벌 때문에 어떻게 손을 쓸 수가 없다고 합니다. 이 억울함을 어디에 털어놀곳이없어 이곳에 글을 올립니다. 제발 부탁해요. 이 억울함을 풀어주세요. [본 게시물의 일부 내용이 국민 청원 요건에 위배되어 관리자에 의해 수정되었습니다]",인권/성평등,2018,2018-11-04,119,Not answered,데이트 폭행 당한 아들을 살려주세요. 남자도 데이트 폭력의 희생자가 될 수있습니다.(동영상 4개有)
petition_0186,"이명희 갑질,폭행 상습 적으로 이루어졌다 그러나 법원은 기각했다 김성태 의원 한 방 때린 청년은 즉시 구속 되었다 박동원,조상우선수 성폭행 구속 기각되었다 섬마을 여교사를 성폭행한 학부모형은 징혁 10~15년형이 구형됐다 안희정,김기덕,조재현 성폭행 아직 구속 되지 않았다 오히려 적반 하장 피해자들을 김기덕 무고죄로 고소했다 양예원씨 또한 본질을 보지 않고,피해자가 7명이 늘어났는데도 오히려 무고죄로 고소했다 문재인대통령 미투사건 이후 엄벌 처벌할 것이라고 말했다 그런데 아직 까지 소식이 없다 최저임금 노동자들의 법이 최저임금 삭감법으로 통과됐다 그런데도 불구하고 국회의원들 피감각 후원을 받아 경영진 편을 들고,오히려 노동자들을 노예로 만들었다 공무원 연금,사학 연금,군인 연금 받는 공무원들은 노후 자금에 배불렀다 그러나 국민 연금,기초 연금 20만원 받은 어르신 니어카 끌고 파지 줍고 있다 대한 민국 약자,여자,노동자,어른신,피해자들이 늘어나는데 권력 가진 자들이 강자들이 공무원들이 지 멋대로 하고 있다 이들을 처벌하지 않고서는 대한민국이 바로 갈 수 없다 재벌, 검찰, 사법부, 국회,공무원,가해자 적폐 강력 처벌하라 이들을 다 개혁 해야 한다",인권/성평등,2018,2018-06-05,51,Not answered,"약자를 지키지 못하는 검찰,사법부,국회,공무원 개혁하라"
petition_0187,개인의정보 즉이름 생년월일 주민번호 전화번호 (핸드폰번호포함)주소 카드번호 이런종류의내용을무조건요구하거나 동의도구하지않고자체적으로개인정보를장기보관하거나 자신들이임의로사용하고심지어는불이익을주는데사용하는실태입니다 신용정보회사에이관하거나 관련계약서 정관 약관 을 주지도않고 신분확인을위해개인정보를 강요하고 심지어 내규인데도 불응하면 못도와준다고 하기도합니다 잘보호해주지도 못하면서말이지요 그런분야가 홈쇼핑회사들.종합병원이나동네병원들 금융기관들. 통신사들의 횡포가 무척심합니다 잘살펴주셔서 내규를강요당하거나 법적의무사항이 아닌데도 강요당하지않도록 조치해주십시요 수고하십시요,인권/성평등,2018,2018-02-20,2,Not answered,개인정보를 보호받고 싶어요
petition_0188,"현재 부산에 거주하며 교대근무를 하고 있는 남자 직장인입니다 제가 근무 특성상 낮에 시간적 여유가 있어 오전에 수영을 배워볼려고 집근처 수영장 두군데 알아보는데 여성전용 수영반이라 거절당하고 있습니다. 오전에는 여성수영, 오후에는 초등 유아수영을 하니 남자들은 새벽또는 저녁시간을 이용할수 밖에 없습니다. 이유는 주부실력에 맞게 운용한다는 황당한 답변을 받았습니다. 센터에서 생각하는 주부는 실력이 떨어지나봅니다. 4개레인에 초, 중, 상, 고급반 프로그램을 운용하는데 실력에 따라 반배정을 받는것이고 남성들보다 실력이 좋은 여성분들도 많은데 말입니다. 여기저기 알아보니 여성전용반을 운영하는 이유가 남자회원이 적은 오전시간대에 탈의실 샤워실을 여성이 사용하여 여성회원을 더 늘리기 위한 즉 수익을 증대하기 위한 목적이라고 합니다. 부산시 대다수의 수영장이 여성전용반을 운용하고 있고 이는 남녀평등성을 심각하게 침해하는 것입니다. 최근 서울에서는 여성전용반이 남성에 대한 역차별이고 이에 따른 민원, 언론보도등으로 내년 1월부터 여성 전용수영반을 폐지하기로 보도가 나왔습니다 얼마전 수원인권센터에서는 ""수영장을 이용자 중 남성이 여성보다 소수라는 사실이 이들을 달리 대우해야 할 합리적 근거가 될 수 없다""면서 ""여성과 더불어 남성도 함께 이용할 수 있도록 하는 것이 평등 원칙에 부합할 뿐 아니라 양성평등의 기본이념 및 공공수영장이 갖는 공공성과 사회적 책임에 부합한다"" 라고 했습니다. 여성전용 수영반 페지에 대한 답변을 바랍니다.",인권/성평등,2018,2018-12-11,5,Not answered,여성 전용 수영반 폐지
petition_0189,"현재 대한민국의 아버지,아들,남자친구,오빠,남동생은 잠재적 성추행범으로 몰릴 위기에 처해있습니다. 본인은 40대 후반의 가장으로 분당에서 강남까지 지하철로 출퇴근을 하고있습니다. 요즘은 출퇴근이 두렵습니다. 평소 가방없이 출퇴근하는데 얼마전부터 가로세로 20*30 정도 되는 필요도 없는 가방을 구입했습니다. 네, 용도는 주요부위와 손을 숨기기 위해서입니다. 하지만 뒤,옆에 계시는 여성분들의 가슴,손이 제 등과 팔에 닿는것은 아무리 움추려도 피할수는 없겠지요. 그럴때마다 불쾌함 보다는 두려움이 앞섭니다. 예민한 여성분이 혹시라도 남자의 등과 팔꿈치로 성추행 당했다고 주장하면 꼼짝없이 성추행범으로 몰리겠지요?? 이런 청원글을 올려야하는 현실이 어처구니 없지만, 대다수의 선량한 대한민국 남성들을 잠재적 성추행자로 내모는 인민재판,마녀사냥같은 피해자가 되고싶지 않습니다.",인권/성평등,2018,2018-09-19,20,Not answered,지하철 남성전용칸 설치를 청원합니다.(본인은 남성입니다)
petition_0190,"혜화역 시위에서 부적절한 고성과 욕설로 인하여 피해를 보는 여성들이 많다고 합니다. 집회현장은 정말 뜨거웠습니다. 너무 뜨거운 나머지 지나가던 사람들이 욕을 하기도 했는데요. 신경쓰지 않으려고 했었던것 같아요. 그렇지만 이번 집회가 몰카 아웃을 위쳐야 하는만큼 시위하는 중에 몰카 당하지 않을 권리를 주장했습니다. 사람들도 많이 모여서 사실 조금 시끄러워 보였겠습니다만 권리의 주장했습니다. 누군가는 시끄럽다고 하더군요. 따라서 보도 당하지 않을 권리를 지켜주며, 집회 장소 주변의 사람들의 권리를 보장하기 위해서 저는 다음과 같은 사항들을 정부에 간곡히 요청하려 합니다. 1. 정부는 보도 당하지 않을 집회자들을 위해 집회장소에 EMP 쇼크웨이브 발생장치를 제공하라. 2. 정부는 집회장소 일반시민을 위해 집회자들에게 에어컨이 설치되어있는 방음부스를 제공하라. 3. 2번이 힘들다면 집회자들이 집에서 집회할 수 있도록, 집회장소에 그들만 접속할 수 있는 인터넷 방송을 제공하라. 4. 2, 3번 모두 힘들다면, 집회자들의 입을 위해 충분한 음식을 제공하라. 이상입니다.",인권/성평등,2018,2018-06-10,4,Not answered,혜화역 시위에서 시민으로서 기본적인 권리를 박탈 당했습니다. 도와주세요.
petition_0191,"그리고 소년원 폐지하고 징역형으로 법이 강해야합니다 나라꼴이 이게 뭔지 '중학생 집단폭행 추락사'…옥상서 바지 벗기며 심한 수치심 줘 인천에서 또래 중학생을 집단폭행한 뒤 15층 아파트 옥상에서 추락해 숨지게 한 10대 남녀 4명이 상해치사죄로 재판에 넘겨졌다. 피의자 중 피해자의 패딩점퍼를 입고 법원에 출석해 논란을 빚은 10대에게는 사기죄가 추가로 적용됐다. 인천지검 여성아동범죄조사부(오세영 부장검사)는 상해치사 등 혐의로 A(14)군과 B(16)양 등 중학생 4명을 구속 기소했다고 12일 밝혔다. 이들 4명은 지난달 13일 오후 5시 20분께 인천시 연수구 한 15층짜리 아파트 옥상에서 C(14)군을 집단 폭행해 숨지게 한 혐의를 받고 있다. C군은 1시간 20분 가량 폭행을 당하다가 ""이렇게 맞을 바에는 차라리 죽는 게 낫겠다""고 말한 뒤 아파트 옥상에서 추락해 숨진 것으로 조사됐다. 사고 당시 A군 등 가해자 4명은 옥상에 계속 머물고 있었다. C군이 가해자 중 한 명의 아버지 얼굴에 대해 험담을 하고 사건 당일 ""너희들과 노는 것보다 게임을 하는 게 중요하다""고 말했다는 게 집단 폭행한 이유였다. 남녀 중학생 4명 가운데 A군 등 남학생 3명에게는 폭처법상 공동공갈·공동상해 혐의도 적용됐다. 이들은 아파트 옥상에서 C군을 집단폭행할 당시 그의 입과 온몸에 가래침을 뱉고 바지를 벗게 하는 등 심한 수치심을 준 것으로 드러났다. A군은 또 경찰에 검거돼 법원의 구속 전 피의자 심문(영장실질심사)에 출석하는 과정에서 숨진 C군의 패딩점퍼를 입어 논란이 됐다. 그는 사건 발생 이틀 전인 지난달 11일 오후 7시 30분께 자신의 집으로 C군을 불러 ""내가 갖고 있는 흰색 롱 패딩이 일본 디즈니랜드에서 산 옷""이라고 거짓말을 한 뒤 시가 25만원 상당의 피해자 패딩과 바꿔 입은 것으로 조사됐다. 검찰은 A군에게 공갈죄를 적용할지 검토했으나 옷을 바꿔 입는 과정에서 강제성은 없었다고 보고 대신 사기죄를 추가로 적용했다. 검찰 관계자는 ""피해자는 피의자들의 폭행에 더해 수치심을 견디지 못하고 스스로 목숨을 끊은 것으로 보인다""며 ""재판에서 죄책에 상응하는 형이 피의자들에게 선고될 수 있도록 철저히 공소유지를 할 계획""이라고 말했다. 엄벌하게 처벌 바랍니다",인권/성평등,2018,2018-12-12,44,Not answered,중학생 집단사건 무기징역으로 판결하세요
petition_0192,"저는 오늘도 맞았습니다. 방금 경찰이 다녀갔어요. 가해자는 아빠이고 피해자인 저는 딸입니다. 저는 이십대 여성입니다. 맞은 이유는 모르겠습니다. 아마 엄마도 동생들도 이유는 모를것같습니다. 다녀간 경찰도 이해를 못합니다. 아무도 이유는 모르지만 때리니까 맞았습니다. 아주 어릴때부터 맞아서 맞는게 별로 아프진않지만 좀 이상하네요. 이번이 두번째 신고입니다. 처음 제가 경찰에 신고한것은 잘 기억은 나지 않지만 아마도 고1때 였던것 같습니다. 십년이 가까이 흘렀는데 아빠도 변한게 없고 법도 변한게 딱히 없는것같네요. 아빠라는 사람은 술먹고 엄마한테 욕을하기 시작했고 동생이 말렸습니다. 그 후엔 역시나 저를 부르더군요. 그리고 역시나 욕을하기 시작했고 그 후엔 때렸습니다. 여자인 저는 이십여년간 수천번은 맞은거같은데 남자인 제 동생은 맞지 않았습니다. 제가 힘이없어서 때리기 좋나봐요. 제가 맞는걸 말리던 동생은 말리던 도중 아빠를 쳤습니다. 경찰이 왔습니다. 저는 이런 상황에서 벗어나길 원했고. 적어도 오늘 만큼은 떨어져있고싶었습니다. 경찰은 술취한 사람은 조사하지 않는다고 하였고 아빠를 딱히 데려가지는 않았습니다. 경찰이 왔고 묻길래 답했습니다. 아빠랑 떨어지고 싶은데 사건화를 하면 제 동생도 아빠를 때렸기때문에 동생도 가해자가 된다네요. 정당방위가 아니라고 하더라구요. 아빠라는 사람은 열받는다고 집을 나갔습니다. 언제 돌아올지 몰라서 겁이나요. 돌아와서 죽이기라도 할까봐요. 경찰은 가정내에서 일어난 일이라 난감하다고 합니다. 오늘 내일 마음이 다르고 벌금내도 결국 가족돈이라고요. 법이 그렇다네요. 경찰분들 친절하고 고마웠지만 글쎄요. 저는 오늘 그런말을 듣고싶지 않았어요. 경찰분들이라고 별 다른 수가 있었겠냐만은 그럼 저는 계속 이렇게 살아야 하는건가요? 폭력에 가족이 어딨습니까. 가해자와 피해자뿐이죠. 왜 우리나라는 가정폭력에는 이렇게 관대할까요? 저는 부모의 소유품이 아닙니다. 제 동생도 마찬가지고요. 세상은 바뀌었는데 아빠와 법은 그렇지 않나봐요. 무슨 가정폭력 종이랑 명함 주고 가셨어요. 감사하지만 이게 무슨 도움이된다고 주셨는지는 모르겠네요. 뭐 해줄수있는게 그것밖에 없으셨나봐요. 가정폭력은 겪어보지 않았다면 모르겠지만 생각보다 비참합니다. 우리나라 사람들은 가정폭력엔 별 관심 없거든요. 피해자와 가해자가 한 집에서 같이산다는데 아주 큰 문제지요. 집이 두채이상이 아니라면. 아쉽게도 저희는 집이 한개네요. 아마 많은 가정폭력은 저소득층에서 더 많이 일어나겠지요. 그만큼 관심도 못받겠지요. 돈이없으니 벗어나지도 못해요. 아빠는 항상 왜 저만 때릴까요. 남동생은 안맞아서 싫은게 아닙니다. 남동생은 안맞고커서 다행이죠. 그냥 궁금은 하네요. 내가 남자였으면 이렇게 긴 시간을 맞고 살았을지. 아빠는 제가 경찰에 신고했다고 열이받아서 나갔습니다. 경찰이 데려간건 아니니 언젠간 돌아오겠네요. 가정폭력은 일반 폭력과 다르다고 생각해요. 벗어날수없어요. 벗어날곳도 없구요. 저는 적어도 오늘같이 맞는 날만큼이라도, 아빠가 정신이 돌아올 때만큼이라도 경찰서에 갇혀있었으면 좋겠어요. 집으로 못돌아오게요. 아빠가 돌아오면 난 맞을게 뻔하잖아요. 가정폭력 문제가 복잡한건 알아요. 경찰도 그렇고 법고 그렇고 애매한가봐요. 나를 위해 해줄수있는게 가정폭력종이쪼가리밖에없으니. 말했다시피 오늘같이 맞는날 누가 아빠좀 데려갔으면 좋겠어요. 겁도 좀 줬으면 좋겠어요. 아빠가 경찰한테 그러더라구요. 자식 훈육 좀 했을 뿐이라고. 아빠라는 사람은 뭐가 문제인지조차 모르나봐요. 우리 가족이 아무리 폭력을 멈추라고 해도 때리는사람이 그런거 신경이나 쓰겠어요? 그러니까 국가에서 겁이라도 좀 줬으면 좋겠어요. 가정폭력은 가정의 문제가 아니라 그냥 폭행이니까요. 추석연휴에 저처럼 맞는사람 많겠네요. 뭐 그사람들도 별다른 방법이 없겠네요. 너무 졸려서 자야겠네요. 내일 눈 떴을때 칼맞고 죽었진 않겠죠.",인권/성평등,2017,2017-10-03,3,Not answered,가정폭력에대한 강력한 제재를 요구합니다
petition_0193,"흔히 경비 아저씨라고 불리는 경비 노동자 분들은 지금까지 우리 주변에서 묵묵히 우리의 보금자리를 지켜주시는 없어서는 안될분들중 하나라고 생각합니다. 주로 경비 노동자를 하시는 분들은 은퇴 후 생계유지와 재취업을 하기 위하여 많이들 찾으시고 흔히 "" 아버지들의 마지막 직장 "" 이라고 불립니다. 이러한 경비 노동자는 민원이 발생하면 계약만료 형태로 노동자를 쉽게 해고하는 형식으로 이루어져 있다고 합니다. 경비 노동자 분들은 근로시간 및 휴일,휴게 규정을 적용받지 않아 24시간 격일제로 한달 내내 일하더라고 월급이 150만원이 채 되지 않습니다. 내년에 실시되는 최저임금 인상 여파로 인해 아파트 경비원 감원 바람이 본격화 되고 있는 시점이기에 많은 억울함을 호소하시고 있습니다. 누군가의 아버지이자 아들이신 분들에 대하여 갑질을 한다는 소식을 뉴스를 통해 들을때마다 우리나라는 아직 발전 하려면 멀었구나 하는 생각이 듭니다 우리 나라가 더 발전하고 나아가기 위해선 사회적 약자, 노인 분들부터 공경을 해야하고 그것이 우리가 민주주의 혹은 발전으로 나아가는 첫 발걸음이 된다고 생각합니다. 하지만 강남아파트 주인이 경비원에 대해 갑질을 한다는 뉴스, 입주민들에게 90도로 인사를 한다는 기사를 보았을때 이건 아니라고 생각이 들었습니다. 법이 있다한들 지켜지지 않으니 무슨 소용이 있겠습니까. 이 법을 더 강화시키는 대안이 나왔으면 하는 바램입니다. 여기 계신 분들에 힘을 빌려 경비 아저씨들이 좀 더 인권을 존중받고 90도 인사가 아닌 서로가 웃으며 인사하며 살아가는 날이 오기를 바라면서 글을 마무리 하려합니다. 읽어주셔서 감사합니다.",인권/성평등,2017,2017-12-12,9,Not answered,우리 경비 아저씨들을 지켜주세요........
petition_0194,"이제서야 이슈가 되는 미투 운동을 바라보며, 최초이자 마감으로 글을 올리는 심정으로 청원합니다. 대한민국의 국민으로 여성으로 살아가면서 비일비재한 사건들이 조직적 구조적 음성적으로 뿌리깊게 내린 사회의 부조리 및 인권이 유린되는 이시국에...참담함을 이루 말할 수가 없군요. 나의 일이 아닌 내가족 나의 지인들이라며...과연 생길수 있는지 이렇게 가만히 바라만 봐야하는지... 문화/예술/정치 소위 영화속의 일들이 현실에서 더 잔인하게 일어나는 지금의 일들이... 얼굴을 드러내놓고 모든 치욕을 들어가며 나서야만 개선이 되는건지...누구를 위한 인권인지..명예는 가진자들만의 특권인지...인터뷰를 하고 소속들이 캐내면서 정작 당사자들의 명예 그동안의 입신등으로 가해자가 더 보호받는 현실 인터뷰에 응한 모든 여성들의 인권을 보호해 주며 특히 정치권에서 당한 김지은씨를 꼭 보호해 주시기 바라며, 죄없는 가족들이 받은 모욕과 사회적 지탄을 자제합니다만, 가해자는 내려놓는다는 말만 하지 마시고 적법한 법적 처벌을 꼭 받으시기 바랍니다. 아동/성에 대한 범죄는 서양에 비해 양형이 짧습니다. 이러한 문제도 법조계는 반성해 주시기 바랍니다. 나라다운 나라에서 국민으로 처음으로 소신을 적어보았습니다. 과연 나라다운 나라가 세워지는지는 두눈으로 지켜보겠지만, 국민들의 의무와 같이 입법을 추진하고 진행하고 판단하는 여러분의 모두가 함께 하여야지 가능할 것입니다. 혼란스럽고 참담한심정에 기재한 글이라 다소 난해 하더라도 청원이 처리될수 있도록 요청합니다",인권/성평등,2018,2018-03-06,17,Not answered,안희정/이윤택/고은 최근에 거론된 미투 운동에 나온 인물들에 대한 철저한 수사 및 후속조치 요청!!
petition_0195,"안녕하세요. 정당방위법을 미국처럼 선량한사람들을 위한 법으로 바뀌 었으면 좋을것 같아서 청원을 올립니다. 미국은 집에 무단으로 침입하는 강도들을 사살해도 정당방위로 인정하여 무죄일정도인데 한국은 집에들어온 강도에게 상해를 입히거나 자신에게 해를 입히려하는 범죄자를 방어하다가 더큰 상해를 입혀서 피해자가 오히려 큰형벌을 받게되는경우가 있습니다. 문재인 대통령님 통일에 기반을 마련하시기전에 성범죄,아동학대,폭력,청소년범죄,음주... 관련 법을 강화하고 안전하게 만들어 주시기 바랍니다. 굳건한 한국이 되어야 굳건한 통일을 이룰수있을 것입니다.",인권/성평등,2018,2018-10-07,6,Not answered,정당방위법 개정안
petition_0196,부산청소년들 사건을 보면 죄를 짓고도 아무런 죄책감이 없습니다. 상벌을 확실한 사회가 정의 구현실현이 가능하다 생각합니다. 청소년범죄가 성인범죄 못지 않게 죄질이 나빠지고 있는 이유는 벌이 너무 약하다는 생각에 별거 아니라는 생각으로 이런일들이 일어난다 생각합니다. 피해자들의 상처는 평생 가는데 가해자들은 청소년이라는 이유로 금방 잃어버리지 않게 확실하게 무거운 형벌을 받을 수 있게 청소년법 폐지가 맞다고 생각합니다.,인권/성평등,2017,2017-09-05,1,Not answered,청소년법 폐지 간곡히 요청합니다
petition_0197,대한항공 총수일가 범죄 의혹 관련 최근 기사를 보면 조직적으로 증거인멸이 시도되고 있다는 느낌을 지울 수 없습니다.총수일가야 오랜 시간 죄의식 없는 확신범으로 살아왔으니 그렇다쳐도 증거인멸 지시를 따르고 있는 임직원들은 무슨 죄가 있겠습니까. 히틀러의 지시를 그대로 수행했다가 전쟁에서 지고 난 후 모두 응분의 댓가를 치른 나찌 하수인들이 생각납니다.이런 일이 재발하지 않도록 증거인멸에 대한 신속한 조사/수사를 촉구합니다.,인권/성평등,2018,2018-04-28,21,Not answered,대한항공 증거인멸 시도
petition_0198,"수많은 남성들이 거짓된 미투로 평판에 큰 타격을 입고 가정과 직장과 사회에서 매장당하고 있습니다. 미투를 한 여성은 눈물을 흘리며 당했다는 한 마디로 무고한 남성의 인생을 끝낼 수 있습니다. 여성인권을 위한다는 단체들은 객관적인 증거가 나오지도 않았음에도 단지 여성이 눈물을 흘리며 말했으니 진실이라며 무고할지도 모르는 남성에 대한 인신공격과 마녀사냥을 주도하고 성폭력을 막기 위해서 무고한 남성들의 인권정도야 희생될 수 있다며 법질서를 유린하고 인간으로서의 남성의 권리를 무자비하게 짓밟고 있습니다. 최근 무고죄 특별법을 청와대가 거부했는데, 이는 명백히 여성의 인권만을 우선시하고 남성의 인권은 2등 시민으로 만드는 것으로 매우 유감스러운 조치라고 생각합니다. 남성이 미투로 지목되면 진실이 밝혀지기도 전에, 진실과 무관하게 직장에서 짤리고 가정이 박살 나는 등 다시는 회복할 수 없는 피해를 입게 됩니다. 남성도 대한민국의 국민으로서 똑같이 보호받을 권리가 있고, 여성단체의 때법과 인신공격,마녀사냥이 아니라 공정한 법 속에서 자신의 권리를 지키고 진실을 밝힐 기회가 제공되어야 합니다. 현재 법은 최대 10년과 1500만원의 벌금을 구형하게 되어 있는데, 실상은 극소수만 처벌되고 형량도 매우 낮습니다. 이를 최소5년으로 바꾸고, 징벌적 손해배상처럼 그 사람의 최저생활 보장과 기존 직장에서의 임금을 고려하여 1500만원 이상의 벌금을 물려야 합니다. 그리고 무고죄 입증을 어렵게 한 것을 완화하여 무고로 한 남성의 인생을 파탄내는 시도 자체를 막아야 합니다.",인권/성평등,2018,2018-07-19,38,Not answered,무고죄 형량 강화와 예방을 위한 개정을 촉구합니다.
petition_0199,"이번 양예원씨의 사건이 카톡내용이 복구됨으로써 양예원씨의 주장은 거짓인 게 들통났습니다. 주장내용과는 다르게 카톡에서는 양예원씨가 촬영날짜를 더 잡으려고 애쓰는 모습이었고 스튜디오의 실장은 최대한 수용하려는 모습이었습니다. 이 일을 통해서 해당 스튜디오는 엄청난 피해를 본 게 사실입니다. 배수지씨처럼 영향력있는 연예인이 사실도 확인하지 않은 채 청원인증을 한 것도 많은 영향을 끼쳤을거라 생각합니다. 국민들이 수사결과 이후의 논리적인 판단보다 사람의 감정섞인 주장을 듣고 섣불리 판단을 내리니 죄가 없는 쪽만 항상 정신적/물질적 피해를 보는 게 사실입니다. 그리고 이번 양예원씨의 일은 미투운동을 욕되게 한 것이며, 아직도 본인의 뼈아픈 과거사가 남아있는 사람들이 엄청 많을텐데 양예원씨 같은 사람들 때문에 진정으로 호소하는 사람들이 신뢰를 잃을 수도 있습니다. 미투운동은 절대 양예원씨 같은 사람들의 이익(양씨 유튜브의 조회 수와 구독자 수 증가)을 위한 향유물이 되어선 안 된다고 생각합니다. 당연히 수사결과가 나오고 판단하더라도 그 전에 있어서 국민들이 ""또 양예원처럼 거짓말 하는 거 아니야??""라고 색안경은 끼지 않도록 해야합니다. 판결에 청와대가 관여할 수 없다는 건 알지만 무고죄에 대한 처벌의 정도에 대해서는 꼭 말을 꺼내주셨으면 좋겠습니다.",인권/성평등,2018,2018-05-25,37,Not answered,무고죄의 처벌을 강화해주세요.
petition_0200,"안녕하세요 대한민국 교육의 발전을 위해 힘쓰시는 모든 분들에게 감사의 말씀을 전합니다. 다름이 아니라, 아직까지도 암묵적으로 시행되고 있는 고등학교의 강제 보충수업과 강제 야간자율학습을 전면적으로 폐지 해주셨으면 합니다. 보충수업의 경우 실제 학생들이 수업비를 내는 수업임에도 불구하고 강제로 시키는 현실이 이해가 가지 않습니다. 학교에서 강제로 유료수업을 듣게 하는 것은 공교육이 해서는 안 될 일이라고 생각합니다. 사실 보충수업까지 하면 8-9교시까지 듣게 되는데 상당히 비효율적이라고 생각합니다. 또한 수업의 내용과 질에서도 많이 떨어지며 추가적으로 부교재를 구입하여야 하며 돈을 내고 듣는 유료수업에서 진행하는 부교재를 시험 범위에 넣어서 진행 하기 때문에 간혹 보충수업을 듣지 못하는 친구들은 큰 피해를 보기도 합니다. 또한 교재에 부교재까지 더해서 시험을 치면 시험범위가 감당 할 수 없을 만큼 많습니다. 야간자율학습의 경우 실제로 강제이행이 폐지 된지가 오래 되었음에도 불구하고 실제적으로는 암묵적 강제 시행이 진행 되고 있습니다. 한 복도에 한분의 감독선생님이 계시는 경우가 대부분이고 딱히 관리 감독 체계가 좋거나 학생들을 위해 하기 보다는 그냥 잡아두고 있는게 현실입니다. 잡혀 있는 학생들의 자율적 학습권과 인권은 어디에 갔는지요? 제가 교육청에도 문의를 하고 건의를 하였지만, 어느학교 몇반에 누구냐를 묻고 그 학생만 빼주면 되냐는 식의 업무처리만 해도 3년째 입니다. 누가 이렇게 질문하는데 본인의 신분을 밝히며 야자와 보충수업을 뺄 수 있겠습니까? 학생들이 투표권이 없고 이런 청원을 하는 것이 두려워 여태까지 암묵적으로 진행 되어 온 공교육의 비정상적 강제 보충학습 및 야간자율학습의 실태를 국가에서 책임지고 폐지하여 학생들의 인권과 자율적인 학습권을 보장 해 주세요.",인권/성평등,2018,2018-03-03,147,Not answered,고등학생의 인권을 지켜주세요
petition_0201,지금 우리나라는 토요일 과 일요일 쉬는사람 (또는 일요일만 쉬는사람 이나 격주로 토요일 쉬는사람) 의 위주 휴무 지정이나 임시 공휴일등 잘 이뤄지고 있습니다. 허나 일요일에 일을하고 평일에 쉬는 근로자가 많습니다. 마트나 백화점 종교단체 등 인권 사각지대에 있는 사람들은 남들 쉬는 흔히 말하는 빨간날 가족과 같이 쉬지를 못하고 같이 보내는 시간이 적거나 어렵습니다. 이런사람들은 대체 휴무를 평일날 가지는데 이런 평일날 쉬는사람은 가족과 같이 보내기 힘들고 이평일 쉬는것조차 회사 마음데로 바꾸거나 본인 마은데로 하는것이 불편 합니다. 또 이때문에 회사에서 몇번이나 휴무를 바꿔쉬게 하는 불편때문에 다툼이 생겨 법적 인 다툼이 생겨도 판례나 다른것들이(법) 근로자(노동자)에게 불리하게 되어있습니다. 남들 쉴때 못쉬는것도 힘들지만 명절 같은 경우 일요일과 겹치면 임시 공휴일을 주지만 평일 쉬는 사람들은 그런것은 바라지도 못합니다. 최소한 이런점을 악용하는 회사의 횡포를 막을수 있는 법을 만들어 주시던가 다른 제도 방안을 만들어주시기를 청원합니다. 선진국 처럼 저녁이 있는삶 가족과 함께 하는삶 등 대다수의 국민(노동자들)의 행복을 우선으로 하는 정책을 마련해주십시요,인권/성평등,2018,2018-01-30,1,Not answered,남들 쉬는 휴일에 일하는 사람들의 권익좀 지켜주세요!
petition_0202,"언론에서조차 '낙태죄폐지'청원 그리고 '초중고학교 페미니즘교육 의무화' 청원에 대하여 중복동의를 통한 조작 행위를 한 것으로 청와대 현시스템이 문제가 있다고 연일 성토하고 있다. 현 청와대는 수수방관하고 있다. 이는 국민 대다수의 결집된 여론이 아니라 불과 한 사이트의 편파적이고 편향적인 주작에 지나지 않습니다. 그리고 부정을 자행한 상기 메갈사이트들에 대하여 일반인들의 홈피 접근제한 조치(청와대 청원게시판 조치처럼 잘못된 접근입니다.불편을 끼쳐드려 죄송합니다.이런 문구 뜨게 해서 차단 조치)를 실시토록 해 주세요. 이들은 각종 포털 댓글창이나 자신들 홈피에서 떼로 다니면서 성폭력, 미성년자 성희롱, 스스로의 가족을 모욕하는 패륜, 희롱과 욕설, 남혐, 허위사실과 고인 모독, 게다가 여론 조작을 자행하고 있습니다. 남녀분열, 사회분열 등을 거리낌없이 자행하는 메갈사이트에 대해서 대한민국 모든 유저들의 접근을 차단시켜 주거나 블라인드 처리 등 실질적인 법적 조치를 하여 건강한 인터넷 문화를 이끌어 주시기를 바랍니다.",인권/성평등,2018,2018-02-10,7,Not answered,"메갈(여시,쭉빵,워마드,갓건배)사이트 차단조치 및 블라이드처리시켜 주세요!!"
petition_0203,안녕하세요 대통령님 저는 29살 박홍근이라고 합니다. 하하... 다름이 아니오라 정치에 한없이 관심없던 제가 민주주의의 꽃이라고하는 유권자의 권리이자 의무인 표를 던지는 것 외에 한가지 강력하게 외치고 싶은 것이 있어 이렇게 청원 글을 남깁니다.. 외면할수없는 독거노인 문제 그리고 부익부빈익빈문제.... 저는 오늘 만원이 아까워 무한리필 삼겹살을 목구녕까지 채워넣으면서 이런 생각을 했습니다. 1) 아버지가 30년 평생 온 몸에 기름 떼 묻이며 일했던 주유소 사장이 그 퇴직금 주기 싫어서 잠깐 짜르고 뭔지모를 꼼수 부리며 다시 고용한 것 2) 아버지는 대안이 없어 실질적인 최저임금도 받지 못하시며 뙈앙볕에서 총질하시는 것 3) 나 나름대로 좋은 대학 좋은 직장에 취업해서 사랑하는 사람 만났으나 집값걱정 자녀 부모 부양 걱정에 결혼생각을 접은 점 4) 취미없이 그저 사시던 데로 자녀를 위해 희생하시던 데로 편법이 난무한 12시간이 넘는 사회복지사 일을 하고 계시는 어머니를 보며 5) 학교 폭력에 시달리던 친구들이 아직도 피의자에 대한 용서와 용서하지 못함에 분노하는 감정을 술자리에 토로하는 모습을 보며... 하.. 헬조선이 맞구나.. 라고 생각하며 난 내 발걸음을 더벅더벅 옮기며 집을 향한다. 이 순간 가장 죄송한 사랑 우리 아버지ㅎㅎㅎㅎㅎ 아버지 죄송해요... 아버지도 화가의 꿈을 꾸시던 멋진 사람이었는데 제가 태어나서 아버지의 꿈에 먹구름이 되어버렸네요... 어머니 사실 아버지보다 제가 더 많이 사랑하고 고마운 사람.. 칠공중의 첫째로 그 시대에 얼만큼 고생하셨을까 죄송해요 저 너무 철없었어요 그저 그냥 친구들 중에 주목받는 사람이 아니 괴롭힘받지 않는 사람이 되고 싶어 어머니에게 그렆게 모질게 의지했나봐요. 그냥 아무런 표현없이 이해할수없는 저의 그 때의 모습을 아니 그때 그 이전의 후의 모습을 사랑해주시고 아껴주셔서 너무 감사하고 사랑합니다. 나 당신을 너무 사랑해요..ㅎㅎ 근데 슬프지만 저 당신 닮은 딸 아들 낳을 자신이 없네요.. 이해해주세요. 아버지 어머니께 투자하고 싶어요.,인권/성평등,2018,2018-05-12,1,Not answered,내 친구들 내가족들... 생각하며 글을 남깁니다.
petition_0204,".여성가족부에 대해서 말씀드립니다. 이 글을 읽는 분들도 어느정도 여가부가 얼마나 욕을 먹는지 아시겠죠?? 저는 여성가족부에 대해서 몇 개만 말씀드려보고 싶습니다. 먼저, 셧다운제입니다. 참고로 필자는 컴퓨터 게임을 하지않는 고등학생 남학생 입니다. 셧다운제가 2011년 말에 시행되었다고 나옵니다. 저는 이 정책을 그다지 욕하고 싶지 않습니다만. 여성부의 셧다운제 실시 사유가 '청소년의 수면권 보장을 통한 건강한 육체 형성' 이라더군요. 진짜 bullshit 이네요. 차라리 저럴바에 고등학생들 야자를 빼고, 압박적으로 학교 안 다닐 수 있도록 노력을 하시던가. 체육도 주 2-3번 이면서, 말도 안되는 소리 집어 치우라고 하고 싶네요. 무슨 학생이니까 공부해야지. 그럼 뭐 학생 끝나면 노나요? 취업준비에, 노후 관리에 아주 그냥 미래가 더 힘들겠네요. 최근에 세계대회에서 셧다운제 걸려서 한국이 기권한 이후로 제한 나이가 낮아지긴 했는데, 그냥 불만이네요 둘째, 여자들을 편애하는 정책 낼거면 그냥 여성가족부의 여를 가족 여 가 아니라 여자 녀 를 쓰시죠? 최근 여성 배려칸, 여성 전용 주차장, 이런거 정말 좋습니다. 얼마나 좋아요? 여성분들이 안전할 수 있는거는 정말 좋은 일이죠. 근데, 여성분들을 위한 정책을 많이 만들었는데, 남자를 위한 정책 한번 마련해 보셨나요? 아니 생각이라도 해보셨나요? 예전에는 군인을 집지키는 개라고 말하는 개 같이 생기신 분이 말하고, 군 복무를 5년으로 늘리자고 하는데, 가는건 남자인데, 왜 그딴 소리는 여성부 장관들 특히 여자들이 말하는지 모르겠네요? 마지막으로, 여성 정책 내기 전에, 나라를 지키는 군인들 생각이나 더 하세요. 이등병 월급이 306,130원 이라는데 지금 장난합니까? 20살 이라는 나이에 대학에서 공부는 하지 못하고, 심지어 님같은 사람들이 군 가산점도 폐지시켜서 보상이라고는 월급인데 월급이 306,130 이라니 진짜 이게 얼마나 심각한지 바로 계산해드릴게요. 2018년 최저시급 7,530원으로 하루 두시간씩 한달만 일하면 30일 기준으로 451,800 원이 나오는데 감이 오시나요? 사람들에 말로는 오전 6시 기상 오후 10취침 이라고 하시는데 총 16시간 뭐 밥먹고 뭐 하시는거 크게 잡아 4시간 잡아도 12시간. 12시간씩 30일 이면 360시간 306,130/360 = 850 시급 850원 장난합니까? 심지어 뺀 시간 크게잡아 4시간 했음에도 이정도면 사람을 그냥 노예처럼 부려먹는 수준 아닙니까?? 진짜로 저는 군대에 간 남자들 대단하다고 하는 여성분들 보면 진짜 대단하신것 같다는 생각이 듭니다. 저는 여성부를 깐것도 맞지만, 남자를 개 보듯 하는 여자들도 깐 것입니다. 제발 여성분들 군대 안가도 되니까, 제발 군 복무 지원이라도 여성분들 의무로 바꾸시면 안되나요? 진짜 그 정도는 할 수 있잖아요. 제발 부탁드릴게요. 요즘 저희 또래 애들 입에서도 여성부 까는 이야기 많이 나옵니다. 미성년자한테도 욕 먹을 정도면 진짜 못할 짓 하는거라 생각이 듭니다. 지금까지 긴 글 읽어주셔서 감사드립니다.",인권/성평등,2018,2018-05-23,12,Not answered,예전 여성부에 관해 글을 쓴 학생입니다. 청원이 19명밖에 되지않아 한번 더 올려봅니다.
petition_0205,"대학원생 처우개선 청원 드립니다. 대다수의 대학원생은 본인의 학위 및 커리어 로드 개발이라는 명목하에 연구 및 프로젝트에 개개인의 인권이 무시되고 있습니다. 기본적인 모욕적 언행이나 협박적 어투등 불평등 불공정 각서 작성등 개인의 인권을 묵살하는 다양한 비상식적 행동이 지식인층인 대학원 교육 현장에서 일어나고 있습니다. 대학원생은 노예라는 말이 있듯, 본인의 일보다 건강보다 가족 및 개인적인 무엇도 주장할 수 없는 상태로 연구실 및 소속 프로젝트에 종속되는 경우가 많이 있습니다. 이유가 무엇일까요. 비상식적인 등록금에 치여 등록금을 감당하기 위하여 연구실 소속으로 연구개발비를 받기 위함 입니다. 한 학기에 9학점을 제한 둔 대학원에서 무슨 이유로 한학기에 700만원에 달하는 등록금을 책정한 것일까요? 한 과목당 200만원의 값어치를 하는 수업일까요? 과연 학부와 무엇이 그렇게 다르기에 400만원 언저리의 학부 등록금은 21학점까지 들을 수 있는데 그의 3/7인 수준의 수업을 위해 거의 두배에 가까운 등록금을 부과하는 것인가요? 연구실 실험 장비 이용이 포함된다는 이유는 변명이 되지 않습니다. 많은 연구실은 프로젝트를 통한 연구비로 장비를 구축하고 학교는 전기사용료 및 장소 제공을 합니다. 그에대한 비용이 개인에게 700가깝게 부과되는 것은 상식적이지 않다고 생각합니다. 개인이 빚을 져서 학습을 해야하나요?공부는 돈이 없으면 할 수 없는 것인가요? 대학원생의 건강 보험은 왜 4대보험 처리가 되지 않는것인지도 한 주에 80시간을 일하는 경우가 허다한 대학원생 현실에서 정부는 눈가리고 아웅인 것인지 무관심한 것인지 우리나라 경제 개발의 주역인 연구개발 인력에 대해 이러한 대우가 마땅한지 우리나라 인재 해외유출의 근본적인 원인에 대한 파악은 하려는 노력을 하긴 하는지가 궁금합니다. 정부는 비 정상적이고 비 상식적인 대학원생 등록금 조정 및 대학원생에 대한 적극적인 지원 혹은 제도 확립을 통한 처우개선을 해야한다고 생각합니더.",인권/성평등,2018,2018-10-05,15,Not answered,대학원생 처우 개선
petition_0206,성매매는 선진국인 독일도 네덜란드도 영국도 합법화되어 있는데 우리는..왜 범죄가 되어야..하나요..오죽했으면 인권을 대표하는 엠네스티에서 성매매 특별법을 폐지를 권장했을까요..엠네스티가 권장을 하는데..대한민국 정부는 여기에 대한...논평 한마디도..없나요..대한민국은 언제부터인가..남성의...얘기는..사라졌습니다...선거때만..되면..여성친화적인 얘기가..온통 뒤덮이고 언론은 온통 여성친화적인 타블로이드 판에 적합한 속물근성의 뉴스로 뒤덮이고...이 가운데 남성은 발디딜 공간이 없어졌어요...고독한 남성의..스트레스 받는 남성의 영혼을 조금이라도 위로하기 위하여 성매매 특별법 폐지하고 성매매 권장법 만들어 주세요..,인권/성평등,2018,2018-03-19,20,Not answered,성매매 특별법 폐지하고 성매매 권장법 만들어 주세요..
petition_0207,"사회와 영원히 격리 되어야할 상습적인 강간범 김기덕과 조재현 어떤 이유로 대한민국 법위에 군림하는지 궁굼하다 돈인가 인맥인가?? (김기덕 감독, 조재현, 조재현 매니저. 경쟁하듯 성폭행) MBC 'PD수첩 영화감독 김기덕, 거장의 민낯 이라는 주제로 김기덕 감독에게 성추행 및 성폭행을 당한 여성들의 인터뷰가 공개됐다 어떻게 수십명 강간한 듯한 이런 상습적인 강간범들이 어떻게 거리를 활보 하는지 의문이다 사정당국은 빨리 김긱덕과 조재현을 구속 수사 하세요.",인권/성평등,2018,2018-08-07,78,Not answered,강간범 김기덕과 조재현을 구속 수사하시오
petition_0208,안녕하세요 저는 현제 상근예비역 복무중인22살 남성입니다 저만의 의견이 아닌다른 분들의 의견도 포함되엇음을 알려드립니다. 우리 대한민국에는 군인이라는 생명을 담보로 나라를 지키는 군인이 있지요 허나 군인이 당연히 나라를 지켜야 한다는 말도 틀린말은 아니지만 이번에 군인월급이 올랏죠? 근데 우리나라예산이 부족하더라도 군인이 많더라도 군인 월급 너무 턱없이 부족한게 아닐까 싶네요 이병기준 시급이 1700원이고 병장기준 약2000원가량 되는데 저뿐만 아니고 가정형편이 좋지 못한 병사들은 어떻게합니까? 이건 나라지키는 군인이아니고 나라지키는 노예 라는생각도 들고요 저는 주변사람들이 물어보면 군대때문에 인생망했다라고 표현 합니다 다만 돈이야 전역하고 다시벌면 된다 하지만 군생활하는동안 생활비로나가는 공백은 어마어마 하죠 나라에서 이부분은 어떻게 해결해줄수 있는걸까요 최저임금도 못받고 군복무하는게 정말 억울하네요 월급인상이던 어떠한 방법이 필요 하다고 생각합니다,인권/성평등,2018,2018-08-28,16,Not answered,대한민국 군인 월급
petition_0209,"현재 미투운동이 불번지듯이 번져가고 있습니다. 성폭행과 성추행이란 단어가 뉴스에 난무한 요즘 어디서 저런 왜곡되고 일방적인 사고방식을 학습했는지, 우리 아이들은 그런 왜곡된 성문화에 노출되어있지는 않은지 어디서부터 수정할 수 있는지 돌아볼 필요가 있다고 생각합니다. 단적으로 신문기사를 클릭해도, 일반적인 동영상을 다운 받는 사이트만 들어가도, 연령제한이 없는 사이트 임에도 불구하고 작고 네모난 광고 화면에 커다란 엉덩이가 들쑥날쑥한 움짤, 야릇하고 이상한 표정으로 입술을 깨무는 여자의 움짤, 커다란 가슴을 확대했다 빠졌다 하는 움짤, 그 외에도 '옆집' '유부녀' '누나' '혼자있는' '몰래' 같이 남자만을 타겟으로 하는 여성을 상품으로 하는 광고들이 학부모 입장에서 심하게 거슬리더군요 전체공개 사이트에서 뜨 는 이런 광고 화면을 무의식중에 보고자란 우리 아이들이 나중에 커서 이성을 성추행하거나 성폭행하면서 '어디서 봤는데, 이 여자는 싫어하는게 아니라 자기도 좋으면서 싫어하는 척하는거야' 라는 왜곡된 생각을 가지고 자라는게 아닌지 심히 걱정이 되었습니다. 분명히 말씀드리지만 그런 광고가 걸린 곳은 성인을 위한 페이지가 아니었습니다. 왜곡된 성에 대한 생각을 아이의 눈에 심어주어 잠정적인 범죄에 노출되게 만들면 절대 안된다고 생각합니다. 이를 최대한 막아야 한다고 생각합니다. 19세 광고는 19세 이상 볼 수 있는 성인 페이지에만 노출되게 해주세요. 아이들이 성에관해 정확하게 모를 때 그렇게 아무렇지 않게 은연중에 왜곡된 관점으로 접하게 하지 말아주세요. 19세 광고와 관련된 법안을 제시해주세요.",인권/성평등,2018,2018-03-06,19,Not answered,"이상야릇한 19세 움짤 광고가, 인터넷을 접하는 우리 아이들에게 노출되지 않게 해주세요."
petition_0210,"최근 1-2일 사이 대두되고 있는 청소년 폭행 문제가 굉장히 심각함을 알고 계신지 모르겠습니다. 저는 과거 소년법이란 청소년 폭행 문제에 관여된 어린 가해 학생에게 과거의 잘못을 뉘우치고 새로 시작할 기회를 주기 위해 만들어진 나름의 의미가 있는 제도라고 생각하였습니다. 하지만 최근의 가해 학생들은 잘못을 뉘우치기는 커녕 소년법을 무기로 삼아 성인에 못지 않은 심각한 사회 문제들을 계속해서 일으키고 있음을 알게 되었습니다. 때문에 현재는 소년법이 도대체 무슨 역할을 하고 있는 것인지 의구심이 듭니다. 제대로 된 문제 해결 능력을 갖고 있지 못한, 순기능을 하고 있지 못한 소년법을 폐지하시어 부디 이번 가해 학생들에게 청소년 폭행 문제의 심각성과 본인의 잘못들을 뼈저리게 뉘우칠 수 있도록 해주세요.",인권/성평등,2017,2017-09-06,1,Not answered,소년법을 폐지해 주세요.
petition_0211,"안녕하세요 저는 대한민국 시민이자 여성중 한명인 고등학생입니다. 제가 청와대 청원을 쓴 이유부터 말씀 드리겠습니다. 최근 많은 어플들이 생기고 그안에 익명이라는 단어 뒤에 숨어 사람들에게 피해를 주는 행동들이 많이 나타나고 있습니다. 대표적인 사례로 텀블러 라는 어플에서 지인들 또는 SNS에 올라오는 여성분들 사진을 익명으로 제보하여 성적으로 사용하는 사진으로 합성을 하여 올리는 일이 발생하였습니다. 합성사진을 만들어주는 대신 '몰카촬영' '야한동영상' 등을 달라고 하며 여성분들의 사진을 성적으로 악용하고 있었습니다 이런일은 2~3년 전부터 진행되어 왔고 수많은 여성분들은 남자들의 성적 욕구를 풀어주는곳에 사용되었고 그로인해 정신적 피해를 받은 사람은 많았습니다. 왜 진작 신고를 하지 않았나 궁금해 하실거라고 생각합니다. 피해자 분들은 사진을 발견하자마자 경찰서에 가서 '어떻게 해야할까요?' 라고 질문을 던졌고 그에 대한 답은 '외국 사이트라 손쓸 방법이 없다' 또 '외국은 명예훼손을 무겁게 여기지 않는다' '나체가 합성된 사진이 아니라 딱히 방법이 없다' 며 신고하는 방법이 적혀진 종이만 주고 돌려보냈습니다. 하지만 그럴수록 피해자 분들은 늘어만 갔고 더 나아지는건 절대 찾아볼수 없었습니다. 최근에 제 지인이 '아헤가오' 합성 사진을 해준다는 사이트에 올라왔고 그래서 신고를 하고자 저의 SNS에 글을 올렸습니다 그 글에는 수없이 많은 피해자가 나타났고 저에게 많은 연락이 왔습니다. (아헤가오란 쾌감을 느끼는 사람들을 일반적인 뿅 가는 얼굴을 극단적으로 묘사한것을 말하는데 입을 '아' 벌리고 혀를 '헤' 내민 얼굴(가오) 를 설명하는 말입니다. 아헤가오는 19세 상업물 만화에서 시작된거고 정상적인 애니에는 아헤가오 절대로 나오지 않고 19세 일부소수 만화/애니에서 나옵니다) 사이트를 신고해서 없앴으나 다시 생기는건 시간문제 였고 또 찾아보면 여러 사이트가 있었습니다. 저희는 큰 것을 바라지 않습니다. 가해자를 보호하는 법이 아니라 빠르게 피해자들의 수를 줄이는 것이 해결 방안이라고 생각하고 위에 말씀드린 텀블러, 혹은 그 외의 사이트를 들어가 키워드를 검색하면 어렵지않게 그와 관련된 글들을 볼수 있습니다. 적어도 섹스, 강간 등과 같은 직접적인 단어를 검색했을 때에 나오는 불법적인 글은 모두 조치를 취해야한다고 생각하며 우회적인 방법으로도 얼마든지 글을 찾아낼 수 있으니 최대한 많은 조치를 하여 이렇게 현재 법은 더많은 피해자가 나오지 않게하기 위해 노력을 하고있다 조심해라라는 의견이라도 내비추어야한다고 생각합니다. 저희는 큰것을 바라지 않습니다 더이상 피해자가 나오지 못하게 힘써주세요 외국 사이트라고 가만히 있게되고 이런일이 많아질수록 저희는 이 대한민국이라는 나라가 두려워 질것이고 더이상 이 사회를 법을 믿지 못하게 될것입니다. 많이 도와주세요 조금만 노력해주세요",인권/성평등,2018,2018-05-23,5807,Not answered,텀블러 및 각종 해외사이트 음란물 유포를 적극적으로 수사해주세요
petition_0212,"연일 계속 보도되는 성폭행, 유아 살해 및 유기 가해자 측에 어머니, 아버지가 들어가서 구역질이 날 때쯤 죽어도 시원치 않은 그들의 형량을 보다 보니 자못 괴로웠습니다. 그러다 이렇게 잔인하게 한 아이의 인생을 짓밟고 죽이고, 사체 훼손까지 하는 이들도 사형이 구형되지 않는데 도대체 어떤 사람들이 사형수가 되는 것일까 궁금해졌습니다. 한 여자를 성폭행하고 사체를 토막내 유기를 한 오원춘. 빚을 갚기 위해 골프장에서 여성을 납치 살해 후 도주한 일당 중 심천우. 수법이 잔인하고 고의성도 있다고 법원에서 판단했던 사건이면서 가해자들이 죄를 뉘우치지 않았다는 공통점이 있는 이 두 개의 사건의 형량은 무기징역. 성추행 성폭행범들이 모두 전자 발찌를 차지 않듯, 사람을 한 명, 두 명 죽인 것으로는 사형수가 되지 않는 사실과 마주하게 되었습니다. 그리고 범죄 피해자 가족들은 자살을 하고, 숨어 살고 있는데 그 범죄 가해자인 유영철은 독방에서 TV도 보고 운동을 하며 살아있다는 소식과 2007년 초등학교 여자아이 둘을 살해하고 시신도 훼손해 유기한 사형수가 한 언론사 기자를 자신을 ‘살인마(함부로 사람을 죽이는 악한 사람을 귀신에 비유하여 이르는 말)’라고 표현했다고 명예훼손 소송을 건 기사까지 보고 나니 갑자기 머리가 하얗게 되더군요. 사형수가 되기도 쉽지 않은 대한민국에서 법원의 판단으로 사형을 구형 받았는데 집행을 안 한다면 법은 피해자와 그 가족을 테두리에 넣는 것인가? 생각이 들자 흉악범도 교화가 가능할 것이라는 사형제 폐지 찬성 측의 아름다운 해피엔딩에 더욱 동의할 수가 없어졌습니다. 전 세계 140여 개국에서 사형제를 폐지했습니다. 그래서 마치 사형제 폐지의 유무가 선진국이냐 아니냐 혹은 추세를 따르느냐 아니냐처럼 이야기되기도 합니다. 피해자와 피해자의 가족 앞에서 이것이 추세라서 처벌 안 합니다. 말하는 것이 이해될 것이라 생각하지 않습니다. (2017년 경제 순위 3위인 일본은 ‘소년’ 사형수도 2017년 사형되었습니다. 떠오르는 강국인 중국은 7조 재벌이라도, 마약과 관련되어있으면 외국인도 사형을 집행합니다.) 사형제가 흉악범죄 감소는 상관관계가 없다고 많은 학자들이 말합니다. 그런데요. 흉악 범죄 감소를 위해 사형을 원하는 사람들이 많을까요? 피해자가 입은 상황을 보고 가해자는 사형되야 한다 생각하는 사람이 많을까요? 저는 피해자도 피해자 가족도 되어본 적이 없는 평범한 시민이자 두 아이의 엄마입니다. 그리고 사형제를 폐지해야 한다 주장하는 7대 종교 단체의 신자는 아니지만 기독교인입니다. 천주교 신자이신 대통령님이 사람의 목숨을 사람이 판단하고 결정할 수 없다는 생각으로 사형제 폐지가 공약으로 들어간 것에 어느 한 부분은 동의할 수도 있기도 합니다. 군사독재 시절인 옛날에는 함정 수사, 끼어 맞추기 수사로 억울하게 옥살이하고 죽어간 사람들도 분명 있었습니다. 외국에서도 마찬가지였죠. 범인을 못 찾으면 흑인 한 명을 데려다가 범인으로 만들기도 했습니다. 하지만 우리가 사는 지금 시대는 DNA, CCTV 등 많은 증거와 자백을 통해 판결이 납니다. 범죄자의 인권인 무죄 추정의 원칙에 의해서 심증이 확실해도 물증이 없으면 무죄를 받기도 하고요. 국제앰네스티는 10년 이상 사형을 집행하지 않는 나라를 실질적 사형 폐지 국가로 분류하고 있습니다. 21년간 사형을 구형만 했지 집행한 적 없는 대한민국은 사형 폐지 국가에 들어가겠죠? 그렇지만 그건 국제앰네스티 기준이고요. 헌재에서도 사형제는 합헌이며 여전히 무기징역의 선을 넘어 사형이 구형되고 있는 대한민국에서 살인자들이 먹고, 입고, 자고, 보고, 들으며 사는 지금의 대한민국이 국민들이 원하는 기준과 생각인지 궁금합니다. 세금 낭비 때문이 아니고, 제가 피해자 가족이기 때문이 아니고, 사형을 받을 만큼 끔찍한 일을 저지르고도 살고 있는 사형수들이 죗값을 받길 바랍니다. 매우 유감스럽고 안타깝게도 그들은 성폭행을 당하거나 시신이 유기와 훼손되지 않겠지만요. 2018년의 대한민국에 사형 집행을 해주세요.",인권/성평등,2018,2018-02-01,48,Not answered,2018년의 대한민국에 사형 집행이 되기를 원합니다.
petition_0213,"대한민국은 민주주의 국가이기 때문에 자신 개인마다 발언권이 주어지고 그것이 곧 주권 행사이고 인권이 보장되는 나라이기 때문에 민주화가 되지 않고있는 나라와는 다르게 활발한 인터넷의 의견표출 , 게시글 작성, 댓글 작성 등을 할 수 있습니다. 하지만 그것이 너무 문란해져 저는 그동안 눈쌀을 찌뿌렸던 게시글이나 댓글들을 많이 봐왔습니다. 심지어 제가 글을 쓰는 이 곳, 국민청원 게시판에서도 말입니다. 항상 유명 포털사이트나 SNS, 정치색이 깃들거나 어느 특정 단체의 사이트.. 인터넷은 익명성이라는 취약점이 있다지만. 남을 비하하고 폄하하는 것이 당연해져버린 네트워크에서의 사람들은 대한민국 국민이 아닙니까. 왜 그들은 법을 두려워하지 않는 걸까요 .. 남들에게 왜 더 상처를 주고 생명까지 포기하게 만드는 걸까요. 이 부분에 대해 심도있게 생각해주시고. 더렵혀진 네트워크의 질서를 바로 잡아 주셨으면 좋겠습니다. 감사합니다.",인권/성평등,2018,2018-09-04,6,Not answered,댓글 실명제에 대한 청원입니다.
petition_0214,"대통령님 국민여러분 저는 장애1급을 가지신 어머니가 잘 낳아주시고 잘 키워주셔서 건강하게 살고있는 28 살의 청년입니다. 저는 항상 이런 마음을 갖고 살아갑니다 누구나 장애인이 되고싶어 장애인이 되지않았다 누구나 장애인이 될수있다 장애가 부끄러운겁니까? 오늘 신의현 선수의 금메달 소식을 접하고 기사를 읽고있고 축하댓글을 남기려 스크롤을 내리니 네이버 아이디 kkar****이라는 사람이 ""다리ㅂㅕㅅㅣㄴㅡㅡ""이라고 댓글을 썼더라고요 보는순간 제 마음이 무너졌습니다 장애가 부끄러운겁니까? 당신도 당신의가족도 내일 아니 당장 한시간 후에도 장애인이 될수도있습니다 장애인분들이 다른 사람에게 피해를줍니까? 똑같은 국민이고 똑같은 사람입니다. 오히려 더 보호받아야하며 장애를 이겨내며 사는 분들을 존중하고 본받아야할 사람입니다. 청와대가 대통령이 장애인에대한 색안경이없다면 저렇게 장애인을 비하하고 멸시하는 사람들에게 자신이 잘못한걸 알수있게 강화된 처벌로서 법을 제정하여 모든 장애인분들이 똑같은 사람 대접을받게 노력해주세요. 대통령님 당신도 장애인이 될수있습니다. 아무도 모르고 누구도 원하지 않습니다. 대통령으로서 모든 국민이 차별없이 살게해주시길 간곡히 청합니다. 대한민국 장애인분들 항상 존경합니다. 장애를 안고도 열심히 사시는모습 항상 본받겠습니다. 항상 건강 하시길 바랍니다.",인권/성평등,2018,2018-03-17,3,Not answered,비인간적 인신공격 댓글에 대하서
petition_0215,"익명을 악용하여 사실또는 허위사실등에 따른 내용을 공공연한 인터넷에 누구나 클릭하면 볼수있는 그런곳에서 또는 원치않은 링크들을 전달하며 우연히 또는 필연적으로 악성 비방 댓글 또는 명예훼손 신뢰회손이 심각해지는 시대입니다. 금융실명제 처럼 인터넷 실명제를 실시할경우 최소한 인격살인 또는 장난삼아 던지는 악플로 인해 자살을 미연에방지 할수있습니다. 또한 익명을 허용해서도 안됩니다. 익명을 허용하는 사이트는 범죄를 만드는 사이트이므로 폐쇄를 해야합니다. 병원(성형외과), IT기업, 바이오기업, 연예인, 정치인, 민간인 등등이 허위사실 또는 비방으로 인하여 가치하락과 더불어 민형사 소송등 많이 얽혀있습니다. 최소한 아이디라도 알면 민형사를 거쳐 허위게시글을 작성한 작성자를 찾아 법적처벌을 하고 삭제를 할수있지만 가장 큰 문제는 익명으로 관리하는 사이트 운영자가 그것을 악용하여 회원을 끌여들여 사이트를 키우며 어떤 곳은 업계분야별로 노조라는 명분으로 불법모금을 하는 곳도 있습니다. 어떤이도 아무런 실명인증이나 핸드폰인증없이 아무런 아이디를 만들고 한명이 100개의 아이디를 만들어 작성하고 댓글로는 한사람이 다른사람인척하며 같은 부류의 비방을 더하는 경우도 있습니다. 이같은 사이트는 한국방송통신심의위원회에서 소극적자세보다는 적극적인 처리자세로 조치를 취하여야합니다. 그렇지않으면 존재의 가치가 없습니다. 아마 계속적으로 인터넷실명제로 변경치 않을경우 많은 피해자들이 생길것이며, 정신우울 특히 연예인경우와 정치인 , 공인 들이 큰 타겟이며, 한순간에 자살에 이르게까지 하는 큰 범죄입니다. 심지어 아래 관련링크들은 각 회사에 동의도없이 회사에대한 일방적 주장이 담겨있고 그것이 사실이 아닌 허위사실인데도 마치 사실인양 피해를 받는 회사들이 많이 앞으로도 큰 피해를 계속 가중되고 있습니다.",인권/성평등,2018,2018-07-28,4,Not answered,인터넷 실명제 실시로 근본적 악성비하차단과 고의적 악성글과 근거없는 비방글방치하는 악성사이트는 폐쇄요청.
petition_0216,"워마드 전체회원과 후원자들의 실명 공개를 청원합니다. 태아 낙태후 난도질한 사진을 보고, 다른 만행들도 보고 분노하며 청원을 올립니다. 위마드(폐미)는 도를 넘어 섰습니다. 그들도 자신들의 입장을 주장 하고 관철할수 있겠지만 그것으로 인해 그와는 전혀 상관없는 국민이(남,여모두포함) 그들에게 피해를 가하지도 가한적도 없는 국민이 사상과 맞이 않는다는 이유로 매도 당하고 그 사상을 아이들에게 교육까지 하는 지경까지 왔습니다. 저는 제아이가 태아를 난도질하고 타인을 부정하며 종교를 모독하고 부모를 매도하는 아이가 되길 원하지 않습니다. 제 주변에 그런 인물들이 있는지 알고 싶습니다. 그를 후원하는 단체도 알고 싶습니다. 그들로 부터 보호받고 보호하길 원합니다. 국민으로서 이런 매도 사상에서 보호받을 권리가 있다 생각합니다. 사이트 폐쇄를 하면 다시 새로운 곳에서 다시 그들의 이야기를 시작할겁니다.익명성에 기대어.... 그래서 워마드 전체회원과 그후원자들의 실명 공개를 청원합니다. 워마드에는 납치를 하겠다는 글도 있습니다. 생명을 회손하는 처지까지 온 지금... 이것이 또 현실로 펼쳐진다면... 저는 제아이들과 모든 아이들이 보호받기를 원합니다. 그들과 떨어지기를 바랍니다. 잘못된 사상에 물들지 않기를 원합니다. 그래서 그들의 실명과 어느 지역에 있는지를 알고 싶습니다. 그들의 실명을 공개하고 그들의 후원자를 공개해 그들도 질책 받고, 이로 인해 이런 매도 사상이 사라지길 바랍니다. 그들로 부터 보호받고 제아이를 보호할수 있게 해주십시요 이에 청원드립니다.",인권/성평등,2018,2018-07-17,94,Not answered,워마드 전체회원과 후원자들의 실명공개를 청원합니다.
petition_0217,이번 부산 사하구 여중생들의 기사를 접하였습니다. 어느덧 30대가 되어 직장 생활하고 있는 제자신의 과거를 돌아봅니다. 저 또한 학창시절 친구들에게 많은 괴롭힘과 구타를 받았던 기억이 떠오릅니다. 이번 피해자 학생의 고통을 다 공감 할 순 없지만 누구보다 조금은 더 이해할 수 있다고 생각하며 이런식으로 법의 잣대가 오히려 우리나라 미래의 역효과를 줄 수 있다고 생각됩니다. 꼭 청소년법폐지가 이루어지길 바랍니다.,인권/성평등,2017,2017-09-05,0,Not answered,청소년법폐지해주세요.
petition_0218,"암암리에 진행되고 있는 민간인불법사찰로 인해 수많은 피해자들이 속출하고 있습니다. 심지어는 자살을 시도하거나 자살에 이르는 피해자들 조차 생겨나고 있는게 현실입니다. 최근 뉴스기사를 보면 민간인불법사찰에 관한 소식을 종종 접하게 되는데 사정이 이렇다는건 분명 그러한 IT기술이 현존하고 있다는 방증일 것입니다. 일명 조직스토킹이라 하여 그 사람의 일거수 일투족을 감시하는 중범죄행위가 만연하고 있음에도 어떠한 처벌규정이 있지를 않아 피해자들만 고통을 받고 있습니다. 대한민국 최고의 법규인 헌법에서 조차 개인의 사생활을 침해할 수 없음을 명백하게 규정하고 있는데 그 법위에 군림을 하고 있는 흉악한 무리들이 민간인들을 대상으로 불법사찰을 하고 있습니다. 아무리 숨기려 해도 그러한 흉악한 범죄행위가 있다는 것을 숨길수 없는건 미국의 사례에서 찾아볼수가 있습니다. 과거 빌클린턴 대통령은 민간인 불법사찰로 인한 사태로 인해 대국민 사과를 한적이 있습니다. 하여 미국시민들이 이러한 범죄행위가 있다는 것을 널리 알게되었고 국가기관이나 주요기관,불법흥신소등을 중심으로 자행되는 민간인 불법사찰이 금지되고 있습니다. 또한 일본,영국,독일등 주요 선진국들은 이미 이러한 민간인 불법사찰(조직스토킹)에 대해 명백히 불법행위로 규정을 하고 있으며 이를 엄히 처벌하고 있습니다. 저 역시 민간인 불법사찰의 피해자입니다. 일부 종교인들은 귀에서 신의 음성이 들린다고 하고 진짜 들었다고 확신을 하는 사람들이 있습니다. 그건 신의음성이 아닌 MK프로젝트에 의한 민간인불법사찰의 결과물일 것입니다. 흔히 귀에서 환청이 들리는 증상을 조현병이라 일컷는데 과연 조현병이라는 증상을 확신할 수 있는 의학자들이 얼마나 있을까요? MK프로젝트에 의한 환청증상과 조현병에 의한 환청증상을 명백히 구분할수 있는 의학자는 거의 없을것이라 확신합니다. 그들이 이러한 약점을 노려 피해자들이 겪은 증상들을 진술하면 정신병자로 내몰고 있는게 현실입니다. 도대체 이러한 범죄행위가 누구에 의해서 또한 어떠한 금전적인 대가를 받고 자행이 되는지 궁금합니다. 구체적으로 모든 사실들을 이야기할수는 없지만 분명한건 개인의 인권이 심각하게 유린을 당하고 있으며 그러한 글들을 피해자들이 꾸준하게 온라인상에 게시를 하고 있음에도 당국은 이를 모른체 하고 있다는 것입니다. 반드시 이러한 피해는 막아야 하며 그들을 처벌해야 합니다. 최근 데이트스토킹이라 하여 스토킹에 대한 처벌을 입법화하는 방안을 논의중인 것으로 알고있습니다. 희소식이긴 합니다만 아쉬운건 그보다 더 심각한 조직스토킹에 대한 처벌법규의 입법화를 간과하였다는 것입니다. 이미 조직스토킹에 대한 지식들을 여기저기 산재해 있으며 피해자들의 글들을 종합해 정리하여보면 그 범죄수법은 비슷함을 알수가 있습니다. 이러한 사실들을 반드시 인지하여 민간인 불법사찰(조직스토킹)을 아무런 죄책감없이 자행하는 흉악한 범죄무리들에게 반드시 철퇴를 가할수 있는 법규를 입법화시켜 주셨으면 합니다.",인권/성평등,2018,2018-03-15,7,Not answered,민간인 불법사찰(조직스토킹)을 처벌해 주세요
petition_0219,현재 고등학생입니다.솔직히 초등학교 중학교 학교생활하면서 학급회장을 비롯해서 회장선거를 왜 하는지 모르겠습니다.학급구성원이 상당히 많으면 몰라도 솔직히 왠만한 학급인원이면 충분히 학교에 대해서 의견내고 다같이 학교일에 참여 가능한대 오히려 회장이 있기때문에 그게 월활이 이루어지지 않는다고 봅니다.학급회장 선거를 하면서 나중에 할 선거에 대해서 오히려 안좋은 영향만 받습니다.이건 교육보다는 인권에 관련되었다고 봅니다.하지만 회장뽑는일을 그만하면 학교에서 더 월활한 교육이 기능하다고 봅니다.,인권/성평등,2018,2018-06-03,2,Not answered,학교 회장선거좀 어떻게좀 해주세요
petition_0220,"안녕하세요. 저는 대한민국에 살고있는 여학생입니다. 제가 이렇게 공개적인 장소에 글을 쓰게 된 이유는 서지현 검사님이 겪었던 검찰 내 성추행에 대한 재조사와 관련자 처벌뿐만 아니라 더 나아가 사회 전반에서의 여성 문제에 대한 해결책을 만들어주시길 바라는 바램에서 입니다. 우선, 저는 지금 이런 청원 글을 쓰는 것조차도 두려운데, 전 국민 앞에서 자신이 겪었던 부당함에 대해 말할 용기를 내신 서지현 검사님께 대단하다고, 훌륭한 일을 하셨다고 말씀 다리고 싶습니다. 저는 지난 월요일. 2018년 1월 29일 jtbc 뉴스룸에서 서지현 검사님께서 직접 겪으셨던 성추행에 대해 폭로하시는 것을 보았습니다. 다음날인 2018년 1월 30일 방송에서 피해자인 서검사님의 모습은 그대로 비춘채, 가해자인 남성 검사의 모습은 모자이크 처리된 채 나오는 것을 보았습니다. 또한 모든 패널이 남성이었던 그 방송에서, 어떤 맥락이었든 간에 이런 심각한 사안을 다루면서도 간혹 말을 이으며 웃음을 터뜨리는 그분들의 모습을 보며 이 문제가 이렇게 가볍게 넘어갈 문제여서는 안된다고 생각했습니다. 이 문제는 서검사님만의 문제가 아닙니다. 이 문제는 벌써부터 여성이기에 앞으로 이 사회에서 겪을 문제들과 차별들을 생각하며, 어떤 학과를 선택해야 가장 여성으로서 안정된 직업을 가질수있을까를 고민하는, 이제 막 대학 입학을 앞두고 있는 제가 겪고 있는 문제이기도 합니다. 이 문제는 이 사회를 살아가는 모든 여성들, 또한 그 여성들을 낳으시고 사랑하시는 아버지인 모든 남성들이 염려하는 문제입니다. 그래서 저는 청원합니다. 여성들이 보다 안전하고 당당하게 살아갈수있는 나라를 만들어주시기를 청원합니다. 다시한번 말씀드립니다. 서지현 검사님이 겪었던 검찰 내 성추행에 대한 재조사와 관련자 처벌을 청원합니다.",인권/성평등,2018,2018-01-31,332,Not answered,서지현 검사님이 겪었던 검찰 내 성추행에 대한 재조사와 관련자 처벌을 청원합니다
petition_0221,"1. 아동 청소년 법적 보호의 대상자이다. 차별받는 만큼 비례해서 보호의 대상이다. EX) 여중2학년생이 담배를 피울 경우! 가정에서나 학교에서나 야단치거나 벌을 주어선 안 된다. 그 학생에게 담배를 판 사람을 처벌하는 것이고, 금연프로그램 같은 것을 듣게 한다. 성교육 강화! 망상적인 대한민국 여성들에 의한 비체계적 교육 절대 금지! 오랜 전통이 있는 서유럽 스탠다드 교육 도입실시! 성이 나쁘다가 아니라 올바르고 안전한 성에 대해서 공부에 집중! 2. 가정에서의 아동 청소년 학대에 의한 즉 기본권침해에 의한 가출 발생 억제! 부모에게 강력한 처벌 및 교육! 10대 청소년이 불법체류자 외국인 노동자에게도 성착취를 당하는 충격적인 실태 혁파! 3. 학교에서의 체벌 엄격제한! 각 개인의 기본권을 침해해서는 안 된다는 보편성의 원리에 입각! 학생과 선생간 존댓말 사용! 수업 중에는 그리고 오래도록 같이 수업해야할 상황이므로 서로 편하게 존중한 상태에서 반말 사용 유도! 애칭사용! 동등한 존재! 피교육자 중심! 그럼 선생님에게 무례하게 굴 일이 없다. 서열화 금지! 4. 10대 미혼모 발생 시, 10대 미혼모 학교생활 지속시키어야 함(학교교육 사회시스템 결함 즉 아동 청소년 보호가 이루어지지 않은 것임), 아이를 국가기관에 돌봄, 졸업과 동시에 일자리 제공(아이[국가의 자산이며 미래의 동량 어떤 차별도 받아서는 안 된다.] 엄마의 인권보호), 10대 미혼모의 결정 존중 또래의 애아빠 남자라 서로 사랑하는 사이일 경우 문제없음 성인이후 둘이서 아이를 잘 키우면 됨. 서로 사랑하지 않을 경우, 양육권포기, 남성 접근 금지! 양육비 부담시킴(강제)! 5. 어릴적부터 남성와 여성은 동등한 존재이므로 남성이 모든 것을 사주지 말고 더치페이할 것! 돌려 받기 힘든 재산권 낭비! 폭력을 부를 수 있음! 서로 서로에게 빚지지 않는 버릇 습관화! 잘못된 사회적 인식 격파! 6. 장애인 보호책! 장애인이 일반인처럼 어떤 활동을 하는데 있어서 제약이 없어야하고 불편이 없도록 한다. 이런 사회적 약자에 대한 정책이 이루어지면 나머지는 자동적으로 그 혜택을 입기 때문에 평등과 동등한 기회가 확보된다. 7. 여성(성인)보호법 남성들의 겁박이나 협박 등으로 성적인 폭행을 당할 경우, 남성 강력한 처벌! 남성접근금지 책 철저이행 피해자 보호 철저! 남성의 여성을 노린 범죄 철저 차단! 강간 겁간 강력처벌! 8. 나이 먹은 남성의 젊은 여성에 대한 위력 발휘 원천 차단! [기 이야기 한 바와 같이 청소년 학교는 원천적으로 차단해야 하고 발생시 강력처벌 100년 200년] 영화 연극 등의 세계에서 발생할 수 있는 일! 항상 공개적인 오디션으로 하고 성적인 요구를 할 경우, 증거를 잡아 제출하여 혐의가 밝혀지면 강력처벌! 기회의 균등에 어긋남 성적인 요구를 들어준 여자도 일시적 성공일 뿐 결국 그 만큼 반짝으로 끝남. -참고- 기업내? 한샘같은 경우는 별천지 이야기이고, 학교내 폭력 성추행도 대부분의 경우는 그것도 실제로 학생들에게 물어보면 별천지 이야기라고 함. 그외 힘있는 남자들 젊은 여성들 만만히 보고 함부로 접근 하지말 것! 여자에게 철저히 이기적으로 굴 것! 그것이 바로 여성을 위하는 길이며 자신을 위하는 길임. 선결조건 : 여성가족부 여성인권팔이단체 척결이 시급!",인권/성평등,2018,2018-03-28,5,Not answered,사회적 약자를 위한(X) 사회적 약자에 대한(○) 정책시급!
petition_0222,"저는 올해 63살인, 울산에서 18년째 택시를 하고있는 택시기사입니다. 2011년 10월 9일(일요일) 오후 7시 05분경 울산 명촌 원예농협앞에서 3명 모두 양복을 입고있는 사람들중 현대자동차 사택으로 가자고하는 일행 1명을 태우고 가는 도중에 저보고 자꾸 시비를 걸다가 효문사거리에서 자동차 쪽으로 500미터 지점에서 시속 60~70키로로 운전중 뒷머리를 욕설과 함께 1차 머리 폭행을 당하고 차를 세우려고 우측으로 이동중에 또다시 2차 머리를 가격 당했습니다. 그리고 차에서 내려 도주를 하였는데 뒷쫒아 가다가 놓쳐 버렸습니다. 그날밤에 머리를 맞은 부분이 퉁퉁 부어 오르길래, 다음날 제일병원에서 진단서를 발급받아 중부경찰서에 고소를 하여, 담당형사와 저와 둘이서 자동차 사택 옆에서 2주일 정도 검거할려고 서서 기다렸습니다. 그 자동차 직원은 출근하면서 피해다니는 것인지, 검거하지 못하고, 이 사건은 결국 검찰청으로 특정 범죄가중처벌죄로 성명불상 기소유예되어있는 사건입니다. 공소시효가 10년인데 앞으로 4년이 남았고, 문제는 그 머리를 맞은 부분이 잠을 잘려고 하면 머리가 두근두근해서 제대로 잠을 못 이루고 6년동안 후유증에 계속 시달리고 있습니다. 머리가 잘못 되면 팔, 다리도 마비가 온다는데 정말 걱정입니다. 그래서 2017년 9월 13일자 현대자동차 고객 소리함에 이 억울한 사연을 올렸는데, 회사측에서 답변이 오기를 초상권 및 개인 정보 보호법에 의해 사진을 못 보여준다고 회신이 왔습니다. 제가 올해 63살로 언제까지 살수있을지는 모르겠습니다만 만약 이 범인을 못 잡고 자꾸 세월만 가면 가슴에 한이 맺힐 것 같습니다. 제가 현대자동차에 진정으로 부탁드리고 싶은점은 2011년 10월 9일 그 당시에 자동차 사택에 거주했던 사람들만 사진을 보여주면 제가 그 사람 얼굴을 뚜렷이 기억하고 있으니 잡을수 있을 것 같습니다. 이런 큰 죄를 저질른 사람이 지금 회사에 근무하고 있으니 회사 측에서도 그대로 놔두지 말고 색출해서 큰죄를 저질른 죄값을 받도록 하는 것이 우리나라 최고 자동차 회사의 정직하고 참다운 기업이념이 아닌가 싶습니다.",인권/성평등,2017,2017-09-22,2,Not answered,운전중인 택시기사의 뒷머리를 가격하고 도주한 현대자동차 직원을 잡아주세요!
petition_0223,"한 아이의 인생을 망쳐놓은 성범죄가 시간이 많이 지난다고 하여 없어집니까? 사실은 변하지 않습니다! 조두순 사건을 봐도 피해자인 어린 소녀는 지금도 성치 않은 몸으로 하루하루를 힘들게 살아가고 있을텐데 그 흉악한 범죄자는 곧 출소한답니다... 3년 뒤면 자유의 몸이 되어 다시 그러한 끔찍한 범죄를 감행한다면? 생각만 해도 소름이 끼칩니다. 술 취한 상태에서 한 범죄는 감형, 나이가 많으면 감형.... 어린 소녀를, 어쩌면 소년을, 평생 괴롭힐 끔찍한 범죄를 저지른 범죄자에게 감형이라니요... 자기 몸을 가누지 못할 정도로 술을 마신 사람에게는 오히려 가중처벌을 해야합니다. 채 자라지도 못한 가녀린 아이들의 몸과 마음에 씻을 수 없는 상처를 평생!!! 남기는 미성년자 성폭력 범죄! 살인보다 더 끔찍한 범죄입니다! 공소시효도 폐지하고 형도 살인죄에 준하도록 강화해야합니다!!! 법을 바꿔주세요!!!",인권/성평등,2017,2017-10-31,990,Not answered,미성년자 성폭력 공소시효를 폐지해주세요!
petition_0224,"안녕하세요 ""페미니스트""를 선언한 대통령이신 문재인 대통령님. 현재 남성들이 페메니스트 대통령을 선언한 대통령이신 문재인 대통령님 때문에 많이 힘듭니다. 첫째, 여성배려 시설 확대 ( 여성전용 화장실, 여성전용 주차장등) 이런것들은 물론 남성입장에서는 화나지만 그나마 넘길 수 있을 만한 일이라고 생각합니다. 하지만 남성들이 남자들만 가는 군대 라고해서 여성들은 왜 안가냐!! 하면서 시위한적 있습니까? 우리는 남성과 여성의 신체적 차이를 이해하려고 노력하며, 최선을 다하며 2년을 국가에게 바칩니다. 그러나 왜 대한민국은 그렇지 않습니까? 둘째, 남성이 스치면 6개월 여성이 추행해도 집행유예라는 말이 있습니다. 이말에 대해서 제 11조 1항을 보신다면 모든 국민은 법 앞에 평등하다. 누구든지 성별,종교 또는 사회적 신분에 의하여 정치적, 사회적, 문화적 생활의 모든 영역에 있어 차별을 받지 않이한다. 라고 적혀있습니다. 현 정부는 헌법위에 존재하고 모든 헌법을 중시 하지 않습니까? 그리고 제 27조 4항을 본다면 형사피공니은 유죄의 판결이 확정될때까지는 무죄로 추정된다고 나와있습니다. 이런경우에는 부정부패한 판검사들을 모조리 사직시켜야하는건지 아니면 헌법을 무시하는 검사와 판사로 냅둬야하는건지는 국가에게 달렸습니다. 모든 국민에게 참정권을 주는 나라가 이래서야 쓰겠습니까? 저는 성범죄 가해자로 허위진술을 당해서 경찰 검찰 심문을 받아봤고, 그로 인해 남성과 여성에게 대하는 차별을 느꼈습니다. 여성의 경우로서는 아무런 증거도 없이 증언만이 증거였고, 저한테는 여성이 주장하는 성폭력 피해일에 같이 찍은 사진(같이 벗고 찍은 사진) 까지 제출했습니다. 그러나 검사는 이를 기각하였고, 저에게는 징역을 달라고 판사에게 얘기 하였고, 판사님은 그걸 겨우 증거불충분무죄로 줬습니다. 이와같은경우 남성의 경우는 무고로 고소할 수 없습니다. 여성에게 단 한개의 증거도 없었지만, 이 국가에서는 증언만으로 증거가 되므로, 여성의 증언이 타당성있고, 일관되었다고 한다면, 남성에게 성범죄를 덮어 씌울수있습니다. 아무런 증거가 없고 남성측의 증거가 있다고 한다고한들 검사 경찰들은 그걸 거들떠도안봅니다. 응 넌 성범죄자야 하는 얼굴로 쳐다봅니다. 이게 정말 민주주의 국가이며, 헌법을 존중하는 국가입니까? 아니면 파쇼정권떄와같이 전두환,박정희같은 대통령입니까? 대통령님 당신이 남성이고, 대한민국의 국민이라면, 대답하십시오. 그렇지않다면, 이 나라는 썩었고, 제 2의 뉴질랜드화 되어 이 나라의 운명을 당신이 좌우할것입니다. 여성들은 관광객들을 상대로 성매매하며, 남성들은 다 이나라를 떠나 출산률및, 모든 경제는 침체될것이며, 나라는 힘들어질것입니다. 그건 이미 보이는대로 정확한 수치이며, 그 누구도 반박하진 못할것입니다. 당신이 대통령이라면, 대통령 답게 행동하십시오. 이 나라의 문제점을 보완하십시오. 그건 남성들의 피해로 부터 시작됩니다. 고통받는 남성들을 도와주십시오.",인권/성평등,2018,2018-09-28,25,Not answered,남성 역차별과 그러 인해 받는 남성들의 피해
petition_0225,"[1] 낙태죄폐지청원시 중복동의 및 조작인 줄 알면서도 청와대 답변 내 놓음 대한민국 청원법 제6조(청원방법) ①청원은 청원인의 성명(법인인 경우에는 명칭 및 대표자의 성명을 말한다)과 주소 또는 거소를 기재하고 서명한 문서(「전자정부법」에 의한 전자문서를 포함한다)로 하여야 한다. <개정 2007.1.3.> 2017.11.01일자 신문기사내용(낙태죄폐지 중복동의 및 조작에 대한 청와대답변을 꼬집은 기사) 청원 참여는 페이스북, 트위터 등 네 가지의 SNS 계정을 통해 한 사람당 최대 4번까지만 동의를 할 수 있도록 제한해놓은 상태다. 한 커뮤니티에 따르면 스마트폰이 안드로이드인 경우 쿠키방문기록 등 데이터를 삭제하고 청원 페이지를 새로고침하면 자동 로그아웃돼 다른 계정으로 로그인만 하면 중복 참여가 가능하다는 글이 올라와 있다. [2] 초중고하교 페미니즘교육 의무화 청원: 이 또한 신문에 조작 여부가 대서특필됐는데도 청와대는 버젓이 답변대기목록에 올려 놓아 국민들 우롱하고 있음 靑 국민청원방 20만명 넘기는 법, 아세요? 2018.02.07일자 또 중복동의를 방치하는 청와대 행태에 대한 비판기사 청와대 청원게시판은 누구나 익명으로 자유로운 의사표현이 가능하다. 그러나 익명성의 장점이 오히려 단점으로 바뀌고 있다. 청와대 청원 게시판은 별도의 회원 가입 과정 없이, 또 실명 거론 없이도 간단히 참여가 가능하다. 자연스럽게 청원글 중복 게시나 중복 동의도 가능하다. 이러다보니 청와대 청원의 여론 조작을 우려하는 사람도 있다. 당장 두 청원 다 삭제하시고 추후 재빌 방지 약속을 이행하시고 해당 청원은 답변대기목록에세 제외시켜 주세요~~!! 상식적으로 중복 동의 부분은 제외하고 재집계해야 정상 아닌가요??",인권/성평등,2018,2018-02-07,5,Not answered,청와대는 조작된 청원인 줄 알고도 왜 답변을 한다는 거죠??조작청원은 답변대기목록에서 제외시켜 주세요
petition_0226,Me too 가 지금 문화계에서 정치계로 옮겨지고 있습니다. 일시적은 현상아닌 사화전반의 문제입니다 우리나라 대한민국이 진정 자유민주주의로 갈려면 한단계 점프해야합니다. 약자들이 대부분인 피해자들이 제대로 신고도 못합니다 이번 기회에 상설조직을 만들어 청와대 직속이든 여성가족부산하 위원회를 만들든지 어떤식으로든 뭔가 있어야 합니다 이번기회에 제대로 신고되고 또한 수사나 판결이 되게 약자. 피해자들에게 도움이 되는 기구가 필수입니다 가해자의 대부분은 강자. 갑. 권력자들이 대부분 이런 일은 완전히 뿌리 뽑아야합니다 국민여러분 많은 부탁드립니다,인권/성평등,2018,2018-03-07,2,Not answered,Me too 특별위원회라는 상설기구를 만듭시다.
petition_0227,"안녕하세요. 경기도 용신중학교 학생사회참여동아리 GPS(gyeonggi-do problem solution)입니다. 저희 동아리는 현재 선플달기와 동시에 학교폭력, 양성평등, 재난안전 정책 등을 주제로 하여 활동을 진행 중에 있습니다. 이 글은 위의 여러 가지 정책들 중에서 양성평등에 대해 제의하는 글입니다. 저희는 요즈음 사회에서 문제가 되는 바가 양성갈등이라고 생각하여 이 양성갈등을 해결하기 위한 3개의 해결방안을 생각해보았습니다. 첫 번째로, 양성갈등을 유발하는 사이트를 폐지하는 것입니다. 사이버 문화가 발달하면서 수많은 웹사이트, 블로그 등이 생겨나게 되었는데, 그 과정에서 양성평등이 아닌 양성갈등을 유발하는 사이트들도 다수 제작되었습니다. 인터넷 세계의 특징은 인터넷에 올리는 정보 하나가 순식간에 전세계의 사람들에게로 전달된다는 것인데, 이러한 특성으로 인해 양성갈등 유발 사이트들로써 많은 사람들이 성에 대한 차별과 양성갈등의 영향을 크게 받게됩니다. 그래서 저희 동아리는 이렇게 양성갈등과 성차별을 유발하는 사이트들을 폐지하는 정책이 실현되어야 한다고 제의합니다. 두번째는 양성평등 교육을 확대하자는 것입니다. 세살버릇 여든간다는 말이 있듯이 청소년과 어린이들에게 양성평등에 대한 교육을 다수 실시하게 된다면 후에 그들이 성 차별과 양성갈등을 유발, 발생시키는 경우가 감소하게 될 것입니다. 그러므로 저희 사회참여동아리는 초등학생과 중학생 등의 학생들과 어린이들에게 양성평등에 대한 교육을 확대시켜야한다고 제안합니다. 세번째이자 마지막으로 저희는 초등학교, 중학교, 고등학교 등 청소년 교육 기관에 경찰관이 오셔서 양성간의 이야기와 대화, 토론 등을 실시함으로 양성갈등과 성차별, 성에대한 고정관념과 편견 등을 깨뜨리는 시간을 가지도록 해야 한다고 제의합니다. 학생들은 서로 다른 성별의 사람에 대한 차별과 편견 등을 가지고 있고 이 고정관념들로 인하여 이성간에 서로 갈등을 일으키기도 하지만 이 차별과 편견을 깨뜨리려는 노력을 하거나, 이를 깨뜨릴 수 있는 환경이 마련되지 않아 편견을 없애지 못하고 있습니다. 따라서 저희는 학교 담당 경찰관 같은 경찰관들이 학교에 방문하여 양성간에 대화와 토론을 실시하도록 하여 서로 간의 편견과 고정관념, 차별 등을 없애고 양성갈등을 줄이는 시간을 마련해 주어야 한다고 생각합니다. 이상 긴 글을 읽어주셔서 감사합니다. 저희의견을 꼭 좀 수용해 주시면 감사하겠습니다.",인권/성평등,2017,2017-10-09,9,Not answered,"양성갈등 (여혐,남혐) 관련 정책 건의"
petition_0228,회사에 이력서를 작성하다보면... 자기소개서라는 부분이 나오기 마련 입니다. 성장과정은 어땟는지... 성격이나 장단점은 무엇인지 등을 말이죠..... 아마 실제 작성해서 회사에 제출 하는 것에 대다수는 허위나 거짓을 포함한 내용들이 잔뜩입니다. 하지만 취업이라는 목표 때문에.. 말도 안되는 자기소설을 작성해야 합니다. 자기를 소설처럼 작성해서 쓰는 자기소개서... 언제까지 이러한 무분별한 자기소개서에... 언제까지 자기의 개인정보를 회사에 제공해야만 하는지 모르겠습니다. 이에 대해서 법안을 발의 했다고는 말하고 있으나.. 이러한 법은 빨리 처리되야 한다고 생각 합니다. 시급한 법안 처리를 청원합니다.,인권/성평등,2018,2018-03-23,1,Not answered,자소설.. 언제까지 써야 합니까?
petition_0229,"대한항공 막내의 갑질에 분노합니다. 유리병을 던지고, 물을 끼얹은게 사실이라면 그건 인격 살해에 해당하는 중범죄입니다. 마음 여린 피해자라면 극단적인 선택을 할수도 있습니다. 피해자도 누군가에게는 아빠고 아들이고 남편일텐데.... 갑이라는 이유로 삼십대 여자한테 그런 모욕을 당할 수 밖에 없는게 서럽네요. 장녀, 장남, 막내 돌아가면서 갑질 해대는 대한항공의 그동안의 갑질을 모두 조사해서 형사처벌해 주실것을 청원합니다.",인권/성평등,2018,2018-04-12,1026,Not answered,갑질 가족 대한항공 조씨 삼남매의 형사 처벌이 필요합니다.
petition_0230,"낙태죄 페지를 반대합니다. 우선 낙태죄를 페지하게된다면 첫째로, 무책임한 성관계가 더 심해질꺼라 생각합니다. 성관계를 함에 있어서 가장 중요한건 책임감이라고 생각합니다. 허나 낙태죄가 허용이 된다면 책임감을 가지지 않고 성관계를 하는 사람들이 늘어날 것이고 낙태죄가 허용이 된다하면 사후피임약, 콘돔 이런 피임도구가 사라질뿐더러 피임이란 단어가 사라지게되고 성관계 후 원치않는 임신이 되었다면 낙태비만 지불하고 끝내버리는 무책임한 성관계가 판치는 세상이 올꺼라 생각합니다. 둘째로, 위의 의견을 근거하여 봤을 때 책임감 없는 성관계가 지속 될 시에는 태아의 생명도 존중되지 않는 것 입니다. 태아도 엄연한 생명이 있는 사람입니다. 책임감 없이 성관계를 하여 임신을 하게되고 낙태를 하게되면 소중한 생명하나를 없애는거나 다를꺼없습니다. 개도 생명이라며 식용 개도 반대하는데 사람생명이 개만도 못한 세상이 되는건 옳지않다고 봅니다. 무엇보다 사람이 우선입니다. 낙태죄 페지를 반대합니다",인권/성평등,2018,2018-09-28,14,Not answered,낙태죄 페지를 반대합니다
petition_0231,안녕하십니까 . 저는 2살 7살 아이를 둔 엄마입니다. 먼저 뉴스를 보니 성민이 사건이 오래 되서 지금 와서는 처벌할 수 있는게 없다 라는 식의 보도가 이루어지고 있습니다 어느 누구 하나라도 성민이에 대한 정말 우리 사회가 성민이를 더 이상은 슬프게 해서 안 된다고 생각합니다 고작 두 돌 아이는 엄청난 고통에 시달렸다고 하는데 원장 부분은 저렇게 멀쩡이 돌아다니고 성형수술을 하며 또다시 나쁜 짓을 할지도 모르는데 어떻게 저런 악마들을 두고 볼 수가 있습니까 저런 악마들이 사회를 거닐고 다닐 때 우리 아이들은 또 다른 피해자가 발생할 수 있습니다 두 살 일곱 살을 둔 아이 엄마로서 말 못 하는 어린 아이가 어린이집을 가고 있을 때 불안감에 떨며 직장을 나가야 합니다 정정당당히 저런 악마들을 처벌하고 강경대응 하며 두 번 다시는 이런 일이 일어나지 않아야 하지만 사건은 벌써 11년 전 !.... 그 이후로 얼마나 많은 어린이집 사고와 수 많은 아이들이 생명을 있습니까 정말 애통하고 또 애통합니다 한 나라의 국민으로서 한 아이의 엄마로서 강력히 처벌을 원합니다 성민이는 말하지 못하는 어린아이로 써 극한 고통과 두려움이 가득 차 있었을 것이며 형은 고작 6살... 성민이가.죽어가는걸 지켜봐야했고 동새 입을.틀어막는일 .. 휴... 그 아이 또한 얼마나 많은 고통과 두려움이 있었겠습니까 형은 지금까지 살아 있으며 11년 전에 고통과 동생에대한 자책감 그리고 부모에 대한 원망 또한 함께 살아 있을 것입니다 그 아이의 원망이 사라질 수 있도록 우리 대한민국에서 이 문제는 강력히 해결해야 된다고 대통령님께 국민청원 글을 올려봅니다 제가 국민으로써 살인충동을 느끼는 일이 제발 없었으면 좋겠습니다 현재의 제 심정으로 써는 처벌을 할 수 있는 길이 딱히 없다는 말에 정말 제가 그 사람들이 죽여 버리고 싶을만큼 너무 너무 화가 나는 상황입니다 엄중히 처벌에 주십시오,인권/성평등,2018,2018-07-27,81,Not answered,성민이 사건을 처벌 하여야 합니다.
petition_0232,"낙태죄 폐지를 반대합니다 (범죄로 인한 임신을 제외하고) 옛 선조들이 가르침에 대해서 특히 성과 관련된 많은 이야기 중에 ""괜찮다"" ""건전하다"" ""건강하다"" 라고 생각되어지는 가치관과 기준들이 있어서 많은 사람들이 그 이이야기와 기준들에 대해 가지고 있는 생각들을 바라보면서 조금은 안타까운 마음이 듭니다. 그 가치관과 기준들이 갑질이라는 문화가 되어버리고 벼슬이 되거나 그런 잘못된 왜곡들도 있지만 잘못되게 행해지는 모습들로 인해 반대를 위한 반대만을 외치고 있는게 아닐까? 라는 생각을 합니다 반대를 하는 사람들은 대부분 그 가치관과 기준을 가진 사람들을 향해서 흔히 ""꼰대다"" ""조선시대 사람이다"" 라며 비꼰다. 하지만 꼰대라고 이야기하는 이유에 대해서만 설명할뿐, (범죄자의 범죄로 인해 잃게되는 순결과 임신 낙태등을 제외하고) 예를 들어 ""장유유서"", ""혼전순결"" 등을 이야기할때 꼰대라 이야기를 하지만 그에 따른 논리는 지극히 개인주의적이고 이성보다는 동물적인 욕구와 욕망에 기반된 이기적이고 더는 사대주의적인 어쩌면 치졸한 이유일뿐 실제적이고 합리적인 논리는 없습니다 혼전순결을 지키지 않아도 될 이유와, 지키지 않고 이후에 이루어질수있는 원치않는 임신과 낙태, 헤어진 이후에 있는 폭행과 협박 그리고 수치심에 대해 실속있는 반박은 없습니다. ""나는 생각한다. 고로 나는 존재한다"" 라는 말이 아닌 ""나는 느낀다. 고로 나는 존재한다"" 로 되어버린 이 시대에 사회적으로 연합이 되어질수밖에 없는 사람이라는 동물은, 다른 동물들 처럼 정말로 느끼는대로만 살아가야하는지? 감정과 감각이 이성을 지배하며 살아가야하는지? 이성이 순간의 감정과 감각을 컨트롤 하며 살아가야하는지? 생각해봤으면 좋겠습니다 그렇게 된다면 성행위이후에 다가올 수 있는 여러 다양한 문제에 대해 충분히 예방할 수 있을 것입니다. 다만 범죄로 인한 성관계에 대한 문제는 추후에 예방과 더불어 어쩌면 예방보다는 그 이후에 발생되는 현상에 대해 더욱 조심스러운 고민을 해봐야할꺼같습니다",인권/성평등,2018,2018-05-25,5,Not answered,"낙태죄 폐지, 반대"
petition_0233,"안녕하세요, 저는 현재 중학교에 재학중인 한 학생입니다. 저는 제가 태어나기도 전부터 교복이 존재하고 있었다는 것을 알고 있습니다. 또한 교복의 장점도 알고 있습니다. 교복을 착용함으로서 비싸고 좋은 옷을 사입지 못하는 아이들이 부를 많이 축적한 부모밑에서 자라온 아이들에게 느끼는 상대적 박탈감을 줄일수 있다는 것이죠. 그리고 이 사실은 이미 많은 학생들이 알고 있습니다. 그럼에도 불구하고, 학생들은 교복을 바꾸어달라, 더 나아가서는 없애달라는 요청을 해오고 있습니다. 그 이유는 교복의 장점에 비해 학생들이 겪는 불편함이 크기 때문입니다. 문재인 대통령님께서도 교복의 불편함을 알고 계시다고 하니 교복을 적극적으로 수정해주셨으면 하는 바람입니다. 교복의 불편한 점에는 먼저, 상대적 박탈감을 없애기 위해 만든 교복이 지나치게 비싸다는 점 입니다. 학생들은 살면서 최소 4벌의 교복을 구매해야 합니다. 중학교 동,하복 그리고 고등학교 동,하복. 물론 아닌 경우도 있겠지만 이게 일반적인 경우이죠. 게다가 중,고등학생 시기에 급성장을 하는 남학생의 경우 2~3학년때 다시 더 큰 사이즈로 구매하기도 합니다. 그러나 이 교복의 가격이 요즈음 얼마인지 아십니까? 학교에 따라 차이가 있지만 공동구매를 하더라도 180000원 이상이고 그마저도 하지 않으면 250000원 가량 나옵니다. 그런데 이 교복을 4번이나 구매한다면, 게다가 학교에서 지정한 체육복까지 구매한다면, 교복만큼 돈 부담이 되는 옷이 없을 것입니다. 비싸고 좋은 옷을 사입지 못해 학생이 느끼는 박탈감을 줄이기 위해 만든 교복이, 메이커 옷이나 패딩과 비슷한 가격이라는 것이 모순이라고 생각이 됩니다. 그리고 학생들이 가장 많이 호소하는 이유가 있죠. 바로 학생들을 위한 교복이 불편하다는 것입니다. 비싼 돈을 주고 구매한 교복은 공부를 하기 위해 학교에 와 하루의 대부분을 보내는 학생들을 조이고, 또 조이고 있습니다. 여학생들은 게다가 더운 여름날 교복 안에 옷을 껴입지 않으면 속옷이 비칠뿐 아니라 팔을 번쩍 위로 올리면 아동복과 같은 크기의 교복 상의가 함께 딸려 올라가 학생들의 심기를 불편하게 합니다. 그리고 남학생의 경우에도 불편한 점이 있습니다. 더운 여름인데도 하복바지가 9부바지인 곳이 종종 보인 다는 것입니다. 저희 학교도 마찬가지 입니다. 바지의 재질은 걷어 올릴수도 없어 바지 속 다리에 땀이 차도 방법이 없습니다. 그리고 여학생에게 불편한 치마 교복을 강요하는 경우도 여럿 보입니다. 교내에서라도 마음대로 생활복이나 체육복을 허락해준다면 그나마 다행이지만, 그렇지 않은 학교 또한 많습니다. 현재 학생들이 과연 이 불편한 교복을 좋아할까요? 아닙니다. 학생들을 위한 교복이 학생들을 불편하게 만든다면 교복을 즉시 바꿔야 한다고 생각합니다. 교복 폐지를 주장하는 학생들도 있지만, 사복을 허용함으로서 생겨나는 단점 (박탈감, 사복 규정) 등을 생각해 본다면 교복 폐지는 어쩌면 더 골치 아픈 일이 될 수 있습니다. 그래서 저는 교복이 조금 더 편하게, 싸게 바뀌었으면 좋겠습니다. 교복을 와이셔츠나 정장처럼 만들 것이 아니라 그냥 단체티 처럼 편한 복장으로 바꾸는 것입니다. 이미 많은 인터넷 사이트에서 단체로 입을 수 있는 가벼운 맨투맨, 반팔티, 후드티를 판매하고 있습니다. 교복을 만들어낸 학교가 이 간단한 단체티 하나를 만들지 못할 것이라고는 생각하지 않습니다. 학생들이 정해진 단체티를 입으며 생활 한다면 학생들의 불편함도 해소되고, 가격문제 또한 해소 될 것입니다. 몇몇학교만 시행하는 것이 아닌, 전국의 모든 학교가 시행할 수 있게 신경을 써주셨으면 좋겠습니다. 부탁드립니다.",인권/성평등,2018,2018-07-04,19,Not answered,학생들의 교복을 바꾸어 주세요
petition_0234,"정현백 여성부 장관은 성균관대학교 교수시절, 성추행 사건을 무마한 일이 있다. 여성부라는 부처는 여성과, 가족 그리고 다문화 성 관련된 정책과 업무를 하는 행정 부처이다. 여성부 장관이라는 정현백은, 교수시절에 동료 교수가 성추행을 당한 사실을 알고, 무마 시킨 정현백 장관이다. 정현백과 ,더불어민주당 이재정의원은 두 사람은 역겨운 사람이고, 뻔뻔스러운 사람입니다. 미투 운동을 할 수 있냐!! 정현백 장관과 이재정 국회의원은 이중잣대, 내로남불 정치를 하고 있다. 인권 운운하면서 사람죽이는 단체, 여성단체!! 비리가 많은 단체 여성단체!! 여성단체와 여성가족부는 폐지해야합니다.!! 우리모두 여성단체, 여성가족부 폐지 적극적으로 홍보해야합니다.!! 사람을 죽이는 단체입니다!! 남녀갈등 부추기는 여성단체!! 폐지해라, 여성단체는 좌빨단체입니다. 피해자 팔아 이익챙기는 여성단체!! 성추행 무마한 정현백 장관은 사퇴해라!! 문재인 캠프 출신인 연극계 이윤택 성추행 관련된 사건은 여성단체와 여성가족부는 입장표명이 없는가!! 그리고 지금도 청와대에서 행정관으로 일하고 있는 탁현민의 경질은 못하는 가!! 사람죽이는 여성단체!! 비리가 많은 여성단체!! 여성단체, 여성가족부, 워마드 폐지해주세요!!",인권/성평등,2018,2018-02-21,8,Not answered,성추행 무마한 정현백 여성부 장관 사퇴해라!!
petition_0235,요즘 여성 군대징병에 대한 청원이 핫이슈잖아요.. 여성 군대징병 좋죠..인구도 줄고있고 북한은 도발하는데 병력 늘어나고.. 근데 요즘 기사보면 남자군인도 성추행당하고 성폭행당하고 난린데 여자군대보내면 별 문제없을 거라고 생각하는 건가요? 남자가 여자도 군대가라고 하는 이유가 군대가는 게 자기 인생에 손해라고 생각해서 아닌가요? 약 2년동안 학업이나 돈벌이가 스톱되고 군에서 인간대우 못 받고 돈은 쥐꼬리만큼 주면서 몸상하고 군데 여자들은 2년동안 저 멀리 가있으니까? 전 솔직히 여성징병제를 실시하기보다는 태국처럼 제비뽑기를 통해 필요한 인원만큼 딱 선발하는 대신 기간을 늘리거나(물론 남녀함께) 아니면 걍 지원제로 바꾸는 게 낫다고 생각해요.. 그리고 여성징병제 실시할거면 이성을 좋아하는 여군으로 이루어진 사단을 만들어야된다고 생각해요.. 남자랑 여자를 같은 사단에 뒀다고 문제라도 생기면 어떡해요? 군대같이 썩은 고인물같은데가 없는데 문제생겨봤자 소문 안 나게 쉿쉿하면서 해결 안 될 게 뻔한대.. 그리고 일단 군인에 대한 처우부터 개선해야죠.. 가끔 교도소밥이랑 군대밥이랑 비교하는 글올라오면 군대밥 안 그렇다고 윗선에서 파르르떠는데 그럼 구 많은 사람들이 거짓말하는 건가요?군대밥 그지 같다고? 군대는 우리 나라를 위해 헌신하는 사람들이 있는데고 교도소는 범죄자들이 있는 곳인데 군대는 처우개선해주고 교도소는 더 빡시게 굴려야죠.. 인도네시안가 거기처럼..전 솔직히 범죄자 인권보장은 다 개소리라고 생각하고 교화라는 게 될리없다고 생각하는 사람이라..범죄자들한테 쓸 돈 군인한테 쫌만 더 써도 지금보단 부모님들이 훨씬 맘놓고 보낼 수 있고 당사자도 좀더 가벼운 마음으로 갈 수 있을 거라고 생각해요.. 지금처럼 총기사고와 성관련사건이 난발하는 군대에 누가 맘편히 가겠습니까?지원도 아니고 징병인데.. 여성징병제 자체는 좋지만 그 전에 군대 자체의 정화가 선행되어야된다고 생각합니다.,인권/성평등,2017,2017-10-15,8,Not answered,여자 군대 청원에 대한 보강청원
petition_0236,안녕하세요. 저는 직장에 다니고 있는 직장인입니다. 영업관리직으로 사람을 만날 일이 많은 직업입니다. 저는 최근 업무상 얽힌 사람에게 갑질 아닌 갑질을 당했습니다. 저에게는 이 사건에 대해 관여하거나 중재할 권리나 권한이 없습니다. 그럼에도 불구하고 중재를 지속적으로 강제하며 당사자들간의 협의를 하지 않고 있습니다. 오로지 당사자간에는 아무말도 없이 해결을 요구하며 저만 협박 당하고있습니다. 저는 이 일에 어떠한 책임도 권한도 없습니다. 그럼에도 불구하고 저를 협박하여 일을 해결하려고합니다. 그 중 한가지가 국민 청원에 글을 올리는 것이라고 합니다. 저는 국민청원에 글을 올려 부탁드리고자 합니다. 이 공간에 올라오는 글이 누군가의 개인정보가 올라오는것을 검토해주시기 바랍니다. 저는 이 공간이 억울한 일을 당한 사람의 말을 듣고 사회늘 더 나은 방향으로 이끌어가기 위한 공간임을 알고있습니다. 그렇기에 확인되지 않은 사실이 이 공간에 올라오고 그로인해 누군가의 개인정보가 공개되어 피해를 입지 알도록 도와주세요. 부디 해당 공간이 순기능을 하고 개인의 주장과 의견으로 인해 무관한 사람이 노출되는 일이 없도록 부탁드립니다.,인권/성평등,2017,2017-12-10,0,Not answered,개인정보의 강화 요청
petition_0237,"조사과정에서 억울함때에제삶이180도바꾸어습니다. 조사과정에서 김지후수산관언어폭행때에심한 항우울약복용하고있습니다. 일주일한번씩수면제와신경안정제복용하고있습니다. 죄인것잘못인지만 죄을믿지만사람 인계모독했습니다. 조사과정에서 인격목독말만들어습니다.넘무무서워서 한마디도말못했습니다, 연철경찰서수사관두분이와서조사받는데 김지후수사관협박하면서 큰소리로억박질러고 넘무 무서워서 제가귀많이죽어습니다. 두분수사관한분은휴대폰게임하고 경찰조사관분들은한분조사하고 한분게임미친드시게임하면서 제커피주고 게임했습니다. 경찰조사관태도입니까 그리고 첫조사때 박근헤왜거지말해서 탄핵당하고 막말쏘다부어습니다. 암무리박근혜전직대통님잘못해도 김지후수사관에입에서박근혜 거짓말한다고 제가모욕주어습니다. 전직대통님보고 박근혜라 수사관말말인가요 암무리국정농단해도 전직대통령님입니다. 국민신고에 여러차례글보내고연천경찰서 조사관 젊은분이라서 의욕넘처서 용서하라고하든군요. 법원에서벌금300백원내라고 문자받아습니다. 저희집가정부모님 두분다 일용직입니다. 6개월동안수입없을때도있습니다. 장남제가 벌금300만원손벌리기가힘들고 밤마다 고민하고 고민했습니다. 연천경찰서 김지후수사관분때에 정신과항우울제와 신경안정제 하루에5번이나 약을나누어먹습니다.병원비도부담되고요 제발판사님사람살리는셈치고 형량줄어주세요 감사합니다. 이번에 아는사실이지만같은경찰관분들팔은안어로굽네요. 검찰 경찰 전관예우보다 서민들민생창겨주세요 길거리걷다보면여름 순찰차안에서 에어컨빵빵틀고 잠이나자고 의경들은순찰안하고 편의점간식먹고 빌라에서담배피고 놀고있습니다. 국민들내는세금어로 경찰일안하고 매일도보순찰하면서 잡담히나하고 어디가게가서 공짜커피마시고 놀고있는것 대부분 국민들알고있습니다. 경찰분들다른가게가서단속바게따. 유홍업소 유착관계모른분없을거에요 제사 진심어정당하고민생책임질경찰관분되기바래요 아직까지는경찰정신계조필요합니다. 민주 주의세상에 협박합니다. 엣날엔 물고문 전기고문 형사거짓자백받을라 폭행한것 이제없어지고 새로태어나는경찰되길바래요 이글읽어주시고감사합니다.",인권/성평등,2017,2017-12-11,1,Not answered,8월30일 대구서부경찰서조사과정부당한일
petition_0238,"존경하는 국민 여러분 며칠전 대한민국의 역군이 될 젊은 청년하나를 어처구니없는 사고로 잃었습니다. 강서구pc방 살인사건, 어린 청년은 자신의 꿈을 갖고 부모님께 조금이라도 짐이 덜 되고자하는 성숙한 마음가짐으로 pc방에서 작은 목돈을 구하려고 알바를 하다가 얼굴에 무려30차례나 칼을 맞고 돌아가셨습니다. 매우 분통하고 말도안되는 죽음을 맞이하게 되어 모두가 슬퍼하는데 부모님은 얼마나 가슴이 찢어지겠습니까?? 어떤 글귀로도 표현할 수 없는 마음일 것입니다. 허나 이런 부모님의 마음에 조금의 위로라도 드려도 모자랄 판에 일명 극성 남혐 사이트인 '워마드'에서 시체를 김칫국으로 비교하고 맛있게 먹었다며 말도안되게 조롱, 비하하고 고깃덩이 사진으로 비하하는등 들으면 모두의 치를 떨정도로 농담같지않은 농담을 하며 낄낄대고있습니다. 비록 그들만의 공간이라지만, 이 또한 결국 기자에 의해 네이버 뉴스에 뜨게되고, 피해자의 지인, 가족들 또한 보게 될 것입니다. 이는 그들에게 2차 가해를 하는것과 다름 없습니다. 그들은 이러한 행위를 한국 남자들이 죽을때 조롱하고 결국 주변사람들이나 사회 분위기에 안좋은 영향을 미치게 합니다. 그들이 이렇게 맘 놓고 악성 글을 쓰는 이유는 우리나라의 사이버상의 처벌이 아직 그만큼 강력하지 않기 때문이라고 봅니다. 그들의 이런 악한 행위를 근절하도록 워마드를 폐지해주시고 사이버폭력 범죄를 강화해주십시오. 여러분의 소중한 동의들이 필요합니다. 감사합니다.",인권/성평등,2018,2018-10-22,49,Not answered,워마드의 강서구피시방 살인사건 피해자 모독 강력처벌
petition_0239,"여성 가족부 관련 비리나 논란은 이미 대두된 내용이 수없이 많기 때문에 언급하지 않겠습니다 더이상 국민의 세금이 아무런 쓸모가 없고 자신들의 이익을 위해 말도 안되는 정책들만 추진하는 여성가족부의 예산으로 사용되는 것을 원치 않습니다. 여성부가 존재하는 국가는 전세계에 뉴질랜드와 우리나라 뿐입니다. 뉴질랜드의 선례를 보고도 많은 국민들의 반응을 보고도 여성부를 폐지하지 않는다면 그건 정부의 무능함이라고 밖에 설명할 수 없습니다. 그리고 페미니즘 양성평등 문제 더이상 득표율을 위한 정치적 도구로 이용하지 마세요. 실제로 혜화역 시위를 목격했던 주위 지인들과 뉴스나 인터넷을 통해서만 접했던 주위 지인들의 반응은 정반대였습니다. 표현의 자유?? 좋습니다. 하지만 국가를 안좋은 방향으로 이끌어가는 표현은 국가 차원에서 억압할 필요도 있다고 생각합니다. 이미 여성가족부와 페미니스트들의 주장으로 인해 바뀐 것들이 너무나도 많고 이로 인해 발생하는 역차별을 견디는건 오로지 대한민국 남자 국민들의 몫입니다. 요즘 논란이 되는 여경 팔굽혀펴기 시험, 국가에 관심이 조금이라도 있으시다면 이미 알고 계실 것이라 생각합니다. 이외에도 무고죄 관련 논란 등 양성평등이라는 목표를 이루겠다는 전제하에서 시행되는 정책들 중 논란이 되는 것들이 너무나도 많습니다. 여러가지 법을 제정하면서 대학교 주점이나 일일호프를 제한해야겠다는 생각은 들고 몇년에 걸쳐 욕을 먹는 여성부에 조치를 취하거나 논란이 되고 있는 이슈들을 해결해야겠다는 생각은 전혀 안드시는겁니까? 이미 여당 야당 나눠서 싸우느라 진정 우리나라를 위해 정치하시는 분은 몇 계시지도 않는다는 것 잘 알고 있습니다. 경제성장? 바라지도 않습니다 우리나라 망하지만 않게 해주세요. 그 대신 국가의 썩은 부분은 좀 잘라내주셨으면 합니다.",인권/성평등,2018,2018-06-17,41,Not answered,여성 가족부를 폐지하세요 그리고 논란이 되고 있는 양성평등 문제를 정치적 이슈로 사용하지 말고 이를 해결할 방안을 마련해주십시오
petition_0240,"저희어머니는 최저임금을 받고 일하고있는 청소아주머니입니다. 올해 최저인금인상을 바란적도없는 저희부모님은 이번인상으로인해 하루 8시간근무에서 5시간근무로 바뀌게되었습니다. 건물주도 인건비가 부담스러우니 내린조치겠지요. 대통령님. 저희어머니는 한달에 100만원받고 세금내고, 먹고살기가 막막해 걱정하며 잠못이루고있습니다. 저희어머니뿐만아니라 이번최저임금으로인해 피해보는 사람은 대통령님 생각보다 더욱 많을것입니다. 중소기업은 사람을 충원하지않고, 소상공인들은 불철주야일해도 저축할수없는 현실이 대통령님이 외치시는 나라다운 나라입니까? 모두를 만족시킬순없겠지만, 최소한 하소연할때도없는 약자들을 보호할 방법을 만들어놓고 정책을 펴야하지않겠습니까? 약자에게는 인금인상이아닌 인금인하가되어버린 정책을 어찌할런지요! 이런 하소연으로 아무것도 바뀔게없겠지만, 작은목소리라도 내어봅니다...",일자리,2018,2018-01-03,7,Not answered,최저임금인상으로 피해보는 약자들은 어찌해야합니까!
petition_0241,스타벅스는 그냥 커피나 파는 카페가 아닙니다. 외국의 거대자본으로 굴러가는 외국 대기업 회사입니다. 모든 매장이 직영으로 운영되며 동네 소상공인들 씨를 말립니다. 작은 이슈에도 민감하게 반응하고 폐업을 오가는 동네 상권에 뭘 해도 자본력으로 버티고 그자본으로 만든 이미지로 소상공인들이 만들어 놓은 모든걸 빨아들입니다. 인천송도만 봐도 맥도날드도 하나밖에 없을정도로 인구가 적은데 스타벅스가 6개가 들어와 있으며 국제업무지구에 공사중인 곳에 새로 오픈예정에 있다고 합니다. 소상공인을 보호할 의무가 있는 나라가 대기업에 너무 관대하고 규제를 안한다는 생각이 드네요. 제발 소상공인들 생각 좀 해주세요!!!!! 내년도 최저시급 버틸만한 소상공인이 몇이나 되겠습니까. 도움도 안되는 일자리 지원금보다 대기업 동네상권 규제와 같은 업종 허가내주는 최소 거리도 좀 지정해 주세요 200m 안에 한 업종 규제 같은것 좀 해주세요 그래야 새로운 상권이 생겨도 구 상권도 생계를 유지하며 치열한 경쟁으로 인한 소상공인 끼리 치고 받는 문제도 해결되지 않을까요? 모든 자영업자가 편의점이거나 프렌차이즈 하는거 아닙니다. 제발 규제 좀 해주세요 제발!!! 소상공인들이 튼튼하면 일자리도 자연적으로 안정적이 됩니다. 제발 대기업 직영 매장들이 동네에 진출하는걸 막아주시고 대형쇼핑몰처럼 주말의무 휴업과 같은 업종 거리규제 좀 실시해 주세요.,일자리,2018,2018-09-11,4,Not answered,스타벅스 같은 대기업 직영 매장들 동네 진출 좀 막아주세요
petition_0242,"안녕하세요. 제가 이렇게 청와대에 청원을 넣게된 계기는 다름이 아니라 한 포스터를 보게 된 것에서 시작됬습니다. 그 포스터에는 부산 막걸리 회사인 '생탁'의 노동자 근무에대해 다룬 글이였습니다. 인간같지 않은 취급을 받고, 국가에서 정한 노동법이란 노동법은 모두어기며 부당한 대우를 받으며 개처럼 취급받는 모습을 보고 왜 역대 대통령들은 노동자 근무개선이란 말만하고 실제로 하지않는지 답답합니다. 제가 언급한 '생탁'이란 회사외에도 많은 중소기업들은 노동자들을 개처럼알고 노동법을 버젓히 위반하는 곳들이 많이있습니다. 이글을 계기로 노동자들이 최소한 법아래에서 보호받으며 인간답게 살수있기를 바라는마음에 청원올립니다.",일자리,2017,2017-10-12,0,Not answered,악덕기업에대한 조사를 진행해주세요
petition_0243,지금 일자리 구하기 많이 힘든상황을 악용해서 일부 회사들이 입사를 한 직원 또는 아르바이트생들에게 정확한 급여 공지와 근로계약서를 바로 작성하고 있지않습니다. 한달간 죽어라 일을 하고 받는 월급에는 회사 규칙이라며 생각보다 훨씬 적은 급여를 주는 곳이 많습니다. 회사는 법적으로 입사를 하게되면 근로계약서를 기준일 몇일 이내에 작성 하는 법을 만들어주셔서 이를 지키지 않는 회사는 강한 처벌을 받을 수 있게 했으면 좋겠습니다. 회사에서 직원은 약자입니다. 최소한 자기가 얼마를 받는 지는 알고 일을 하고 부당한 급여를 받지 않았으면 좋겠습니다.,일자리,2018,2018-05-08,13,Not answered,직원 및 아르바이트의 기본권을 지켜주세요
petition_0244,"오늘 아침에 택배사에 요청할 일이 있어서 여러차레 전화를 했지만 기다리는 고객이 많아서 통화를 할수 없다는 멘트가 계속 나오고 있습니다. 1시간 동안 시도 했지만 통화 할수가 없는 상황인데 다른일을 하지도 못하고 계속 전화를 붙잡고 있을수도 없고 이런 쓸데없는 시간낭비는 사회적 비용으로 많은 손실을 가져 올수 있습니다. 이런 곳에 직원을 충원 한다면 일자리 창출도 되고 사회적 비용도 줄일수 있다고 봅니다. 오늘 전화 한곳은 cj택배, 롯데택배,이며 다음이나 네이버는 아예 전화번호가 없으며 통신사,증권회사, 은행, 주요 관공서등 한 두군데가 아닙니다. 이런 큰 기업에서 전화통화를 1시간 이상 할수 할수 없다는 것은 고개서비스를 외면하는 처사 입니다. 이런 곳부터 직원을 채용 할수 있겠끔 조치를 해야 합니다. 통화를 빨리 할수 있는 방법을 찾는다면 일자리창출도 되고 사회적 비용도 줄일수 있다고 봅니다.",일자리,2018,2018-11-09,0,Not answered,일자리 창출은 가까운 곳 부터 찾아 보는 것이 도움이 될수 있습니다.
petition_0245,존경하는 대통령님~~ 저는 ㅇㅇ은행에서 기간제 (경력적)직원으로 열심히 일하고 있습니다.그런데 저에게는 한가지 걱정과 고민이 있답니다.기간제 사용기간 2년입니다. 어차피 정규직화 되지 못할봐에는 사용기간 2년을 폐지를 원합니다.계속 수차례 계약만 반복하고 있고 회사 또한 일잘하는 경력직을 원하고 있으므로 고용이라도 보장받고 싶은 저의 평생 마지막 소원입니다. 정규직 전환은 바라지 않으니 이제도만이라도 폐지해주십시요!!대통령님 아님 경력직에서 탁월한 직원은 전환해주는 제도는 어떠하신지요? 정말 사용기간 2년제 이제도가 원망스럽습니다. 모든 기간제 근로자도 그러할거라 봅니다. 간곡히 청원하고 또 청원합니다. 어느 기간제 근로자의 소원~~,일자리,2018,2018-07-21,5,Not answered,기간제 근로자 사용기간 2년제 폐지
petition_0246,대통령님을 지지하는 사람중에 한사람이지만 공무원계약직을 무기계약직이나 정규직으로 전환하는 것를 보고 실망스러웠습니다. 정말 형평성에 어긋나고 잘못한 조치인것 같습니다. 약자를 위해서 이렇게 하는게 더좋은 줄 알고 하신것 같은데... 제 지인중에도 공무원있어서 다듣는데 계약직들 상당수가 빽이나 인맥이 있어야 들어 온다고 들었습니다. 물론 그렇지 않은 사람도 있겠지만... 버젓이 국가시험이 있는데 왜 계약직들을 정규직으로 전환하는지 이해가 되지 않습니다. 정규직 되고 싶으면 정정당당하게 시험을 치면 되는데 말입니다. 기간제교사도 정규직 교사로 전환해 준다고 했을 때도 진짜 불공정 하다고 생각했었는데 그건 다행히 뉴스에서 보니 바로 잡아서 불만이없습니다. . 제 지인중에도 교사임용고시 4년동안 떨어지고 엄청 힘들게 공부해서 붙었습니다. . 공무원시험도 다 피땀흘리며 방에 갇혀서 힘들게 공부해서 합격하곤합니다. 제 지인도 지적장애인들 돌보는 시설에서 일하다가 복지쪽 공무원1년 넘게 공부하고 있고요... 다들 반듯한 직장이 없어 할 수 없이 먹고 살기 위해 올인해서 공부합니다. 이렇게 힘없고 인맥없는 사람은 몇년동안 고생해서 공부하여 붙을 수 밖에없고 인맥있는 사람은 계약직으로 들어와 무기계약직이나 정규직으로 전환되어 쉽게 공무원이 되는 건 정말불공정 한것 같습니다. 이런게 공정한 나라입니까? 저도 나이도 있고 딱히 받아 줄곳도 없어 공무원공부 해 볼려고 하는 참이지만 제가 만약공무원이라면 정말 나는 힘들게 몇년동안 시간과 돈을 들여 붙었는데 누구는 그런 과정필요없이 공무원정규직이 되었다고 하면 정말 자괴감이 들것 같습니다. 그럼 국가시험이 왜 필요합니까? 그냥 시험을 없애고 다 계약직 해서 정규직으로 전환하세요. 그럼 적어도 모두에게 불공정 한건 없지 않습니까? 제가 여기글을 올린건 다른일반기업 계약직들도 정규직 전환을 바꾸는 것을 반대할려고 올린건 아닙니다. 국가시험이 없는 일반기업에서는 계약직들 정규직으로 전환해 주는 취지는 좋습니다. 약자를 위해서 애쓰시는 것이 보입니다. 하지만 모든 것을 그렇게 큰 그림을 보지 못하고 다좋은 취지에서 한다고 좋은 결과가 있는건 아닙니다. 제가 듣기로는 기간제교사를 정규직으로 해 준다고 했을 때 서로 잘지내던 정규직 교사와 기간제 교사 사이가 냉랭해지고 서로 적대시했다고 들었습니다. 정규직 교사는 빽이나 인맥이 아닌 정정당당하게 몇년을 피땀흘려서 들어 왔는데 쉽게 기간제교사가 시험통과 없이 정규직이 된다고 하면 당연히 불공정 하게 편법으로 들어 온다고 적대시 하게 될것 같습니다. 아이부모입장에도 임용시험을 통과한 교사가 훨씬 낫구요... 애시당초 말도 안 되는 것을 추진하는 바람에 도리어 교사들 끼리편만 나누고 서로 적대시하는 결과가 빚어졌다고 생각합니다. 하여튼 교사는 바로 잡았는데 왜 공무원은 정규직이나 무기계약직으로 전환을 하는지 모르겠습니다. 제2의 정유라처럼 특혜를 받는 것 같아 정말 안타깝습니다. 현재 공무원사이에서도 불공정 하다는 말이 나오고 있다고 들었습니다. 무기계약직 된 계약직 공무원은 책임도 안져도 되고 도리어정규직 공무원보다 더 좋다고 하던군요... 공정하게 시험를 통해 합격한 공무원은 일이 잘못되면 책임이 따라서 훨씬 일에 스트레스 쌓이며 책임감있게 일을 하고 일처리 기한동안 일을못하면 징계를 받기때문에 야근도 많이 하더라구요... 무기계약직은 칼퇴근은 기본이고 책임도 없어 훨씬 편하다고 들었습니다. . 이게 무슨 대통령님이 외친 공정한 나라입니까? 저는 당연히 정정당당하게 시험쳐서 공무원될겁니다. 편법없이 특혜없이 그렇게 되는것이 당연하다고 생각합니다. 계약직들에게 국가시험을 못치게 제한을 둔것도 아니고 대한민국국민이라면 아무나 시험을 칠 수 있는데도 불구하고 이렇게 하는 건 정말 특혜이고 불공정이고 열심히 노력해서 시험에 합격한 사람들에게 허탈감을 안겨줄 뿐입니다. 제발 대통령님 이나라 공정하게 해 주세요. 부탁드립니다!!!,일자리,2017,2017-11-24,2,Not answered,"공무원 계약직을 무기계약직, 정규직 전환하는 것은 불공정 하다고 생각합니다."
petition_0247,헌재 학원차로 많이 사용되고 있는 15인승 차량은 많이 노후되어 있습니다. 12인승 스타렉스등과 같은 차량은 효율 면에서 너무 떨어지고요. 만약15인승 차량이 출고 된다면 수요는 엄청날것입니다. 여기에다 미래 동력인 수소전기차나 전기차를 추가하면 충전소 설치등으로 많은 일자리가 창출 될것이라 봅니다. 현재 기술력으로 어려운 문제도 아닐 거라 생각되고 미래 인프라 공급측면에도 실패가 없을 것이라 생각됩니다. 수요가 충분히 있는 일부터 시작하면 세금도 적게 써도 되고.,일자리,2018,2018-08-17,2,Not answered,봉고 같은 15인승 차량이 출고 되었으면 합니다.
petition_0248,어제 12월 7일 일련의 금호타이어에 대한 막연한 추측성 기사로 인해 수많은 지역주민과 금호타이어본사 및 관련 개인주주들의 일자리와 재산권 침해가 발생했으나 어느하나 책임있는 채권단 및 산은장의 관련담당자들이 금호타이어의 매각및 자구안에 대해 책임있는 자세로 임하지 않고 수수방관만 하고있어 이에대한 실질적인 정부관련자의 추가자구안에 대한 대책과 청사진이 나와야 한다고 생각합니다. 수수방관하는 사이 호남최고 일자리 기업의 존폐위기와 함께 관련 개인주주들의 원망이 하늘을 찌르고 있어 불신과 불만 정부대책에 대한 믿음이 없어지고 있으니 하루빨리 관련 담당자들의 책임있는 자구안과 회생안을 내놓도록 청원합니다 관련일자리와 관련 개인주주들및 호남지역 민심은 이미 흔들리고 있습니다. 그 인원만 수만명에 달할듯 합니다. 책임있는 자세로 금호타이어의 자구안과 지원책에 대해서 발표와 청사진을 제시해주시길 바랍니다.,일자리,2017,2017-12-08,164,Not answered,금호타이어에 대한 지역적 국민적 자구안 지원
petition_0249,"옥시RB의 부당해고와 부당노동행위에 맞서 1년여의 싸움끝에 지방노동위원회.중앙노동위원회의 부당해고인정과 복직명령이 내려졌음에도 불구하고 옥시RB는 강제이행금을 지급하고 항소하여 민사소송 으로 시간끌기를 하고있습니다. 억울하고 분하여 청와대 분수대앞에서 복직투쟁과 옥시본사앞에서 일인시위와 익산공장에서 복직 투쟁을 이어가고있습니다. 간곡히 호소하고자 청원게시판에 글을 올리게 되었습니다. 이 힘겨운 투쟁을 하루속히 끝내서 복직되어 일할수있도록 국민 여러분.문재인대통령님 도와주세요. 옥시RB는 가습기살균제사건으로 인해 불매운동이 벌어지자 이를 핑계삼아 경영상의 위기를 운운하면서 저희를 부당해고하였습니다. 이 과정에서 근로자대표라고하는 사람을 노동자들과는 전혀 상관없는 사측의 영업부 부장을 새워서 속전속결로 해고통지를 하였습니다. 뿐만아니라 불매운동이 일어나고 기존 공장의 생산품목인 쉐리와 파워크린은 소리소문없이 생산을 중단하고 옥시크린은 해외생산하여 국내로 들여오고 ,물먹는하마는 위탁생산하여 라벨을 옥시RB로 붙여서 OEM방식으로 판매하는 작태를 보이고있습니다. 이럴거면 왜 남은 근로자들을 해고하였는지 모르겠습니다. 2018국정감사에서 옥시RB 부당해고에대하여 다루었지만 그것을 비웃기라도 한듯 회사는 대형로펌을 앞새워 복직명령을 받은 저희들을 뒤로한채 행정법원에 항소하여 힘없는 저희 노동자들을 더욱더 사지로 내몰고 있습니다. 국민여러분.문재인대통령님 저희를 도와주십시오 노동존중사회를 무너뜨리려는 저 회사를 국민의 이름으로 힘없는노동자들을 지켜주십시오 앞으로 이런 부도덕한 행위들이 일어나지않게 관련 제도와 관리를 부탁드립니다. 긴글 읽어주셔서 감사합니다.",일자리,2018,2018-11-05,511,Not answered,옥시RB 제2의 가습기살균제 피해자입니다.간곡히 호소드립니다
petition_0250,악덕 고용주일경우에는 임금체불 관한 경험이 많습니다 악덕고용주는 임금을 해결해줄까 하는데 그런 고용주들은 임금체불을 해결해주지 않습니다 그런 고용주 구별법은 몇개월전부터 월급에 몇%를 쪼개서 지불할겁니다 이때부터 악덕고용주는 명의이전 등 대표자 명의의 자산을 이전하고 있을겁니다 이런 일이 없도록 해야합니다 편법을 쓰지못하도록 해야합니다 일벌백계 엄히 다스러야합니다 대한민국 근로법은 너무 약합니다 임금체불에 불범임금 까지 강력히 처벌 해야합니다 10년형을 구형해서라도 속시원 하게 해결했으면 합니다 많은 청년들이 법을 몰라 이용당하고 있습니다 법을 몰라서 이용당하는일 또한 없어야 됩니다 임금체불을 당했음에도 불구하고 편법을 이용해 빠져 나가는 고용주들이 활개 치지못하도록 해야합니다,일자리,2018,2018-06-08,3,Not answered,임금체불이 원만하게 해결할수 있도록 해주세요
petition_0251,30세 넘은 청년 이라면 공감할 것입니다 집에서는 나가서 일하라고 하고 밖에서는 일자리 구하기도 매우 힘들고 취업도 안되고 가진 돈은 없고 허나 꿈을위해 노오오력 은 하는데 주변에서는 그거 돈이 안된다면서 무조건 못하게만 하고 여러가지 문제로 때문에 부모님 집에 전화 하거나 전화가 오면 부모님께선 현재 청년들 상황을 모르고 무조건적으로 열내시면서 화내시고 딱 자기말만 한 후에 전화 끊어버립니다 여기에 말 안통하고 부모님께 일러받치는 분이 있다면 완전 지옥 일것입니다 뉴스나 신문에서 일자리나 청년문제가 매우 심각하다는 것 보았을것입니다 고독사나 처지비관 자살 등등 청년들의 부모님이나 주변분들 이 이러한 청년문제가 심각 하다는것 꼭 알아야 합니다 위의 청년문제는 비단 개인적인 문제만은 아닙니다 청년의 말을 자세히 귀 기울려서 듣지도 않고 해결 하려고 도 하지않고 무조건적으로 열내시면서 화내시고 끊고 그런것은 매우매우 잘못되었다 입니다 글을쓰는 저는 30세 넘은 청년이고 과도한 스트레스로 약을먹고 있으며 디지털 일러스트 레이터 라는 꿈이 있습니다 현재는 아날로그 방식인 연필로만 그림을 그리고 있습니다 누군가 이렇게 말합니다 아날로그 연필 그림을 이용해서 돈을 벌면 돼지 라고 근데 많은 다운로더 소비자 분들이 디지털 일러스트 를 많이 구매하고 원하고 있습니다 와콤 태블릿 과 클립스튜디오 프로 를 구매하면 디지털 일러스트 를 그려서 돈을 벌수 가 있습니다 허나 가진 돈이 없고 장비나 소프트웨어 를 살수가 없어서 아날로그 방식인 연필로만 그림을 그리고 있습니다 정말 정말 자신의 꿈을 위해 노오오력 하는 청년이 주변에 있다면 따듯한 말 격려와 함께 그 꿈을이룰수 있게 도와주며 하게 해주는 것도 좋다고생각합니다,일자리,2017,2017-12-19,0,Not answered,청년 꿈을이룰수 있게 도와주세요
petition_0252,최근 최저임금 인상의 대한 현장에서 일해본 경험으로 추천드리는 최저임금 단계적 추진 방법입니다 1.편의점즈랜차이즈.대기엄 프랜차이즈의 수수료율 완화 이게 제일 중요할 꺼라고 생각합니다 . 대한민국이 수수료 공화국 대기업 만살기좋은 세상 이란소리를 듣는것은 이것때문이라고 생각하는대요 .편의점프렌차이즈 같은경우 20~22%정도의 수수료율을 가지고 있습니다.대형마트 프렌차이즈 소형슈펴 등의 수수료율도 22%~25%선으로 타 국가의비해 지나치게 높다고 봅니다 .이건 제가 직접 마트나 편의점 에서 일해보고 계약해서 알게된 수수료율이구요 . 타선진국의 수수료율은 12~18% 선을 유지하고있습니다 .최저임금을 인상하는건 공정거래 위원회에서 프렌차이즈의 과도한 수수료 율만 상공회와 조율해서 완화만 시켜도 어느정도 최저임금인상의 효과는 볼수있다고 봅니다. 2.임대업의 소상공인 보호법의 확대. 프렌차이즈의 가장 안좋은점은 물건의대금 수수료의 입금이 잘되지않으면 그 다음날부터 물건을 안주는일이 허다합니다 . 이건 현제에는 없지만 프렌차이즈 식당을 집에서 경영하면서 빚이 저한태 넘어온 계기로 알게됬습니다. 소상공인이 프렌차이즈 와 계약할때 계약서를 꼼꼼히보고 결정해야하는거지만 그러지않을 경우가 상당히많고 프렌차이즈 본사의 영업방식에도 문제가 많이있는게 허다합니다 . 물건대금의 어느정도 기간 상환이나 .매출을 달성하고 상환할수있게 도와주는 법률이 꼭 필요하다고 봅니다. 3.브랜드 가치를 올려주는 장기영업 허가권 한국의 가게들은 오래 영업하는가게들이 눈에뛰게 느껴질정도로 많이없습니다 . 식당이나 맛집이 그예죠 장사가 잘되고 수익이 창출될꺼같은 곳이면 안보이는 눈이라도 달린건지 다음날이면 사라지고 없어지는 경우가 많이있습니다 . 이건 정부에서도 바로 실행도 가능하다고 보는데요 . 상인의 이익이되는 매장이라면 그매장에 일하는 직원들의 급여에대한생각도 많이 달라지지 않을까요 ? 해외의경우 매출이 창출되거나 브랜드 가치가 높은 개인사장의 가게에 대한 영업권의 보호를 확실히해주는 편이죠 임대료의 인상에대한것도 정부가 관여하고있는점이있구요 . 이런식으로 하면 조금 나아지는 현상도 있을꺼라고 생각합니다. 최저임금 인상을 하는게 먼저가 아니라고 생각합니다 수수료율 세금 소상공인에대한보호 이게되지않는한은 언제나 벽에 부딧힐거라고 생각합니다 . 제가 사장을 해보기도하고 일해보기도하고 느낀점을 적어봤습니다 . 이건 청원보단 정부에 추천 형식으로 드리는 말이지만. 저보다똑똑하고 잘나신분들이 이정도 생각도 안한다는건 거짓말이겠죠 공무원의 월급은 국민의 세금으로 나오는겁니다 . 저도 세금을 내고있는 한주권 자로써 먼저 봐야할께 무었인지. 모르시는거같아 안타까운 마음에 한자 적어 봅니다 . 철자도 틀린것도 많고 글도 틀린것있겠지만 양해해주세요. 고등학교 교육정도 까지받은게 전부라서 그렇습니다 ^^,일자리,2018,2018-07-23,1,Not answered,최저임금의 기본적인 단계적추진 을 바라고 올립니다.
petition_0253,"초등 저학년 자녀를 둔 학부모들이 방과 후에 자녀를 믿고 맡길 곳이 없어 오랫동안 일해 온 직장을 그만두고 있는 상황에서 방과 후 돌봄교실 확대와 돌봄 시간 확대가 시급하며, 저질 일자리인 초단시간 돌봄전담사 일자리는 시간 확대와 안정적인 처우로 속히 바뀌어야 합니다!! 각 시도 교육청은 더이상 미루지말고 초단시간 초등돌봄 전담사의 무기직 전환과 최소 6시간 근무 보장을 즉각 이행해야 합니다!!",일자리,2017,2017-12-11,6,Not answered,초단시간 초등 돌봄 전담사 무기직 전환과 근무시간 확대가 시급합니다!!
petition_0254,안녕하세요 최저임금 인상으로 정기 상여금을 기본급에 녹여들게해 최저시급을 올림으로 최저시급인상분 없이 월급을 줄게하는 편법사용. 2017년시급 6500원 이였는데 회사는 500원뿐 시급을 안올려줘서 최저시급도 못받습니다. 또한 아파트경비원은 강제로 휴무시간을 길게만들고 비정규직은 가장먼저 해고당하는 사태발생... 최저시급은 올랐는데 월급은 줄어들고 오히려 비정규직은 궁핍해져갑니다. 이렇게 무책임하게 시급만 올리고 방관할거면 뭐하러 올렸나요,일자리,2018,2018-03-11,8,Not answered,최저임금 인상으로 상여금을 시급에 녹이고 근무시간을 줄이는 편법 처벌바랍니다
petition_0255,최저임금 일본처럼만 올려라 돈 줄 사람 없는데 돈달라고 손만 벌리고 있을 것인가??? 아니면 국민 전체를 다 공무원으로 취직시켜주냐??? 기업들 다 죽어가고 해외로 도망가고 그러면 돈 줄 사람 웁다 수출할 물건도 없을 것이다 지금은 반도체가 수출되어서 뭔가 경제가 잘 돌아간다는 착시현상이 있지만 그것도 조만간 끝나가면 엄청난 침체기가 올것이다 최저임금 일본 하는것 만큼만 해라 생각좀 해보자 뇌는 폼으로 달고 나니냐???,일자리,2018,2018-07-26,5,Not answered,자영업자 다 죽어가고 중소기업도 내년에는 다 죽어간다
petition_0256,생산직에서일하는 신입초년생입니다 사회생활한다는게 여간힘든게아니네요 대학나와서 대기업다니는직장인들을보면 부럽기도하고 조금씁쓸한생각이드는건 어쩔수없나봅니다 제가직장을잡을때 아웃소싱업체로 들어갔는데 왜그렇게 아웃소싱업체가많은지.... 갈때마다 민증복사본이랑 사진이랑 등본이랑 이력서랑 제신상을 너무많이 내야하는건아닌지.. 아무리회사에서 필요한서류라지만 아웃소싱업체에서 그외에 다른용도로쓸수도있는거고 여간찝찝한게아닐수없네요 3.3프로 세금도공제해야하고 돈버는것도힘들어죽겠는데 정작받는돈은 별로없고... 세금은 왜그렇게많이걷어가는지 정작손에쥐는돈은얼마없는게 현실입니다 아웃소싱업체도 투명하게 바꿔주세요 회사에서 인재가필요하면 회사에서뽑을수있게 만들어주세요 돈이되니까 우후죽순생겨나는게아닐까요 굳이 이렇게많이 있어야하는걸까요?젊은청년들은 오늘도힘이드네요 무식한소견으로 올려봅니다,일자리,2018,2018-03-30,4,Not answered,아웃소싱업체가 이렇게 많이필요한가요?
petition_0257,여기는 대한민국 특히 지방에 사는 저로서는 9급 공무원 시험 정도는 상식보다 약간 웃돌고 전문적인 지식도 거의 상식선에서 웃도는 수준이면 될것 같은데 영어가 평범한 미국인도 혀를 내두를 정도의 시험문제가 나와야 하는지 이해가 안갑니다. 그정도로 해도 충분히 변별력을 가지는데 왜 문제도 아무 배려없이 그냥 갖다가 뺏긴 모양으로 내는지 (화 났음)누구 말대로 사교육 조장대표 입니까 시험출제자는 말이죠. 살려면 미국에 갔다가 다시 한국에서 살고 그래야 합니까? 대학교 수능 영어는 더 어렵다던데 우리 아이들 은 한국에서 살고 일부 가진자의 아이들만 미국물 기회 있고 안봐도 뻔한 교육 정책 이대로 두실건가요 아이들 기만하는 교육 정책 대한민국 국민은 가진자들이고 나머지는 유령인가요? 양심을 저버린것 아닌가요? 국민을 위한다더만 순 말뿐인 ...,일자리,2018,2018-04-13,2,Not answered,9급 공무원 시험에 영어 없애 주시면 안될까요?
petition_0258,이제 십중팔구는 대학가는 시대입니다. 형편이 어려우면 정부에서 대학교육까지 등록금을 대신 내줍니다. 사실상 의무교육 대중교육입니다. 이제 대학교는 누구나 가는 곳입니다. 그런데 대학교를 졸업했다고 교사들은 한 학기에 1호봉씩 대학교 4년교육에 8호봉을 인정해 줍니다. 타 공무원들과 다르게 1호봉부터가 아니라 대학교육 4년 8호봉을 인정한 9호봉부터 시작합니다. 심지어 군복무기간 1년은 1호봉이지만 대학교육 1년은 2호봉입니다. 이제 누구나 대학가는 시대입니다. 교사들도 다른 공무원들과 동등하게 9호봉이 아니라 1호봉부터 시작하는 것이 맞습니다.,일자리,2018,2018-12-05,2,Not answered,교사 호봉수 재조정해야 합니다.
petition_0259,안녕하십니까... 근로자로써 억울한 마음을 풀고자 이렇게 글을 올립니다 눈치보면서 일한지 3년... 교대근무 일이라서 아파도 출근하고 여자로써 마법통이 심하지만 참으면서 일했고 정말 열심히 일했지만 상사는 놀면서 잔소리만 하고 별거아닌걸로 눈치주고 그 스트레스를 못 이겨 퇴사를 했습니다 힘들다고 말해도 그 누구하나 제 얘기 들어주는 사람은 없었고 상황을 개선해주지 않더군요 제 스스로 나와서 실업급여 못 받는거 압니다... 하지만 모든 사람들이 힘들듯이 회사를 위해 일하는 모든 근로자들에게 조금이나마 관심과 격려 부탁드리고 좀 더 나은 방식으로 개선해주셨으면 합니다...,일자리,2018,2018-07-11,3,Not answered,일만 하는 직원과 노는 상사
petition_0260,삼척시 도계읍에서 장사 하는 시민입니다 다름이 아니라 도계읍 같은경우 폐광한다는 얘기가 공공연하게 돌고 있읍니다 철암 태백 폐광 거치면서 지역경제 는 풍지박살 났읍니다 삼척 도계읍도 폐광하면 철암이나 기타 폐광 도시 처럼 사람 않사는 유령도시로 전락 하고말것같아 글을 올립니다 삼척시 태백시 동해시 영월 영덕 이 시들 공통점이 대형병원이 없다는것입니다 태백에 장성병원이 있으나 낙후돼서 수도권 중소도시에 일반 병원 정도 입니다 삼척 영덕 동해 영월 의원 한분이 산부인과 부터 피부과 까지 전부 보는 실정입니다 삼척시 동해시 영월군 진짜 중병환자 들은 강릉 강릉대학병원을 찾던지 원주로 나갑니다 삼척시 도계읍 같은경우는 영동 남부 지역중심부 위치하고 대형병원 들어설 경우 폐광이라는 지역 주민 반발도 해소 할수있고 낙후된 영동남부 의료써비스도 개선 될것같고 대형병원이 들어서면 일자리가 생기지 않겠읍니까 ? 저희도 가계를 접고 이사 가야 하나 고민하다가 이런 생각을 해봤읍니다,일자리,2017,2017-11-09,0,Not answered,탄광촌 회생안
petition_0261,7530원은 너무 많이 주는겁니다. 업주들도 손해 안보고 장사하는게 당연한거잖아요. 한시간당 7530원 줄 능력이 없으면 알바생을 쓰지 말라구요? 예. 더이상 더러워서 알바생 안쓸겁니다. 큰사업 하시는분들은 돈 많이 벌겠지만 조그만 가게 업주들은 알바비 임대료 각종 물품비 다 쓰고 나면 월소득 50만원도 안남는게 현실입니다. 제말 못믿겠으면 전국의 모든 영세업자들의 통장 계좌내역 공개라도 해보게 하던지요. 문재인 정권은 정말로 진정한 흙수저 서민들인 영세업자들한테 너무도 용서받지 못할 죄를 짓고 있는겁니다.,일자리,2018,2018-03-13,8,Not answered,한시간당 시급은 딱 5500원이면 충분합니다.
petition_0262,"얼마나 우습노? 지금 정권아.. 민주성 또는 자치제 확대 같은 이런 행정, 정치제도의 변화로 경제가 발전될 거 같나? 이제는 정계, 행정 쪽으로 안정된 게 언젠데? 그런 거 신경도 안 써... 내 봐라 촌에 사는데 인구 더 쭐길 바란다. 왜냐고? 조용한 게 얼마나 좋노? 교통 발달해서 도시로 놀러 갖다오기도 정말 좋아졌고... 택배 시키면 하루 이틀만에 다 오는데 전혀 불편함 없고.. 행정기관 그런 거 인식도 안 해... 없으면 안 되니까.. 통폐합 시켜서 넓은 지역 관리하게 해.. 그게 맞는데 이해관계, 즉 돈이 너무 많이 걸려 있기 때문에 조금 그렇다는 건 인정한다. 행정기관 통폐합하면 공무원 잘라야하는데 돈 못 버니 좀 그렇지... 아님 행정기관 통폐합하고 공무원은 놔둬. 그냥.. 암튼 여러소리 말고 결론이다. 촌에 사는 사람으로써 인구 줄어 조용해서 좋다. 행정기관 인식도 안 한다는게 골자다. 글고 영화, 연극, 문화 계통 미술관, 박물관 그런 거 별로 안 좋아한다. 그런 거 없는 환경이 훨씬 낫다. 끝.",일자리,2018,2018-11-20,3,Not answered,지방자치하면 경제발전 된다는 우스운 광고
petition_0263,혁신성장! 소득주도성장! 독과점대기업 시장지배구조 파괴없이 대한민국 미래없다! 독과적대기업의 이익은 무조건 엄청난 세금으로 거두어 들여라! 그 돈으로 소상공인ㆍ벤처 등으로 자금이 흘러가게하라! 대한민국 국가가 국민80%를 위한 국가생존정책 포기하고 미래없는 국가운영한다는 것 자체가 정신나간 짓이다! 민주주의도 아니고 개판오분 당나라 정책이다! 뭐가 소득주도고 뭐가 혁신이지 분명히하라! 초순실정부에서 창의경제 외쳐놓고 가장 비창의적인 독과점대기업 앞장세워 창의경제 하자는 것과 뭐가 다른가? 뭐가 혁신이고 뭐가 소득주도인지도 모르는 말들 늘어놓고 ᆢ 혁신과 소득주도는 국민80%가 공감하고 협조할 때 가능하다! 정부가 정신차려야한다! 무식한 최순실보다 모해서야 나라다운 나라 만들겠는가? 이따위 식으로 무슨 나라다운 나라 만들어지겠는가? 독과점대기업 폐해 조장하는 정책을 강화하는 엉터리 짓 중단하라! 뒷감당 누가 하게하려하는가?,일자리,2018,2018-09-28,1,Not answered,독과점대기업 보호하고 혁신성장?소득주도성장?
petition_0264,"많은 어려움속에 일자리를 만들어 딸을 고용하고있는 개인사업자입니다. 정부의 일자리안정자금은 자격요건(4대보험,임금통장,고용계약)이 맞다면 반드시 주시길 간청합니다. 출가자인 딸자식도 먹고살아야하고 가정을 원활히 이끌어야 할 의무가 있습니다. 법은 반드시 평등해야합니다. 고용노동부,근로복지공단 모두 문의 해 봐도 정부의 지침으로만 돌릴 뿐 아무도 답변하지 않는 현실이 안타까워 청원합니다.",일자리,2018,2018-02-19,0,Not answered,직계비속(기혼 및 자녀유)도 반드시 일자리안정자금을 받아야합니다
petition_0265,"안녕하세요. 여성가족부와 지자체 위탁하에 운영하는 건강가정다문화가족지원센터에서 근무하는 종사자입니다. 새 정부에서는 일자리 정책으로 일자리위원회구성, 비정규직을 정규직으로 전환하는 등 다양한 정책을 펼치고 있는 줄 알고 있습니다. 새로운 일자리를 개발도 중요합니다. 하지만 현재 근무하고 있는 일자리가 정말 ""좋은 일자리""라고 생각하면서 일하고 싶습니다. 저희 센터의 경우는 같은 소속에서 각자의 사업팀에서 담당업무를 하고 서로 업무협조 및 업무지원 등 함께 일하고 있지만 인건비등의 처우개선에 있어서는 센터소속 사업팀과 외부지원(아이돌봄, 언어발달, 통번역등)사업 담당자를 별개로 보고 있습니다. 이는 위탁주는 기관인 여성가족부의 지침으로 알고 있습니다. 현재 건강가정다문화가족지원센터에서는 여성가족부 앞에서 1인시위를 벌이고 있는 중입니다. 이점도 모든 직원이 함께 돌아가면서 참여를 하고 있으나 결국 결과는 센터소속사업팀 종사자들에게만 해당되고 함께한 외부지원사업담당자들은 제외되었습니다. 이런 점에서 외부지원사업 담당자들은 국가가 국민에게 갑질을 하고 있다는 생각밖에 안듭니다. 위 내용은 일개에 불가합니다. 물론 각 사업별 지침이나 안내서가 있지만 이런 지침을 만들어서 일을 하라고 하는 여성가족부에서의 이런 횡포가운데 과연 일.가정 양립, 고품격 일자리를 제공하기 위한 새 정부의 일자리 정책은 사실상 어려울 거라 생각합니다. 일하고 싶고 일할 수 있는데 이런 불합리한 지침을 내세워 일자리를 떠나게 만들고 있다는 생각에 너무 너무 답답합니다. 특히 아이돌봄사업은 정부의 대대적인 보조금과 만12세이하 아동의 안전한 돌봄등을 위해서 중요한 사업이라고 장관님께서도 말씀하셨습니다. 그러나 그 업무를 맡고 있는 종사자는 없는 것 같습니다. 업무시간에는 민원, 서비스 접수, 연계등으로 많은 업무스트레스를 받는 감정노동자입니다. 매년 사업설명회가 진행되지만 내년에 생각해봅시다라는 말 외에는 답이 없고 똑같은 지침만 내려집니다. 다가오는 2018.1.12(금) 사업설명회(서울조달청)가 진행되는데 부디 좋은 결과가 나왔으면 합니다. 감사합니다.",일자리,2018,2018-01-10,188,Not answered,"일하고 싶고 일할수 있는 ""좋은 일자리 """
petition_0266,정부가 간호대 입학정원 확대 등을 통해 오는 2022년까지 신규 간호사 10만명을 추가 배출한다고 합니다. 보건복지부는 간호인력 부족문제를 해소하고 궁극적으로 국민들에게 보다 나은 의료서비스를 제공하기 위해 대책을 마련했다고 밝혔습니다. 고질적인 의사 인력 부족문제를 해소하고 궁극적으로 국민들에게보다 나은 의료서비스를 제공하기 위해 2022년까지 신규의사 10만명을 양성해야 합니다. 덧붙여 치과의사도 추가로 3만명을 양성해야 합니다. 의대 치대 약대 등 보건의료인력를 회기적으로 늘리기 위하여 보건의료관련 대학 입학정원을 획기적으로 늘려야 합니다.,일자리,2018,2018-03-21,9,Not answered,2022년까지 신규의사도 10만명 양성해야.
petition_0267,9.11발표후 유치원방과후강사 무기직전환 권고이후 기대속 확정을 기다리고 있었습니다만 경북만 발표를 미루고있습니다. 무기직 전환이 안되는 기간제교사로 바꿔 뽑으면서 현방과후강사 재계약이 없을거라는 말이 나오고 있습니다. 무기직전환 권고로 재계약도 안되는 이런 어려운 상황이 안만들어지길 바라며 더불어 경북만 예외가 아닌 무기직전환이 꼭 되길 간절히 바랍니다.,일자리,2017,2017-12-05,3,Not answered,경북도 유치원방과후강사 무기직전환 해주세요
petition_0268,안녕하세요. 제가 전문 분야가 아니라서 틀린 부분이 있을 수도 있습니다. 저의 아내의 상황에 대하여 말씀드리려고 합니다. 저의 아내는 10여년을 넘게 병설 유치원 계약직 선생님으로 근무하고 있습니다. 계약직 선생님은 보통 정규직 선생님의 육아휴직 기간에 빈 자리를 충원하고 한 유치원에 오래 있지 못하고 1년마다 옮겨야 하는 것으로 알고 있습니다. 아내는 병설 유치원에서 일하면서 원감선생님과 교장선생님들에게 인정을 받았는지 추천을 많이 받아 한 곳에서 계약기간이 끝나면 바로 다른 유치원의 공석으로 충원되는 것 같았습니다. 늘 계약 만료 기간에 여러 유치원 원감선생님들의 연락으로 여기저기에서 일명 러브콜이 왔습니다. 하지만 이번에 공무원을 대폭 많이 뽑는 다는 정책으로 내년 부터는 10여년을 넘게 일하던 자신의 전공 분야 직장은 더이상 다닐 수 없게 되었습니다. 기존 정규직 선생님들의 공석을 채우던 계약직의 자리도 내년부터 몇백명의 정규직 교사를 채용하게 되어 내년이고 후년이고 계속 그 자리를 채우게 되는 것 같습니다. 그렇게 때문에 이번 정책을 접한 그간 일해온 유치원 원감님들 께서는 저의 아내에게 정규직 유치원 교사 공무원 시험 공부를 권하였습니다. 아침 8시에 출근하여 아이들과 함께 있다가 집에 들어오면 바로 쓰러지는 사람이 어떻게 24시간 몇년을 준비해온 수험생의 암기력을 이기겠습니까? 결국 저의 아내는 이번 유치원 교사 공무원 시험은 시도도 못했습니다. 당연히 내년부터 자신의 일자리는 없을 것이라고 생각하고 제빵을 배우기 시작했습니다. 젊고 열심히 공부한 초임 정규직 교사보다는 암기력을 떨어질지 모릅니다. 하지만 유아교육과를 졸업하고 특수교육 자격 석사 과정을 나와 10여년을 유치원 교사직 배테랑으로 근무한 아직 40살도 되지 않은 젊은 선생님이 타의로 인하여 전공을 버리고 제빵을 배워야 하는 현실이 너무 안타깝습니다. 일자리를 늘린다고 기존의 일자리를 빼앗는게 무슨 의미가 있는지요. 그래서 제안을 드리려고 합니다. 당연히 열심히 공부하고 자격을 얻은 사람이 정규직 선생님이 되는 것이 맞습니다. 그리고 계약직을 무조건 정규직으로 전환 해달라는 말도 말이 안되는 억지라는 것도 알고 있습니다. 하지만 최소한 10여년을 넘게 배테랑으로 모든것을 쏟아온 교사에겐 그간 일해온 학교의 교장선생님과 원감 선생님의 추천과 동의로 정규직 선생님이 되는 검토라도 해볼 수 있는 기회가 있었으면 좋겠습니다. 못해서 관두게 되는 것이 아니라 늙어서 그만 두는 것이 아니라 아직 40살도 안된 젊은 배테랑 선생님이 정규직 증원이라는 일자리 창출로 아무 문제 없이 일하던 일자리에서 쫒겨나는 모습이 참 안타깝습니다. 매년 꼭 뽑으라고 하면 또 문제가 많이 발생할테니 학교장의 재량으로 하고 한사람이 아닌 기존에 일해온 여러 학교장의 추천 그리고 다른 선생님들의 동의로 이루어졌으면 좋겠습니다. 당연히 자신의 자리에서 열심히 일해온 사람에게 보상은 바라지도 않고 그 자리라도 지켜주는게 합당한 것 아닌지요. 어차피 지금의 상황을 자세히 알고 있는 사람도 없고 넓은 범위의 문제도 아니라서 반영도 안될 의견이라는 것을 알고는 있습니다. 모두의 입맞에 맞는 행정도 있을 수 없는 것을 알고 있습니다. 매우 안타까워 하소연 하듯 글을 올렸습니다.,일자리,2017,2017-12-12,0,Not answered,병설 유치원 교사인 저의 아내는 이제 빵을 굽고 있습니다.
petition_0269,"지금 사회가 너도 나도 공무원 준비 하고 있습니다. 사실 공무원이 되어 보면 일이 없으면 시간 떼우는 상황이 정말 많습니다. 옛날이야 공무원 할 사람이 없어서, 그리고 잘 몰라서 공무원 안했다지만, 지금은 공무원이 대기업을 넘어 섰습니다. 호봉이 작아도, 호봉 조금 쌓이면 대기업 연봉 부럽지 않고, 일도 힘들지도 않고, 초등학교만 졸업해도 다 할수 있는 전문성이 있어야 하는 일은 거의 없습니다. 지금 공무원에 너무 쏠렸습니다. 이제는 개혁을 하셔야 합니다. 저도 공무원 이지만, 사회에서 일하다가 공무원 되어 보니, ""너무도 세금으로 놀면서 돈 벌고 있었구나"" 하는 생각에, 이제는 공무원들이 다 도둑놈으로 밖에 보이지 않습니다. 소방공무원들도 맨날 힘들다고 기사는 올려도, 실상 제 친구들 이야기 들어 보면 그렇치도 않아요. 공무원 20년 되어 가는 사람은 연봉이 8000만원이 넘는 사람도 많고....공무원 연금까지 하면.... 공무원인 사람은 자기 자식들도 다 공무원 시키려고 합니다. 해보니까 정말 좋거든요. 이제는 국민들도 다 알고 있습니다. 공무원이 얼마나 편한 일인지.... 이제는 너도 나도 할것 없이 지금 공무원 준비 하고 있는 판국에, 사회 문제가 되었습니다. 중고등학생도 꿈이 공무원이라고 하니, 옛날 방식으로 공무원이 운영 되어서는 안됩니다. 공무원 개혁 해야 합니다. 15년 임기제로 만들던지, 30세 이상만 시험을 치게 하던지, 9급 7급 5급 급수를 나누지 말고 단일화 해서, 호봉을 10호봉까지만 인정하게 하던지..... 누구나 다 할수 있는 일입니다. 절때 전문성이 요하지 않아요. 시험 들어 가기가 힘들어서 그렇치 들어 와보면 정말 단순한 일이고, 놀면서 돈벌고 있는 사람이 태반입니다. -- 교사들도 임용되자 마자 8호봉 부터 시작하고, 특수교사는 9호봉 부터 시작하는데, 이거 다 개혁 하셔야 합니다. 공무원, 공직에 일하고 있는 사람들, 군인, 공기업, 교사 할것 없이 다 개혁해야 합니다. 15년 임기제가 제일 나을것 같은데, 안그러면 중고등학생 전부 다 대학 안가고, 취업 노력은 안하고, 세금으로 월급 받을 생각만 할것입니다. 개혁 안하면 저의 자녀도 공무원이 되게끔 학교 다닐때 교육 시키겠습니다. 공무원 연금, 군인연금, 사학 연금 , 국민연금과 당장 통합하십시오. 군인 연금 60세부터 300만원 이상식 받는것도 당장 개혁 하셔야 합니다. 이대로 가다간 정말 대한민국의 미래는 없습니다. 오로지 수능 보듯이, 수능에서 공무원 시험으로 다 바뀔것입니다. 수능은 없어질것이고, 공무원 수능이 될것입니다. 결국 우리나라의 경쟁력은 잃고, 세금으로 월급 타면서 편안한것만 찾게 되겠지요. 많이 청원 해주셔서 개혁 될수 있게 동참 바랍니다. 공무원인 사람은 자기 밥그릇 날라 갈까봐 반대 하겠지만, 문재인 정부가 공무원 증원하고 있는데, 나중에 공무원 수가 더 많아지면 다들 자기 이익만 챙기다보면 공무원 수가 더 많아져서 개혁은 어려워 질것입니다. 지금 개혁해야 됩니다. 모두들 청원 부탁드립니다.",일자리,2018,2018-11-16,10,Not answered,고등학생도 공무원 준비 하는 사회....개혁 필요 합니다.
petition_0270,"공직생활을 하다 1년 전 정년퇴직 하였습니다. 아직도 일할나이인데 집에만 있으니 너무나 답답하고 힘들고 우울증까지 오는 것 같고 개인 생활비 등 형편이 어려워 재취업을 하기 위하여 일자리를 알아보게 되었습니다. 아는 지인으로부터 ○○시청에 시간 선택제 모집공고를 보고 공직 에서 동일 업무경험 등 적성에 맞겠다 생각하고 그곳에서 노하우를 살려 근무 한다면 좋겠다는 생각을 하고 응시, 합격하여 금년 4월부터 2년간 계약을 하고 근무를 하고 있습니다. 그런데 난데없이 금년 9월 21일부터 공무원 연금법이 바뀌어서 연금이 중지된다고 하니 무슨 날벼락입니까? 공무원 연금 보다 적은 보수를 받고 피곤함을 감수하고 야간근무를 하는데 ...... 연금을 받을 것이냐? 봉급을 받고 근무를 할 것이냐? 하고 선택하라는 것은 강제로 나가라는 것 아니겠습니까? 그런 대책 없는 법을 만들어 놓고 장년층을 일자리에서 쫒아내며 국민을 괴롭히는 정부가 어디 있습니까? 정부 출범당시 “이게 나라냐” 구호를 외쳤죠. 지금 생각하니 그 말이 생각납니다. 정부에서는 청년일자리 확보를 위해 공무원 증원 등 각 부처별로 대안을 강구하는 것은 이해가 됩니다. 그러나 법을 바꾸어 가면서 장년층의 일자리를 빼앗는 것은 장년층은 안중에도 없다는 것 아닙니까? 장년층은 일자리가 없어 허덕이고 있습니다 청년 일자리가 없는데 장년층의 일자리가 어디 있겠습니까? 아직도 일할 나이인데 어디 들어가 근무할 곳이 없습니다. 장년층의 일자리도 만들어 주십시오. 장년층의 일자리는 보수가 적고 야간근무 등 근무환경이 좋지 않은 장소 입니다. 그곳에 응시 지원할 때 보면 응시자 중 청년들은 없고 전부 장년 층 뿐이 없다는 것입니다. 문제는 취약한 근무환경에 청년들이 지원을 하지 않는다는 것이고 있다하여도 응시자격요건에 제한을 받아 응시자가 없다는 것입니다. 공무원 연금법 개정으로 근무한지 얼마되지않아 직장에서 계약기간도 채우지 못하고 나가야만 되는 현실이 대한민국 국민으로서 부끄러울 따름입니다. 응시 지원시 연금수급자는 응시 요건을 제한하거나 탈락 시켰다면 다른 직장을 선택 할 수 있었을 텐데...하는 생각도 들고 2년이라는 근무계약을 하였다면 그 근무기간을 보장해주고 계약기간을 지킬 수 있도록 정부가 사회적 분위기를 만들어 주는게 맞는 것 아닙니까? 우리 사회가 이런 방법으로 직장에서 쫒겨 난다면 어떻게 되겠습니까? 정부가 모범을 모여 주셔야지요. 공무원 연금을 받는다고 생활이 다 좋은 것은 아닙니다. 자식들 학비, 사업실패 등 생활이 어려운 사람도 많습니다. 그러니까 취업을 하려고 하는것입니다.",일자리,2018,2018-08-22,4,Not answered,"청년층 일자리 창출에 장년층 고용 창출은 안중에도 없는 아마추어 정부 정책, 이래도 되는 것인가?"
petition_0271,앞으로 불필요한 서류 난발과 면접등을 없애기 위해서라도 대표자의 인증확인을 사업자등록증과주민등록증확인이 아니라 구직자에게 받는 개인정보제공동의 후 열람 온갓내용들 확인하는것처럼 그들의 최소한의 범죄경력 성범죄경력조회이것꼭 해야함아닌가요? 지금 어떤지 아십니까? 워크넷 구인구직페이지가 지금처럼 이혼율도 높고 혼자사는 단독가구가 많은 판국에 좀 생각을 깊게 해주십쇼 제발좀요,일자리,2018,2018-01-02,0,Not answered,고용센터직원이확인한 업체인증ㅡ지인관계인가요
petition_0272,"일자리 상황판을 보면 취업률은 증가했습니다. 하지만 자세히 보면 계약직 또한 비례하여 증가했습니다. 2년 근로계약 종료 후 1년동안 동일 회사의 재계약을 막아 취업을 권장하겠다는 잘못된 정책으로 기업 입장에서도 2년이라는 시간동안 함께한 인재 손실과 신규 계약직 채용에 따른 교육 및 사원 양성 비용이 소모되고있습니다. 이와 더불어 계약직은 단순한 일만 하며 파트타이머와 비슷한 대우를 받으며 일하는 분위기가 조성되고 있습니다. 무엇보다 기업내 내부 계약직의 정규직 전환채용 제도가 필요하다고 생각합니다. N기업의 경우 순차적인 계약직의 정규직 전환을 한다고 했지만, 실상은 수많은 계열사 중 은행권의 계약직의 무기계약전환 또는 일부 계열사의 무기계약직의 내부 공채를 진행했습니다. 계약직 폐지, 정규직 전환에 대한 각종 기업의 무늬만 가장한 언론플레이가 아닌 확실한 법안개정과 해결책을 요구합니다.",일자리,2018,2018-06-05,8,Not answered,계약직 근로자의 정규직 전환!
petition_0273,"청년고용률(%)을 높이려고 정부기관에서 조차 내정하여 중장년들은 채용에 탈락시키는 모순을 시정해 주세요. 1. 한식(궁중식)을 30년 전공하고 만들었고 외식업체에서 일도 하였던 경력을 무시하고 한식재단은 자기들이 내정한 일을 부리기 쉬운 , 정부 청년 고용률을 높이려는데 부합하기 위해 한국의집 채용담당자들과 심사위원들은 젊은 청년을 고용하였다. ( 채용된 청년이 평생을 한식 전공 나보다 한식을 잘알고 잘만드는가요?) 2. 면접시 -우리나라를 대표하는 '한국의집 '음식점 직원채용 면접 심사위원들 질문은 상식 이하의 질문이었다. 1)-힘을 쓰기 위한 사람이 필요하다. ( 음식을 맛있게 잘만들고 한식을 이해하는 사람은 필요없다는말) 2)-몃백명 음식만드는 일이다 할수 있나? ( 한국의집은 한국을 대표하는 기관인데 웨딩으로 장사하는 곳이라고함) 3)- 젊은 사람들과 어울릴수 있나? 한국의집 구성원들이 괴롭히면 어찌할것인가 근무 할수 있나? ( 당연히 박사 를 받은 사람은 구성원들과 어울릴수 없다는 편견이며, 청 년과 중장년을 갈라놓은 사회 병리현상 현상이고, 자기들이 내정한 사람을 채용하기 위한 수단과 핑계이다 현재 한국의집에 중장년 여성과 남성이 근무하고 있다 그들은 어떻게 있을까? 학력이 박사가 아니라서 인가?일을 하겠다고 해도 ...) 4)- 음식점 현장 경력자가 필요하다 ( 학교에서 한식과 궁중음식등을 만들며 가르친 경험도 있고 외식업에서 근무한 경력도 있다. 고용보험에 가입되 있으면 경력에 포함된다고 재단의 인사과 팀장이 넣으라 해서 넣었다) 면접 의 나의 답변- 1)- 나를 인간적으로 짓밟지만 않는다면 서로 배려하고 소통하며 얼마든지 적응할수 있고 근무할수 있다. 2) - 호텔 한식당에서 웨딩음식 만드느라 2천명~3천명 음식을 만든 경험이 있어 얼마든지 힘든일을 할수 있다. 3) - 최근 가정경제가 붕괴되 생활을 위해 돈을 벌어야 한다.... ----------------------------------------------------- 결과는 탈락 3. 대통령님 아직도 정부 기관에서 조차 이렇게 내정해 실무진들이 전공과는 무관한 채용을 하고 있습니다. 조사하여 주십시요. 조사하여 주십시요...일자리를 주십시요..",일자리,2018,2018-08-02,1,Not answered,'한국의집' 은 한식을 홍보하는정부기관인가? 장사하는 음식점인가? 한식전공30년 박사 실업자를 채용에서 탈락시킨 한국의집
petition_0274,안녕하세요 노인사회활동지원사업 전담인력으로 일하고 있는 사회복지사 입니다. 앞으로 노인일자리는 점차 더 많이 성장하며 참여자 인원도 많아지고 있지만 막상 노인사회활동지원사업 전담인력은 계약직으로 11개월직 입니다. 해마다 바뀌는 전담인력으로 참여자는 내년에도 담당자가 바뀌냐며 묻습니다. 노인일자리 노인사회활동지원사업은 앞으로도 중요합니다. 저는 현재 전담인력으로 일하고 있지만 저를 비롯하여 다른 전담인력으로 일하고 계시는 분들도 그렇게 생각할것이라고 생각합니다. 노인일자리 사업은 2004년부터 14년째 지속되고 있는 사업임에도 불구하고 전담인력의 처우는 상당히 열악합니다. 11개월 계약직에 급여도 최저임금 수준에 머무는 상황인데요. 노인일자리 전담인력분들의 정규직화와 처우개선을 위해 노력해주세요.,일자리,2017,2017-12-10,2,Not answered,노인사회활동지원사업 전담인력 처우개선
petition_0275,"서울 반포고속터미널로 인하여 주변 미세먼지/소음/교통체증이 매우 심합니다. 고속터미널은 서울요금소 등으로 옮기고 해당부지에 첨단복합시설과 임대주택을 공급해주시기 바랍니다. 이를 통하여 4차산업 기술 구현과 전통 SOC사업의 공존과 이를 통한 일자리 창출을 기대할 수 있으며, 거주 주민에게는 미세먼지 없는 친환경을 제공할 수 있습니다. 반포는 학군과 교통, 쇼핑 등 주변 환경이 매우 좋은 반면, 고속터미널과 이를 이용하려는 대형버스 및 각종 차량으로 인하여 소음과 미세먼지, 교통체증이 심합니다. 또한 부동산 가격 상승으로 인하여 반포에 거주하는 사람들의 수준이 지나치게 상향평준화 되고 있습니다. 이로 인하여 상위학생들 간 선행학습 및 유학에 대한 경쟁이 치열하고, 성인은 소비 및 생활수준에 대한 상호간 경쟁으로 사람답게 살지 못하고 있는 형편입니다. 좋은 인프라를 갖추었으나 구성원간 다양성이 없어 삶의 질은 떨어지고 있습니다. 다양성을 중시하는 사회, 사람 중시 사회에 맞게 신혼부부 및 청년, 사회적으로 소외된 중장년 들을 위한 임대주택을 공급하여 주시기 바랍니다. 기사에 따르면 미세먼지로 인하여 집값도 떨어질 형편이라고 합니다. 조속히 부지 이전을 실행하여 주시기 바랍니다. 또한 국가경제적인 면으로 볼 때 서울요금소 부지로의 이동(도로공사 검토안)은 스마트 톨링 시스템 도입이 필요하며 이는 기술적으로 구현 가능한 상태 및 제공 가능한 회사도 있는 것으로 알고 있습니다. 정부가 추진하는 4차 산업발전을 위한 큰 이벤트가 될 것으로 사료됩니다. 부디 국토를 효율적으로 사용할 수 있는 계기가 되길 바랍니다. --------------------- 정부도 꺾지 못한 강남 집값을 미세먼지가 잡을 수 있을까. 지난달 서울에 사상 최초로 미세먼지 경보가 울린 가운데 서초구 미세먼지가 지역 내 최고치를 기록하면서 부동산 시장에서 ‘대장주’로 군림하는 아파트들이 전세 기피 대상으로 떠올랐다. 게다가 ‘로열층’ 아파트가 미세먼지에 더욱 취약하다는 루머까지 나오면서 부동산 투자 지형도가 바뀔 것이란 전망까지 나돌고 있다. 16일 관련 업계에 따르면 지난 6일 사상 최초로 서울에 미세먼지(PM-10) 경보가 발령된 이후 강남 주요 지역 주민들 사이에서‘미세먼지’ 논란이 한창이다. 서울은 지난 2015년 PM-10 경보제가 도입된 이후 올해 처음 미세먼지 경보를 발령했는데 서초구가 470㎍/㎥로 가장 높았다. 서초구 반포자이아파트 주민은“한 방송에서 미세먼지 측정을 우리 아파트에서 했는데 결과가 고속도로 한가운데 살고 있는 거랑 마찬가지 수준으로 나왔다”며 “차가 막힐 수록 집값이 오른다고 했는데 이제는 달라질 것 같다”고 말했다. 서초구를 포함한 강남 3구의 집값 상승세는 학군을 중심으로 고가의 전세시세가 받쳐준 덕분이 크다. 그런데 최근 미세먼지 논란이 본격화되며 이들 지역에 대한 전세 기피 움직임이 불거지며 입지 중심의 부동산 시세에 새로운 패러다임을 가져왔다. 한 반포동 아파트 전세 세입자는 “미세먼지 경보가 울리고 한때 서초구 미세먼지 수치가 500㎍/㎥ 에 달했다”며 “딱 그 시간에 아이가 학원 간 이동하는 시점이어서 더욱 걱정스러웠다. 아이 교육 때문에 전세로 이주해온 건데 잘못된 결저이었다는 생각이 든다”고 토로했다. 미세먼지에 잠긴 서울 전경 미세먼지가 부동산 시장 패러다임 변화에 영향을 미치는 것은 일부 지역에 국한되지 않는다. 전통적인 투자 키워드였던‘로얄층’도 미세먼지 정국에서는 재평가 대상이다. 예로 최근 부동산 시장에서는 대로변 아파트 거래가 좀처럼 성사되지 않는 상황이다. 서울 강북 지역의 4차선 도로 옆에 위치한 800가구 규모의 A아파트 단지에서는 전용 84㎡를 기준으로 대로변 아파트에 전세 세입자가 실종되어 매매 시세 하락을 걱정해야 하는 상황이다. 지역 공인중개사무소는 “대로변 아파트는 전세로도 최근 6개월간 실거래가 없다”며 “전세 거래가 어려워지면 매매 시세가 급하락하기 때문에, 단지 내 가격 차이가 최근 1억원 가까이 벌어졌다”고 말했다. 이 가운데‘로얄층’아파트가 미세먼지에 더욱 취약하다는 ‘루머’까지 돌며 전세 세입자들이 더욱 불안에 시달리고 있다. 논현동 대로변 아파트의 한 세입자는“대로변 아파트 18층에 거주하는데 바닥을 매일 닦아도 시커먼 먼지가 나온다”며 “중국발 미세먼지 때문에 고층 피해가 더 심한 것 같다”고 토로했다. 연구 결과에 따르면 산업단지(오염원)과 주거지역이 1.7km 이상 멀어지면 고층과 저층의 미세먼지 농도가 비슷하지만, 시장의 루머는 SNS를 중심으로 빠르게 확대되는 모양새다. 시장 분위기를 간파한 건설사들은 미세면지 차단 기술 개발에 더욱 박차를 가하고 있다. 대형 건설사 관계자는“시장의 불안심리를 면밀히 파악하며 최근 아파트 내 적용 가능한 미세먼지 기술 개발이 한창”이라며 “창문을 아예 개폐할 필요가 없는 아파트가 목표인데 이 경우 단열 설계 기준이 바뀌기 때문에 다각도로 연구 중”이라고 전했다. ----------- 현재 서울 서초구 반포동에 있는 서울고속버스터미널의 이전이 검토되고 있다. 경부고속도로 서울요금소를 지하로 옮긴 뒤 이 자리 지상에 서울고속버스터미널 건물을 짓는 방안이다. 이강래 한국도로공사 사장은 지난 13일 동아일보와 가진 인터뷰에서 이 같은 내용의 서울요금소 주변 유휴부지 이용 방안을 밝혔다. 서울고속터미널을 이전하자는 주장은 서초구 등 강남권 주민들 사이에서 지속적으로 제기돼 왔다. 서초구 등은 현재 반포동 고속버스터미널을 교외로 이전하고, 서울시가 관리하는 경부고속도로 한남나들목∼양재나들목 6.4km 구간을 지하화해야 한다고 주장해왔다. 이 사장은 경부고속도로 서울요금소(경기 성남시 궁내동)를 고속터미널 이전 후보지로 꼽았다. 서울요금소를 지하로 옮기면 왕복 50차로가 있는 자리와 주변 지역에 터미널을 옮겨 온다는 구상이다. 하지만 이는 곧바로 될 수 없는 일이다. 현재 요금소는 왕복 50차로를 차지하고 있다. 이를 그대로 지하로 옮기기는 매우 어렵다. 이 사장도 지하화의 전제는 ‘스마트 톨링’ 도입이라고 밝혔다. 스마트 톨링은 차량 감속 없이 통행요금을 매길 수 있는 시스템이다. 만일 서울요금소에 스마트 톨링을 적용하면 왕복 50차로 규모의 요금소를 일반 구간 규모로 줄일 수 있다. 이 경우 서울요금소를 지하로 옮기기가 수월해진다. 이 사장은 지하 이전과 함께 요금소를 지상 한쪽으로 옮기는 방안도 염두에 두고 있다. 그는 동아일보에 “스마트 톨링 도입으로 좁아진 차로를 현재 요금소 땅의 한쪽으로 몰 경우 (중앙에) 넓은 공터가 생긴다”며 “여기에 고속터미널을 옮겨오거나, 이전된 고속터미널과 요금소 시설 전체를 지하화한다는 아이디어도 갖고 있다”고 말했다. 스마트 톨링은 2020년까지 전국 고속도로에 도입될 예정이다.",일자리,2018,2018-09-23,23,Not answered,반포 고속터미널 이전 및 해당부지 임대주택 공급 검토요청
petition_0276,근로의욕을 증진시키고 저소득근로자들의 가계에 큰도움이되고 있는 근로장려금이 매년지급되고 있습니다. 많은근로자들에게 혜택이 가도록 연령을 낮추고 지급액도 인상한다고 얼마전 발표를 했는데요 여기에 한가지 더 추가로 고려해야 할사항이 있어서 청원 합니다. 소득금액 상한액인데요. 현재 단독 가구 :1.300만원 홑벌이가구:2.100만원 맞벌이가구:2.500만원 미만이어야 수급 대상이 됩니다. 몆년전 책정된 액수인데 그간 물가도 많이 인상되고 내년부터는 최저임금도 인상되었습니다. 따라서 내년도부터는 상한액을 올려서 책정하면 더많은 근로자들이 혜택을 받을수 있을것으로 사료됩니다. 많은관심과 성원바랍니다.,일자리,2017,2017-12-07,1,Not answered,근로장려금지급 산정시 총소득금액조정필요
petition_0277,"저는 한 엔지니어링 사에 근무하는 직장인입니다. 대통령님께서 고용정책때문에 고민이 많으신 것 같아 조금이라도 짐을 덜어드리고 싶은 마음에 글을 올립니다. 제가 생각하는 저희 분야인 엔지니어링 설계분야에서 고용를 늘리는 방법은 2가지로 매우 간단합니다. 1. 정부에서 발주하는 엔지니어링 사업 대가에서 신규고용비를 추가하여 발주하는 제도를 제안합니다. 현재는 엔지니어링 노임도 제자리 걸음이긴 하지만, 이런 문제는 차지하고, 신규 고용을 위해서는 신규고용비 항목을 추가해서 발주하시면, 기업은 고용을 추진할 것이라 사료됩니다. 그리고 지금 시점에서는 신규고용비에 대해 정부에서 선투자 해주시고 후에 고용 심사 또는 시행여부를 감독하는 제도로 했으면 합니다. 2. 1항과 같은 맥락에서 정부에서 발주하는 모든 자격심사(PQ)에서 신규고용에 대한 가선점을 주는 제도를 제안합니다. 정부는 신규고용 확약서를 받아야 하겠지만, 너무 까다로운 절자보다는 정부가 기업에 대한 선 신뢰 후 감독체계로 했으면 합니다. 이상입니다.",일자리,2018,2018-08-21,5,Not answered,일자리 확대 정책 제안
petition_0278,안녕하세요 이번에 특성화고에 올라가는 예비 고등학생입니다. 예전부터 스크린 도어 사고부터 제주 현장실습 사고까지 현장실습 학생들의 인권침해와 안전을 위협하는 일들이 많아서 현장실습이 폐지되었고 국가에서 학생들의 인권을 위해 신경 써주신것은 감사합니다. 하지만 이번 일로 특성화고 학생들의 목표였던 취업을 하지못해 큰 피해를 입삽니다. 결국 학생들의 의견을 수립하지 않고 어른들의 생각대로만 움직였고 모든 피해는 학생들에게 돌아갔습니다. 저의 생각은 현장 실습을 폐지하는것 보다는 현장실습 학생들의 인권을 위한 법을 만드는게 더욱 옳다고 생각합니다 저와 의견이 같으신 분들은 서명 한번씩만 부탁드립니다. 대통령님 현장실습 폐지에 대해 다시 한번 생각해주시길 바랍니다.,일자리,2018,2018-01-14,2,Not answered,특성화고 현장실습 폐지반대
petition_0279,주한미군 캠프 험프리에서는 본인이 제출한 병가신청을 결근처리 그리고 해고를 하였읍니다. 18개월후 복직하였읍니다. 사업장에서는 병가를 결근처리을 하였읍니다. 그래서 평택 고용노동지청 결근에 대해 조사를 받았읍니다. 5개월이후 해고가 되었으며 해고 3개월 이내 경기지방노동위원회에 부당해고 구제신청서를 제출하였지만 고용노동부 이송 그리고 고용노동부 법위반없음 종결입니다.,일자리,2018,2018-05-31,0,Not answered,사업장에서 근로자에 병가신청을 결근처리 그리고 해고
petition_0280,"안녕하십니까? 저는 지방 대학에 다니는 생명공학 축산계열에 졸업을 앞둔 취업준비생입니다. 대통령님께 이 글을 읽어 보실까 글 하나를 적어 올립니다. 제가 바라는 점은 축산이나 동물 관련된 일자리를 많이 만들었으면 좋겠습니다. 제가 대학생활을 하면서 느낀 점은 평소 신문이나 뉴스를 통하여 접하지만 A.I 나 콜레라 등 가축들의 질병에 관한 이야기입니다. 축산 분야를 전공을 하면서 우리나라의 처참하고 잔혹한 축산 현실을 많이 봤습니다. 실습을 통해 우리나라의 축산환경이 너무 안 좋다는 것을 알게 되었습니다. 그것을 알고 나서는 저는 어떻게 하면 더 좋은 환경에서 가축을 키울 수 있는지에 대해 연구 하게 되었습니다. 그러는 도중에 학교 공모전을 통해 선진국에 대한 축산 환경을 탐험하며 공부하게 되었습니 다. 제가 알기로는 후보님이 어릴 적에는 가축들을 다 방목을 통해 키웠기 때문에 건강한 먹을거 리를 얻을 수 있었습니다. 하지만 요즘에는 예전 방식대로 키운 가축의 식품들은 친환경이라는 HACCP 인증을 받고 더 비싸게 매매가 이루어지는 현실이 안타깝기만 합니다. 좁은 공간에 가둬서 키우면서 스트레스 를 주고 학대하면서 키우고 있습니다. 이러한 모습을 볼 때마다 너무나도 안타깝습니다. 농업에 많은 투자를 통하여 이러한 문제점을 개선해 좋겠습니다. 공무원 채용공고가 뜰 때마다 일반직, 행정직 직급을 많이 뽑지만 정작 사회에서 필요로 하는 소방직, 사회복지직, 축산직 등등은 문제가 생길 때마다 인원이 부족하다고 하지만 뽑지 않는 것이 현실입니다. 학생으로서 젊은 사람들이 축산에 관련하여 공부를 하고 싶어도 희망이 없습니다. 지방직이나 서울직은 축산 공무원을 뽑고 있지만 정작 정부에서 관리해야 할 축산 질병이 생 김에도 불구하고 중앙부처에서 관리하는 국가직 공무원은 존재하지 않고 있습니다. 제가 알기로는 국가직은 농업직으로 뽑고 있으나 여전히 축산 종사자들은 부족한 실정입니다. 중앙부처 정부에서도 축산이나 동물에 관한 문제가 더 개선되도록 도와주십시오. 작년부터 최근까지 질병 관련된 기사를 보며 여전히 등한시하고 있습니다. “좋은 일자리만 찾고 나중에 우리 세대에서도 누가 축산이나 농업 계통으로 연구하고 우리 다 음세대 또 다음세대가 우리나라의 축산계통으로 발전이 있겠습니까?” 다른 모든 분야도 중요하지만 축산 관련 일자리를 더 많이 만들었으면 좋겠습니다. 저는 정치나 사회 분야에 관심이 많지만 이야기가 너무 길어질 거 같아서 이만 줄이겠습니다. 권 종 근 올림",일자리,2018,2018-01-11,0,Not answered,축산 분야 관련 일자리 창출
petition_0281,1.공유택시는 대한민국에서 이동하기 가장좋은 방법입니다. 2.차량소유자는 운전자로등록되면 원하는시간에 자유롭게 수익을 올릴수있으며 많은 일자리창출을 기대할수 있읍니다. 3.택시기사분들의 사납금부담이 없어서 택시비인상없이 소득증대를 가져올수 있습니다. 4.차량정체와 도심의 주차장 문제가 해결됩니다. 5.새로운 시작이기에 일반기업이 아닌 정부주관하에 공기업화하여 이익을 추구하지말고 기사분들께 혜택이 갈수있도록 시스템을 만들어야 합니다.,일자리,2018,2018-11-15,1,Not answered,카카오택시를(공유택시) 빠른시일내에 활성화 시켜주세요.
petition_0282,안녕하세요. 저희 아버지는 청각장애 3급이신데 부설주차장을 근 20년간 하셨습니다. 그 건물은 사장님이 따로 계시며 건물을 운영해주는 관리사장님(A)분이 계셨는데 2년전쯤 몸이 안좋으셔서 그만 두시고 사장님 친구라는 (B)분이 위임받으셔서 건물에 상주하며 전반적인 운영을 하며 있었는데 저희가 주차장을 운영하는 동안(A)라고 하시는분께 사업자 등록증을 계속 내게 해달라했는데 거절을 계속 당하다 (A)라는 분께서 나간 년도에 세무조사가 건물에 들어가서 탈세를 하였다고 벌금을 물게 되었는지 이제서야 저희보고 사업자등록증을 빨리 내라고 하게 된 상황이였는데 계약 만료 날짜 일주일전(2017년 10월)에 나가라고 계약 해지통보가 되어 묵시적 갱신이라 나갈수가 없다고 하였는데 그러다 1년 계약이 연장되어 지금 10월에 나가게 되는 상황이 되었습니다. 하지만 그 곳에서 계속 터를 닦고 열심히 하셨던 저희 아버지 권리금도 못받고 나갈 상황입니다. 내용증명이 와서 저희 컨테이너등을 철거시키겠다는 내용과 새로운 임차인이 오니까 빨리 비우라는데 저희가 권리금 받고 나가겠다는데 그걸 막는건 임대인이 할 수없는 횡포를 하고있습니다. 저희 아버지를 도와주세요. 제발 도와주십시요.,일자리,2018,2018-10-17,13,Not answered,저희 아버지는 청각장애3급인데 일터를 뺏지 말아주세요.
petition_0283,"대통령님....저는 소기업을 운영하는 여성 대표입니다. 형편이 어려워 금융권좀 이용할려고 했더니 업력 9년차, 조건이 무지 무지 까다롭고, 정책이 5년 이하의 창업기업 우선지원이라고...도움을 받을 수없더라구요. 그런데 저 뿐만이 아니고..........대부분의 기업들이 저와 비슷한 형편 이더라구요. 이러다 보니 있는 직원도 짜를판이고, 세금도 못 내게 생겼고....연쇄 부도로 이어질 가능성도 굉장히 많고... 거의 정지 상태 입니다. 기업이 있어야, 일자리가 존재하고, 고용을 하고, 세금을 내는것 아닙니까??? 청년일자리 지원요??? 눈높이 낮추고, 환경 조건 낮추면 일자리 천지 입니다. 왜 깨끗하고, 시설 갖춰진 빌딩에서만 일해야 합니까??? 공무원만 일합니까??? 저희같은 소기업은 다 죽어도 된단 말입니까??? 창업만 하면 무조건 지원해 주나요??? 업력이 오래된 회사는 다 죽이실 건가요???? 기업들이 줄도산을 하게 생겼다구요... 부탁드립니다. 기업을 , 지원해 주세요.",일자리,2018,2018-04-06,3,Not answered,"기업이 살아야 일자리도늘고, 세금도 내죠."
petition_0284,"최근 채용비리 관련 금감원장이 사임 하셨습니다.하나은행 채용비리 입니다. 사임 하신 것은 잘 하신 일 입니다. 그런데, 금일 최종구 금융위원장께서 하나은행 무기한으로 철저한 조사 하라고 명령을 내리신 신문기사를 보았습니다. 참으로 어처구니 없는 분이 고위직에 계시구나하는 생각이 국민의 한 사람으로 생각하게 됩니다. 그러면, 국사의 다른 중요한 일은 안 하시고 그 일만 하신다는 말씀인가요? 국민을 위해 하신 말씀인지 모르겠지만, 고위 공무원으로서 너무 보복적 언사를 아무 거리낌 없이 감정적으로 국민을 무시하는 발언입니다. 들었습니다만, 청와대 계신 높으신 분부터 금융라인에 경기고 고려대 인맥이 좌지우지 해서 그런 건 아닌지 의구심이 듭니다. 대통령님께서 적폐청산을 확실히 해 주십시요.",일자리,2018,2018-03-13,2,Not answered,경기고 인맥과 경남고 인맥의 싸움 좀 말려 주세요.
petition_0285,한국은 외국말인 영어를 못하면 정상적인 일자리를 구하기 어렵습니다 남태현이라는 미국의 대학교수도 한국을 영어계급사회라고 했죠 물론 공기업에서 사람을 분별하기 어려우니까 토익을 볼 수 밖에 없습니다 그것까지 이해합니다. 하지만 공무원시험까지 영어를 의무적으로 보는 것 잘못된 관행 같습니다. 한국은 한글을 공용어로 쓰는 나라지 영어를 공용어로 쓰는 나라가 아닙니다 심지어 영어는 아시아도 아닌 유럽이나 북아메리카에서 쓰는 언어입니다. 공무원이 영어쓰는 일이 어디에 있을까요? 죄없는 일반 서민 자식들이 우리나라 역사 국어도 아닌 생판 남의 나라 말인 영어땜에 스트레스 받아야 하나요? 돈 있는 자식들은 어린시절부터 영어권 나라에서 살아서 영어를 잘 할 수 밖에 없습니다 하지만 일반 서민자식들은 영어땜에 사교육비도 더 들고 대통령께서 후보시절 언급했던 기회는 공정해야 된다는 주장과도 반대인 사회시스템입니다. 공기업까지 토익 없애자고는 안하겠습니다. 다만 모든 공무원시험에서 영어가 필요한 부서만 제외하고 영어를 필수에서 선택과목으로 전환시켜 주십시오 영어 못한 사람에게도 나라에서 일할 수 있는 기회를 주시기 간곡히 부탁합니다 대통령님,일자리,2017,2017-10-27,0,Not answered,대통령님 간곡히 부탁드립니다 모든 공무원 시험에서 영어를 선택과목으로 전환시켜주십시오
petition_0286,"파인애플 감금폭행사건을 아시나요 지금 인천 연수구 옥련동 중심으로 안산 오산 수원 등 중심으로 라인이라는것을 정해놓고 팀장한명 알바 두명다니며 쓰리고 팀장한명 알바한명 다니면 투고 이런식으로 말을 한답니다 그런식으로 과일을 팔지 못하면 집에 들어와 폭행을 가하고 욕설을 한다고 합니다 숙소에는 씨씨티비가 있어 감시를 하고 있다 했습니다 일을 시작하게 되면 핸드폰을 다 빼앗아 가족 친구들과 연락을 못하게 한다고 했습니다 제 동생뿐만아니라 다른피해자들에게도 차안에서 졸았다고 폭행 겨울에 긴팔입고 일하면 절대 안되고 무조건 반팔을 입고 고등학생들의 열정과 패기라는 말을 외치며 파인애플을 팔게 하고 돌아오는길에는 혓바닥을 창문에 끼게 한 다음 고문을 가하고 자기네들끼리 낄낄 웃고 술을 사준다고 부른뒤 마음에 안든다고 폭행 저희 언니하고 제가 집에오라고 전화했다고 우리가 미친누나들이라고 욕설을 하면서 니가 돈을 벌려고하니까 너한테 돈을 뜯을라고 그러는게 아니냐 하면서 집에 못가게 하였고 할머니가 아프니까 얼굴보고가랬는데 거짓말일수도 있으니 자기들 보는 앞에서 전화를 한뒤 도망갈까봐 따라 경남에 내려왔었습니다 또 군대를 가야하는 상태인데 신검받을때 장애인척을 해서 공익만 받아도 자기네들이 윗사람들과 말해서 면제를 받아준다 하였고 지금 제동생은 5등급인가 7등급 군면제를 받은 상태입니다 한번은 동생이 인천에서 너무 힘들어서수원으로 도망간적이 있는데 사장 아는 사람 즉 경찰을 통해 위치추적을 해서 피시방에 숨어있던 제 동생을 잡아와 다시 폭행을 했다고 합니다. 위치추적이라는거 그렇게 쉽게 할수있는건가요? 요즘 이렇게 고문을 가하는곳이 있나요? 2018년도 사람인권도 없고 개보다 못한 취급을 하는사람들이 아직도 있다는게 말이 됩니까 근처 지구대는 동생이 미성년자가 아니고 성인이라는 이유로 수사를 하지 못한다고 하였고 가출신고를 하라고 해서 가출신고를 한상태이지만 아무 진전이 없는 상태이며 귀찮아 하고 있는것같습니다 아무 연락은 없고 기다리는 중입니다 그래서 제가 그러다가 제동생이 협박당하고있는중이라서 집에도 안간다그러고 맞다가 죽으면 누구책임입니까 라고 했더니 아무말안하고 기다리라는 말뿐입니다 은밀하게 조사하고 있다고 가만히 있으라는데 가만히 있어지지가 않습니다 피해자들은 10대 청소년이거나 20대 초반 부모님 없는 애들을 데리고 협박과 일을 시키고 임금도 수급자들은 통장에 돈이 들어오면 안되니 현금거래를 한다고 했습니다 그래서 제가 그러면 제 동생이 월급을 받았다는 내역을 보여달라했을때 처음에는 현금거래라 내역이 없다 그러고 지금은 우리는 월급을 주고 사인을 받는다고 했습니다 하지만 이말도 사장들 말뿐이고 피해자들은 다 임금을 받지못해 노동청에 신고를 한 상태라고 했습니다 그렇게 오갈곳이 없는 애들을 데리고 마음에 들지않는다고 폭행을 지금 이순간에도 당하고 있을지 모릅니다 또 피해자들분께서 저에게 말하기로는 사장이 신용불량자라 알바생들 명의로 장기렌트 및 대출을 받고있으수도 있다고 했습니다 주로 수원 병점부터 시작해서 세류동 나혜석거리 인계동에 위주로 돌아다닌다고 했습니다 6월 3일 세시에 수원남부경찰서앞에서 제동생과 같이 만나자고 했는데 그약속도 펑크내고 제 동생은 안데리고 갈것이다 라고 했습니다 계속해서동생을 뒤로 빼고 있습니다 제발 동생이 집에 오게 도와주세요 그리고 사건의 핵심은 동생이랑 싸워서 집을 나갓다 라는것이 포인트가 아니고 인천, 수원에서 임금도 못받고 폭행과 욕설을 당하면서 못나온다는것이 포인트인데 왜 경찰들은 저희랑 싸우고 나갔다에만 포인트두고 조사를 하는거 같다 라는 생각이 드네요 제발 정확한 수사좀 해주세요 제 동생이 한대라도 덜맞고 집에 갈수있게 다치지않게 더많은 피해자가 생기지 않게부탁드립니다",일자리,2018,2018-06-03,680,Not answered,제 동생일이자 많은 피해자가 있을거라 생각이 듭니다 파인애플장사 감금폭행 꼭한번 봐주세요
petition_0287,"<대한민국 근로자들의 빈부격차 감소와 청년 일자리 문제 해결등 윤리적 사회 실현을 위해 옴브즈만 활동을 요청 드립니다> 옴브즈만의 경우 노동부 공부원이 아닌 제3의 인물 ( 예를 들어 경영지도사, 노무사 )가 하는 것이 바람직하다고 생각합니다. #물론 현재도 유사한 업무는 하고 있으나 형식적이고 유착관계로 인하여 문제가 표면으로 들어나지 못하는 실정입니다. -.필요업무 1. 불법 파견근무 감시 2. 불법 인턴제도 감시 3. 불법 시간제 근로 감시 4. 농어촌에 장애인 노예생활 유무 감시 < 문제점 > 대한민국에 비정규직이 너무도 많습니다. 대한민국은 OECD국가 중 근무시간은 긴 반면 생산성은 하위권으로 낮은 것으로 조사됩니다. 그 사유는 바로 비정규직 입니다. 비정규직의 경우 파견회사를 통하여 근로중인 분들도 많이 있는데 대부분이 불법인 경우 입니다. 파견근로자를 사용하기 위해서는 1)파견사업주 허가 2)사용사업주의 경우 허용된 업종이여야 하며 3)파견 기간은 2년 이내 등 규정이 있으나 지켜지고 있지 않은 실정입니다. # 기업들도 하나만 알고 둘은 알지 못하는거 같습니다. 옛말에 싼게 비지떡 이라고 인건비만 낮게 하려하지 말고 줄돈 주고 회사의 능률을 올려야 할 것 입니다.",일자리,2018,2018-06-13,0,Not answered,불법 고용문제 감시 강화 요청
petition_0288,"제가 회사 다닌지 4년이 지났는데, 입사초기부터 주말근무(토,일요일)를 한달에 두번식 계속 시키고 있습니다. 문제는 대체휴일도 없고 휴일근로수당도 안준다는 것입니다. 그동안 문제제기 많이 들어갔는데 전혀 고쳐지지 않고 있습니다. 안나올거면 그만두라는 식으로 답변이 돌아오고 있습니다. 부당한 요구에 대해 신고를 하고 싶지만 그것도 어렵게 되어 있어서 쉽지가 않네요. 간편하게 고용자 및 회사의 부당근로행위를 신고할 수 있는 인터넷 신고센타를 만들어서 접수및 조사상황을 쉽게 알수 있게 해주세요.",일자리,2018,2018-03-13,4,Not answered,부당한 근무를 시키는 회사에 대한 신고센타를 만들어 주세요
petition_0289,"근로기준법에는 하계휴가에 관한 규정이 없습니다. 따라서 하계휴가 부여여부, 부여사유, 부여일수에 관해서는 회사 사규(취업규칙)에 규정에 바에 따릅니다. 회사내규 관련 사항으로 불합리한 내용이 너무 많은 것 같습니다. 근로기준법 의거 회사내규 라는 이유로 일반 서민노동자들의 회사 연차를 강제 사용 토록 하오니 꼭 해결 해주십시오 (ex : 국경일 , 휴가 등등 본인의사와 상관없이 개인연차 강제 사용)",일자리,2018,2018-07-23,0,Not answered,근로 기준 회사내규 휴가 강제 사용
petition_0290,"안녕하세요, 저는 시민단체에서 일하고 있는 최예지라고 합니다. 다름이 아니라 저는 얼마 전 TVN <행복난민>이라는 프로그램을 보게 되었는데요, 우리나라의 실업급여제도도 덴마크처럼 확대되면 좋겠다고 생각해서 이렇게 청원을 올립니다. 우리나라 실업급여는 특별한 사정이 없으면 '비자발적 이직자'에게만 수급자격이 인정됩니다. 하지만 전 권고사직이나 자발적 퇴사로 인한 실업자에게도 실업급여를 지급해줘야 한다고 생각합니다. 아시다시피 우리나라 권고사직으로 인한 퇴사는 '자발적 퇴사'가 아닙니다. '출근해보니 다음 날 책상이 없어졌다거나 화장실 옆으로 옮겨져있었다'. 허무맹랑한 소리같지만 사내 알력다툼, 노조 가입 등으로 인해 아직도 흔히 벌어지고 있는 일들입니다. 하지만 이런 상황에도 불구하고 '자발적 퇴사'라 수급자격 인정이 안 된다는 이유로 권고사직자들은 실업급여를 받지 못하고 있습니다. 권고사직 외의 자발적 퇴사도 마찬가지입니다. 잡코리아의 2016년 설문조사에 따르면 신입 사원들의 퇴사 사유 중 ‘조직에 부적응’, ‘열악한 근무환경’, ‘강도 높은 업무량’ 등이 높은 퍼센트를 차지했습니다. 이는 다시 말하자면 신입사원들이 ‘권위주의적인 조직문화’, ‘직장 상사의 언어폭력’, ‘추가수당 없는 야근’ 등 갖은 수모를 못 견뎌서 퇴사하게 되는 경우들이 대부분이라는 것입니다. 하지만 이런 퇴사자들은 실업급여도 못 받고 당장 다시 취업시장에 뛰어듭니다. 더 나은 기업을 확인할 시간적 여유도 없습니다. 실업급여가 나오지 않기 때문에, 생계비를 위해 최대한 빨리 재취업을 해야 하기 때문이지요. 저는 지금 실업급여 시스템은 기업에 아주 유리하게 초점이 맞춰져있어 문제라고 생각합니다. 기업들은 ‘자발적 퇴사자에게도 실업급여를 지급하면 사원들이 툭하면 퇴사를 할 텐데 그럼 어떻게 기업을 유지하냐’고 볼멘소리를 할 수도 있겠습니다만, 저는 그럼 이렇게 얘기하고 싶습니다. 사원들에게 매력적인 기업을 만든다면, 사원들이 퇴사할 일도 없겠지요. 지금 기업들은 근로자에게 너무 갑질하는 식의 고용을 하고 있는데, 이것은 우리 사회에 아주 고질적인 문제입니다. 권위주위적 관료제 문화는 기본, 포괄임금제로 인한 추가근무 수당 없는 야근 또한 심각합니다. 그럼에도 불구하고 기업들이 이 문제를 고치지 않는 이유는, 이런 조건에도 근로자들이 ‘말없이’ 일을 할 수 밖에 없는 시스템 안에 있기 때문입니다. 근로자가 당장 ‘더러워서 일 못 하겠다’고 일을 그만두면 생계를 유지할 법적 보호 시스템이 없으니까요. 만일 자발적 퇴사자에게도 실업 급여가 주어진다면, 근로자는 이런 불합리한 기업에서 벗어나는 것을 훨씬 쉽게 선택 할 수 있을 것입니다. 그렇게 되면 나쁜 기업들도 ‘사원을 유지’하기 위해 근로자를 노예처럼 부려먹는 불합리한 갑질은 멈출 수밖에 없겠죠. 마지막으로 우리는 누구나 적성에 맞고 행복한 일을 찾을 권리가 있습니다. 그리고 그것을 도와주는 일은, 기업이 아닌 국가가 해야 합니다. 자발적 퇴사자에게도 실업급여의 사회안전망이 있다면 근로자 누구나 두려워하지 않고 자기 적성에 맞는 일을 찾을 수 있는 기회와 경험을 갖게 될 것입니다. 저는 주변 친구들이 입사 후 적성에 맞지도 않는 일을 퇴직금 때문에 1년을 꾸역꾸역 채우는 모습을 많이 봤습니다. 본인이 퇴사를 신청하면 실업급여는 받을 수 없으니 당분간 퇴직금으로 생계를 유지해야 하니까요. 일이 적성에 맞지 않지만 생계비 때문에 퇴사를 포기하는 경우도 많이 봤습니다. 생계비 때문에 적성에 맞지 않는 일을 하는 것, 저는 기업과 근로자 입장 둘 다를 보았을 때 정말 비효율적인 일이라고 생각합니다. 기업 입장에서는 열정이 없는 근로자와 함께 해야하니 일의 능률이 오르지 않아 비효율적이고, 근로자 입장에서는 행복하지도 않은 일을 하며 시간을 보내야 하니 비효율적입니다. 따라서 기업과 근로자 모두에게 근로자가 적성에 맞는 일을 찾는다는 것은 굉장히 중요한 일입니다. 그리고 이 일에 도움을 줄 수 있는 것은 오직 국가뿐입니다. 저는 국가가 기업의 이익이 아닌 ‘약자’, 즉 ‘국민’을 보호해야 할 의무가 있다고 생각합니다/ 또한 국가는 국민이 행복을 영유할 수 있도록 최대한의 지원을 해야 한다고 생각합니다. 청년 자살률이 세계 1위인 나라, 우리나라 청년들이 ‘헬조선’에서 벗어나 하루 빨리 ‘행복한 대한민국’에서 살 수 있었으면 좋겠습니다. 감사합니다.",일자리,2017,2017-12-27,1,Not answered,"덴마크처럼 권고사직, 자발적 퇴사 등으로 인한 실업자에게도 실업급여를 지급해주세요!"
petition_0291,최저임금인상의로 근로자들에 삶에질이 좋아졌습니다 하지만 노동법이 편법으로 운영되고 있어서 청원합니다 4시간 근로하고 30분휴식시간을 갖도록 되어있는데 9시출근 6시퇴근하면 점심시간 1시간제외하면(8시간근로1시간휴식) 8시간근로하는게 보편적인 직장입니다 그런데 초저임금을 적게줄려고 편법으로 회사에서 임의대로 휴게시간을 늘려서 157만보다 헐씬적은 120만원을 받고다니는 사람들이잇습니다 노동법에서 4시간근로후30분휴식시간만 허용해야하는데 그이상 휴식시간을 줘도 법적문제가없는게 편법을 조장합니다 다시한번이야기하지만 4시간근로후 30분휴식만허용하고 추가휴식시간은 없는걸로해주셔야 근로자가 최저임금해택을 받을수있습니다,일자리,2018,2018-01-31,3,Not answered,노동법을 수정하세요
petition_0292,"인천공항운영관리(주) 의 채용관련 감사바랍니다. 상기회사의 차장/부장급 경력직 채용에 응시하였습니다. 서류지원후 9월7일 금요일 오후 서류 합격 문자를 받았습니다. 공기업 자회사로서 서류 전형 합격자는 9월 9일 일요일 NCS 시험을 치룬다고 연락받고 시간이 촉박하나 열심히 준비하여 시험을 치뤘습니다. 서류전형 합격자 발표는 9월 11일 화요일 오후 6시쯤 발표되었습니다. 합격했고 9월 14일 금요일 오전 9시 45분까지 면접보러 오라는 문자를 받았습니다. 본인은 경력직으로 회사에 입사하기 위해 여러 군데 면접을 봤으나 사기업의 경우 이미 내정자가 있고 면접 들러리를 서러 갔던 경우가 많았습니다. 그러나 금번 채용은 공기업 자회사라 요즘 나라에서도 채용비리 근절을 위해 노력하는 만큼 공정하게 채용하리라 기대하고 면접에 참석을 했습니다. 채용면접자 대기실에 가니 2명 채용에 면접으로 온 사람이 17명이었습니다. 18명을 불렀는데 1명 불참하여 17명이 왔습니다. 면접은 6명씩 3개조로 나누어 1개조가 대략 30분 정도 면접을 봤습니다. 6명이 들어가서 자기 소개하고 질문 2,3개 정도 답하니 시간이 다 되어 퇴장하고 집으로 돌아 왔습니다. 먼 곳까지 가서 면접을 봤는데 면접비도 주질 않더군요. 여기서 채용관련 아래와 같은 의심 상황이 있어 내정자가 있는 채용이라 판단하여 감사 요청을 드립니다. 채용관련 의문사항 1) 2명 채용에 면접자 18명을 불렀다. 채용인원 대비 9배수인데 상식적으로 이렇게 많은 인원을 최종 면접에 부른는 경우가. 있는지? 2) NCS 필기시험을 20명 치룬것으로 아는데 면접에 18명 부른것은 채용 내정자가 필기시험에서 18등을 했기 때문에 내정자를 면접에 올리기 위해 18명을 부른것으로 의심됨 3)채용공고상에는 필기 전형시 이력서의 내용이 맞는지 확인하기 위해 경력증명서 등의 관련서류를 지참하라고 되어 있는데 필기전형 뿐 아니라 면접시에도 관련 서류를 제출하라는 얘기도 없고 당연히 확인하지도 않음 3)보통 공기업 시험시 서류 통과발표후 2,3주이상의 기간을 두고 NCS시험을 진행하는데 여기서는 서류전형발표후 2일후 필기시험을 치룸. 채용내정자를 급히 채용하기 위해 급박한 일정의 공고를 낸 것으로 의심됨 4)면접 또한 허술함. 6명이 동시에 들어가서 몇 가지 질문에 답하니 시간이 다되었는데 이 짧은 시간에 제대로 평가를 했는지 의심스러우며 6명이 한꺼번에 들어가서 면접본 경우는 처음임. 면접후 같이 면접받던 지원자에게 면접분위기를 물어보니 대부분 들러리 서러 왔다는 의견이 다수임 5)채용결과 발표일 인사팀에 전화해서 몇 명이 합격했는지 물어보니 회사 기밀이라 말해 줄 수 없다고 하고 다른 내용도 물어 보니 전부 말해줄 수 없다고 함. 상기와 같은 사유로 금번 인천공항관리운영의 채용은 내정자가 있는 채용이라 의심할 수 밖에 없습니다. 지금같이 취직이 어려운 시기에 공정하지 못한 채용은 많은 사람들의 희망을 꺾어 버리는 고문입니다. 대한민국이 공정한 사회가 될 수 있도록 채용비리세 대해서는 정부에서 일벌백계 해주시기 바랍니다.",일자리,2018,2018-09-15,9,Not answered,인천공항운영관리(주) 채용 관련 감사 바랍니다
petition_0293,저는 40대 평범한 주부이자 중소기업의 생산일을 하고 있습니다 시급이 오르면서 우리같은 작은 회사의 근로자들은 사장의 눈치만 보고 사는데요 작년까지만 해도 조금있던 보너스를 올해는 아예 없애버리고 그것도 모자라 연차를 설 추석 연휴에도 쓰게하고 국경일에도 죄다 연차로 쓰게 합니다 이럴거면 연차가 왜 필요한지 누구를 위한 연차인지 명절에도 근로자들의 연차로 고향을 갖다와야 하는지 정말 모르겠습니다 명절이 왜 있어야 되는지요 중소기업들은 최저임금이 오른이후로 최소의 인원으로 감축시켜 최대의 효율을 얻으려고 정말빡세게 일을 시킵니다 사람을 더 넣어야 되는상황인데도 말이죠 국민의 삶이좀 나아지게 하려고 최저 임금을 올리셨지만 정작 근로자들은 더 힘들어지고 고용인들은 어쩌면 돈을 적게 줄까 고민합니다 제발 근로자들도 숨좀쉬며 살수있게 해주실순 없나요? 정말 삶이 더 팍팍해지는걸 느낍니다,일자리,2018,2018-09-14,9,Not answered,중소기업의 횡포
petition_0294,"일자리 국민 청원글을 수십번 글을 올려도 20만명 이상이 동의하는 글이 없으면 국가에서,국민 청원글 올린걸 다 읽어 본다고 합니다,오죽하면 국민 청원글을 수십번 올릴까요.제발,우리나라 일자리 좀 많이 늘려야 됩니다.특히,지금,주유소,편의점,세차장,식당 영세 자영업 일자리는 점점 줄어 들고 있습니다,그 원인은 대부분 셀프 자동화로 많이 바껴서,알바생 인원을 많이 줄이고 있고,알바도 나이가 많고, 경력이 없으면 알바생으로 고용 하지도 않습니다.국민 청원글은 한 사람 한 사람 소중한 글을 국가 기관에서,다 읽어 보시길 바랍니다.특히,일자리 이런 글은 경제부 장관님을 비롯해서,국무 총리님도 이런 일자리 글은 반드시 다 읽어야 됩니다,이런 일자리 문제를 않 풀면,우리 국민들이 자살 할려는 국민들만 많아 질거 같습니다.얼마전에 전주 연합 뉴스에서.생활고로 할머니가 자살한 뉴스가 나왔다고 합니다,사람 복지가 먼저 입니까,동물 복지가 먼저 입니까,애견들은 소중하게 키우면서,국가에서,왜.가난하고 무구한 국민들만 다 죽일려고 하는가요",일자리,2018,2018-11-29,1,Not answered,국민 청원글
petition_0295,청년일자리 최악이라는말 이번정권들고 더 많이 들려옵니다. 왜 그런것같나요? 젊은이들이 쉬운일만 찾아서요? 반은맞고 반은 틀립니다. 단순히 쉬운일만 찾아서 청년실업이 가중되고 일자리 불균형이 있다고 생각하십니까? 아니 머리는 폼으로 달고다니십니까? 지금 3D업종에선 일할사람을 못구해서 난리라잖아요.. 그 널리고 널린 3D업종에 서류만 제출해도 어서오십쇼인데.. 생각좀 해보세요. 편의점에서 바코드찍나 3D업종에서 목숨걸고 일하나 임금차이가 거의 없습니다. 이런판국에 미쳤다고 목숨걸고 일합니까? 이 문제를 근본적으로 해결할 생각을 하셔야죠.. 최저임금에 차등을 둬야겠다는 생각은 안해보셨습니까? 업종별로 현저히 위험하거나 더럽거나 힘이 많이들면 그에 상응하는 댓가를 지급하도록 국가적 차원에서 나서야죠. 무슨 북한 공산주의도 아니고.. 택배상하차장에서 온몸에 파스 덕지덕지 붙이고 일하나 편의점에서 바코드찍나 최저임금이 7530원이면 누가 택배상하차 하러갑니까? 병원비가 더들겠습니다. 우스갯소리로 택배현장은 안가는게 돈을 버는 길이라는 얘기까지 있을 정도입니다. 돈때문이라도 3D업종 지원자가 있게끔 하시면 일자리 불균형도 완화되고 실업률도 줄지 않겠습니까? 생각좀 하고 사십쇼,일자리,2018,2018-10-04,20,Not answered,대통령님 주무십니까?
petition_0296,1.현재 국가직 공개채용시 정당한 공개경쟁시험에서 합격한후 2.분명히 국가공무원법 제33조의 공무원 결격사유가 있는데 과잉인원을 필기시험 합격을 거친사람을 3.추가로 많은 인원을 뽑아서 면접시험을 통하여 평범한 젊은이가 많은 탈락으로 좌절을 갖게 되는데 4.국가기관에서는 불합격자에게 국가공무원법 제33조의 공무원 결격사유를 통보 했는지 5.엄연히 국가공무원법이 있는데 현재 시행되고 있는 국가고시는 적용의 개선을 해서 6. 이나라 모든 젊은이게 국가고시에서만이라도 법앞에 공정하게 집행된다는것을 보여 주시기 바랍니다,일자리,2017,2017-11-22,2,Not answered,공개채용 국가고시에서 면접탈락 기준(국가공무원법 제33조의 공무원 결격사유)준수
petition_0297,"안녕하세요? 저는 로스쿨을 졸업한 이번 7회 변호사시험 응시생입니다. 이렇게 변호사시험에 관해서 청원을 올립니다. 저의 경우 5탈제로 인해 이번이 마지막인 변호사시험을 치고 나서 이렇게 글을 씁니다. 현재 기초생활수급자인 저는 정부의 도움으로 인해 로스쿨을 학비 걱정없이 졸업할 수 있었습니다. 하지만 졸업만 할 수 있었을뿐 현재 학원의 도움없이 합격할 수 없는 변호사시험의 구조상 매번 낙방할 수 밖에 없었습니다. 로스쿨제도의 경우 故 노무현 대통령의 유산이라고 생각합니다. 문재인 대통령님의 경우도 참여정부에 참여한 인사로서 로스쿨로 일원화되어야 한다고 대통령후보때 주장하셨습니다. 하지만 현재 로스쿨의 경우 기형적인 변호사시험 합격률로 인해 과거 사법시험과 무엇이 다른것인지 모르게 변질되어 버렸습니다. 로스쿨의 정상적인 안착 및 저같은 저소득층이 변호사가 될 수 있게 하는 길은 변호사시험 합격률을 높이는 것이라 봅니다. 이것은 현재 민정수석이신 조국 민정수석님께서 과거 서울대 로스쿨 교수재직시절시에도 합격률50%는 비정상적이라 주장하셨고, <관련링크 1> <관련링크 2> 현 법무부 장관이신 박상기 장관님께서 연세대 로스쿨 교수재직시절시에도 변호사시험 자격시험화를 주장하셨습니다. <관련링크3> 하지만 불행히도 변호사협회 등 기존의 기득권 등이 자신의 기득권을 지키기 위해 변호사시험 합격률을 통제해야 한다고 주장하고 있고, 박근혜 정부의 법무부는 응시자대비 합격률이 아닌 초시합격률이라는 눈속임으로 비정상적인 합격률을 정상적인 합격률이라고 주장했었습니다. 로스쿨제도에서 변호사시험의 경우 완전 자격시험화로 이루어져야 로스쿨제도의 근간을 지킬수 있고 저같은 기초생활수급자도 학원의 도움없이 변호사시험에 합격을 할 수 있습니다. 작년 변호사시험의 경우 합격률 51%이고, 올해는 40%대로 추락할 것이라는 예측도 있습니다. 초기 변호사시험의 경우 87%였는데 지속적으로 하락한 것입니다. 이것은 초기에 합격한 1기 변호사시험 응시자와 형평성 차원에서 어긋난다고 봅니다. 누구는 초기에 720점을 맞았는데도 합격하고 단지 늦게 시험을 본다는 이유로 900점 가까이 점수를 맞아야 합격한다는 현실에서 과연 헌법 제11조에 나와 있는 평등권이 지켜지고 있는지가 의문시 됩니다. 마지막으로 현재 5탈제도가 있습니다. 문재인 대통령께서는 2018.1.23 에 “규제혁신으로 청년들에게 도전할 기회를 제공해야 한다. 규제혁신은 청년들에게 마음껏 도전할 기회를 제공하기 위해서도 시급한 과제”라며 “출발을 해야 성공이든 실패든 있는 법으로 모험적인 시도를 하다보면 실패할 수도 있지만 일단 시도를 할 수 있어야 결과를 얻을 수가 있으니 기존의 사고방식이나 제도의 틀이 새로운 도전자들과 개척자들의 발목을 잡아서는 안 된다”라고 하셨습니다. 하지만 5탈제도는 5번탈락했다는 이유만으로 변호사시험에 도전할 자격을 박탈해버리는 것이라고 생각합니다. 비록 실패를 5번해도 오뚜기처럼 일어날 수 있는 환경이 마련되기 위해서는 변호사시험 5탈제도의 경우에도 없어져야 한다고 봅니다. 이번 7회 변호사시험 합격률의 경우 과거 1회 시험의 경우와 같이 최소 응시자대비 87%의 합격률을 보장해야 합니다. 그래야만 형평성면에서 차별이 없고, 로스쿨의 교육도 정상화될 수 있으며, 저같은 기초생활수급자도 변호사가 되어 기초생활수급자라는 딱지를 떼어 버리고 이사회에 헌신할 수 있을 것이라 생각합니다. 또한 현재 우리나라는 자살률이 높은 상태인데... 변호사시험 합격률 및 5탈제도로 인해 분명히 언젠가는 자살하는 사태가 발생할 것으로 예상이 됩니다. 그것을 막기 위해서라도 지금부터라도 변호사시험 합격률을 정상화하고 5탈을 폐지해야 할 것입니다. 관련 행정 담당자분들께 제발 간곡히 부탁드립니다. 변호사시험 합격률을 정상화시켜주세요.",일자리,2018,2018-03-13,5,Not answered,[변호사시험 합격률]변호사시험 합격률을 정상화해주세요.
petition_0298,"광주광역시에서 인건비 지원 사업을 통해 선발된 직원 신입직원 직무교육을 한다며 지난 11월 14일부터 16일까지 2박3일 교육을 하였으나 교육 내용이 창업을 하라는 내용. 지난 윤장현 시장때 광주시 공무원과 친해서였을까? 이런 저런 강연에 많이 다니던 창업 대표자가 신입사원 직무교육에 나와서 ""창업""하라고 교육을 하다니 뽑아 놓은 직원 회사 나가라는 소리인가? 광주광역시에서 인건비를 지원받다보니 2박3일이 부담스러워도 울며 겨자먹기로 직원을 보냈더니 창업하라고 창업 교육이나 시키는 무능하고 어리석은 광주광역시 공무원들 지난 인건비 지원사업부터 실제 그 직원이 일을 하는지 안하는지 실사 한번 한하고 실사도 미리 연락 다 줘서 세는 세금이 얼마나 많은지 알면서 모르는척 하면서 작년에 대통령상 받았다고 선전이나 하고 기껏 인건비 지원받아 고용한 사원에게는 창업교육이나 시키고, 세금이 줄줄 세고 있네요~",일자리,2018,2018-11-20,5,Not answered,[광주광역시] 어처구니 없는 신입사원 직무교육
petition_0299,"안녕하십니까 존경하는 대통령님 저는 세이브존에서 2012년 부터 2018년 현재까지도 판매 사원으로 일하고 있는 사람입니다 저는 지난 기간 유통업계에 종사하며 많은 일을 겪었습니다 하지만 서비스직으로서 감당해야할 부분외에도, 한 인간으로서 감당이 어려운 것들이 있어 이렇게나마 청원 드리는 바입니다 세이브존의 조직적인 착취 행위는 옛부터 무척 유명했지만, 언제나 쉬쉬되어오고 화제가 되지 않았습니다. 지금 그 잔인한 실상을 고발하고자 합니다 저는 중간관리자로서 1. 노동법을 교묘히 무시한 근무일수 - 세이브존은 설날,추석 당일을 제외하고는 연중무휴를 표방하며 전혀 점 휴무를 하질 않습니다 - 대형 마트에서 조차도 판매자와 상권 보호를 위해 월2회 휴무를 법으로 정해놓았으나, 쇼핑몰이라는 형태로 교묘히 법망을 피해갔습니다. - 이로 인하여, 세이브존 매장 운영자들은 사시사철 근무하며, 하루라도 쉴려하면 추가적으로 인원을 고용해야 하지만, 그러한 인건비 부담에 대해서 정상적으로 할 수 있는 판매자들은 많지 않습니다 - 이유인즉슨, 비좁은 주차 환경, 유행에 한참 뒤떨어지는 브랜드 등 세이브존은 매출을 일으킬 수 있는 거리가 균일가 오천원 말고는 없는 곳입니다. 즉, 세이브존내 입점 브랜드중 월 1천만원(수수료 환산시 150만원)도 못버는 브랜드가 허다합니다. 한달에 150만원 벌어서, 세금 떼고, 알바비 주고 나면 50만원도 못가져갈때가 허다합니다 - 이러한 구조속에 수익은 없고 몸은 망가져만 갑니다. - 지금도 제가 근무하는 세이브존에는 공실 매장이 많습니다. 판매 사원이 더는 근무를 못하겠다며, 수차례 퇴직을 요구하였지만, 허락해주지 않아, 그대로 잠적해버리는 판매자들이 많은것이 현실입니다. 2. 노동법의 사각지대를 이용한 조기 출근 강요 - 공식적인 영업시간은 10시 오픈 ~ 10시 마감이지만, 세이브존은 조금이라도 판매 시간을 늘리기 위하여, 9시부터 조기 오픈을 수시로 합니다. 이시간에 쇼핑을 오는 사람도 없는데도 불구하고 판매자들에게 8시 20분까지 출근을 강요하고 출석을 체크합니다. 너무나 악랄하고 공포스럽습니다. 8시 20분에 출근하여 밤10시까지 14시간 동안 매장에 363일 서있는 것은 하루하루 사람을 죽이는 것과 다를게 없습니다 3. 위와 같은 일이 생기는 원인 - 유통사의 책임 회피 구조 - 세이브존은 임대 갑 - 브랜드는 임대 을 의 관계로 거래 계약을 맺습니다 그리고 임대을인 브랜드는 판매사원을 ""중간관리자""라는 계약직의 형태로 고용합니다. 그렇게하여 임대 갑 세이브존에 판매사원을 파견 합니다. 이렇게 되면, 판매사원은 법적으로는 한명의 사업자가 되기 때문에, 최하층 노동자이면서 4대 보험을 누구에게도 적용받을 수 없고, 노동 시간 또한 준수되지 않습니다. 쉬고 싶으면, 돈을 내고 직원을 더욱 고용하면 되지만, 한달에 가져가는 돈이 50만원도 되지 않는데 어떻게 직원을 더욱 고용할 수 있겠습니까? 존경하는 대통령님과 휘하 담당관님 세이브존의 법을 피해가는 악행을 낱낱히 파헤쳐 제발 사람답게 살 수 있도록 도와주세요 많은 것을 바라는 것이 아닙니다. 중간관리자(계약직)라는 형태의 노동자는 제 어머니때부터도, 지금까지 수십년간 아무런 법적 보호를 받지 못하고, 유통사의 갑질과 횡포속에 죽어가고 있습니다. 세이브존 또한 대형마트처럼 정기적인 휴무를 가질 수 있도록하고, 조기 출근 강요를 못하도록 제발 부탁드립니다. 이미 존재하는 법이, 중간관리자라는 사각지대를 비껴나갔을 뿐입니다. 저 또한 한명의 납세자로서, 국민으로서 법의 보호를 받고 싶습니다...",일자리,2018,2018-10-26,359,Not answered,세이브존의 판매자 착취 행위를 제발 멈춰주세요
petition_0300,"공헌하면 인센티브주고 그때 승진 기회주어야합니다. 국민들 세금으로 월급주고 연금 나오는데 일 똑바로 못하는 공무원들 너무 많습니다. 아는 오빠가 공무원인데 이런말을 하더군요. 구청에 있을때는 눈 내리면 눈이나 치우고 그랬는데 시청가니 칼퇴하니 참 좋다고요. (잡일이나 겨우 하고, 그마저도 많지 않다는 얘기) 그러고보면 참 공무원들 한가합니다. 한번은 누가 제 가방을 훔쳐 달아나서 경찰서에 신고를 했습니다. 그러자 경찰관이 제일 먼저 하는말이 뭔지 압니까? ""뭐하시는분이세요? 아니 왜 가방에 그리 많은 돈을 들고 다니세요?"" 저는 범인을 잡으려고 했던거지 경찰관한테 혼이 나려고 신고를 한게 아닌데 오히려 조심하지 못 했다며 저한테 한 소리 하시더군요. 그러고는 대충 대충 저의 진술을 받아갔습니다. 이런 경우 겪으신 분들 많으실겁니다. 사기를 당해 신고했는데 귀찮다는듯이 진술받고, 조사 또한 대충대충.. 성희롱 및 성폭행을 당했는데 내가 죄인된듯한 기분의 조사.. 경찰관 뿐만 아닙니다. 시청 구청 직원 전부 마찬가지입니다. 얼마전 모 대형 인터넷쇼핑몰 입점되어있는 대기업에서 쥐포를 샀습니다. 전 대기업이라는 브랜드를 보고 구매했는데, 쥐포에서 머리카락과 벌레가 나오더군요^^ 후기를 보니 저같은 피해자가 4명이나 더 있었습니다. 심지어 제조 업체도 연매출 100정도 나오는 중소 기업이었습니다. 근데 위생법이 얼마나 우습고 관리를 안 하면 이정도 되는 크기의 업체에서 벌레가 나오고 나뭇잎이 나오고 머리카락이 나올수 있습니까? 하다못해 위생 모자만 써도 머리카락은 안 나왔을겁니다. 우리는 알게 모르게 주방용품을 플라스틱으로 쓰는 식당에서 만들어준 찌개를 먹고, 재탕을 한 반찬을 먹고, 원산지가 다른 음식물을 섭취하고, 유통기한이 지난 음식으로 만들어준 요리를 먹고 있습니다. 불시에 시청에서 나와서 주방 검사하고 음식들 원산지 제대로 맞는지 검사해주세요. 모든 업체를 다 할순 없지만 이런 압박만 주어도 식당에서 함부로 음식 팔겠습니까? 더불어 식품 위생법에 대해 강한 처벌 해주세요. 저희 엄마가 식당을 운영하시는데 1일 도우미로 오시는 분들이 그러십니다. 10년 넘게 음식점 옮겨다니면서 이렇게 깨끗하게 하는곳 처음봤다고. 저희집 대단한거 없습니다. 그냥 기본적인거 합니다. 원산지 지켜서 판매하고, 버릴거 버리고 주방용품 갖춰쓰고 깨끗한 곳에서 음식 만듭니다. 근데 이게 깨끗하다며 이모님께서 일하신 업체들 얘기해주시는데 아직도 그런 곳이 있다는데 놀라우면서도 얼마나 공무원들이 나태하게 일하는지 참 씁쓸한 따름입니다. 물론 정말 열심히 일해주시는 많이 공무원들이 계십니다. 그런분들의 노고가 헛되지 않게 똑바로 일 안 하고, 오래 일해서 호봉 높다고 아랫 사람만 일 시키고 본인은 대충 대충 일하는 그런 일이 없게끔 해야합니다.",정치개혁,2018,2018-02-26,6,Not answered,공무원 역시 최저 지급제 도입해야합니다. (더불어 식품 위생법 처벌 강화)
petition_0301,영장전담 판사를 교체할수 있는 권한이 있는데도 불구하고 범죄자의 영장을 계속해서 기각하는 판사를 그대로 방치하고 있다는 것는 결국 그놈이 그놈이었다는 것을 말해주고 있습니다. 개혁은 얼어죽을 온사방에 퍼지는 똥덩어리들을 그대로 놔둔체 무슨 개혁을 하겠다는 것인지. 사법적폐의 수괴 김명수와 그를 추천한 자를 믿지 마시고 당장 교체하시길 청원합니다. 그래야 늙은 수괴 양승태를 감옥에 보낼수 있습니다.,정치개혁,2018,2018-09-21,5,Not answered,김명수 대법원장 추천자 경질 건의
petition_0302,안희정과 이재명의 논란에 이어 이번에 최성 전 고양시장의 항공료 부풀기리의 문제가 방송되었다. 더불어 민주당은 무엇 하는 당인가? 대선주자라는 게 과연 누구인가? 대선주자라면 그 당의 간판인데 이런 인물들이 온갖 논란을 일으키면서 국정농단 심판하여 새로운 나라를 만든다? 자격 있나? 자유한국당보다 도덕적이고 말로만 나라다운 나라들 만든다는 국민들을 현혹시키는 현재의 더불어 민주당은 분명히 자유한국당을 심판할 자격을 이미 상실했다는 결론밖에 나오지 않는다. 한국의 기존 정당들은 새로운 나라를 만들 수 있는 능력이 없는 온갖 문제투성이 당이고 기득권이다. 거기에 국민들까지 문제이니 한국의 미래를 논하는 것이 현재로서는 무의미한 것 같다. 국민들은 정신 차리고 국가가 제대로 되어가고 있는지 지켜봐야 한다. 새로운 생각과 새로운 세대가 새로운 나라를 이끌어 가야 한다. 그러나 현실은 불투명하기만 하다. 아래 글도 힘들여 쓴 글이니 읽어보길 비란다. 김정은 입술을 모두 주목하고 말 한마디에 움직이는 세계 북한을 어디까지 믿어야 하는가? 좋은 나라로 바꾸려면 청와대 게시판 국민수준부터 높여야 한다 교육을 어떻게 완전히 바꾸어야 할까? 대법원의 양심적 병역거부 판결과 헌법재판소의 대체 복무제 판결이 옳은가? 사법농단 관련 특별 재판부 도입은 더 큰 이 문제 해결의 최종 목적지를 향하여 나아가야 한다 한국의 정치 현실,정치개혁,2018,2018-11-17,13,Not answered,문제투성이인 더불어 민주당 전 유력 대선주자들
petition_0303,"대한민국이 법치국가임을 정부기관이 증명하여 주십시요 국가기관을 상대로 계약을 하고 물품을 납품 하려다 보니 그 동안 못 보았던 많은 부분을 보게 됩니다. 1. 국가기관과 계약시 계약서(계약일반조건)가 법적인 효력이 있는가? 2. 계약서(계약일반조건)보다 물품검사 담당공무원의 사견(개인적인생각)이 우선인가? 3. 담당 공무원들은 계약서(계약일반조건)에 명시되어있는 내용도 왜 자신있게 부정하는가? 4. 왜 정부기관과 계약시 계약상대자인 국민만이 청렴계약이행서약서를 제출 해야 하나? 5. 정부관계자는 청렴계약 이행을 하지 않아도 된다는 말인가? 6. 국민은 상기 내용과 관계없이 무조건 정부기관의 결정에 따라야 하는가? 상기 내용을 확인 하시고 대한민국이 법치국가인지 북한과 같은 조폭체제 국가인지를 알려주세요, 또한 우월적 권위를 지닌 정부기관에 의해 강제계약 해지를 당한 국민의 억울한 심정을 헤아려 바로잡아 주시기를 간곡하게 부탁 드립니다. 이것 또한 현정부에서 주장하는 적폐청산 아닐까요.",정치개혁,2017,2017-12-13,1,Not answered,대한민국이 법치국가임을 정부기관이 증명하여 주십시요
petition_0304,이상한소리일지 모르지만 제 생각에는 노인연금처럼 청소년들한테도 돈을 조금씩 주면 경제가 더 활발해질것 같습니다 왜냐하면 노인들은 언제 자기가 병에 걸릴지 모르기 때문에 돈을 아낍니다 반면 아이들은 돈을 많이쓰고 잘씁니다 만약 아이에게 약 5000원을 주면 그 아이는 그 돈을 분식집이나 학용품같은곳에 쓸것입니다 그러면 그 분식집과 문방구는 돈을 얻습니다 그리고 그 분식집과 문방구는 세금을 내고 생활비로 돈을 쓰죠 이런식으로 돈을 돌리는겁니다 물론 이러면 너무 돈이 많이 들어가겠죠 하지만 대한민국은 저출산 문제가 있습니다 어린이가 적죠 적은 아이들에게 돈을 주는겁니다 전 아이들에게 돈을 너무 많이주라고는 안합니다 한 아이당 한달에 10000원정도여도 충분히 좋습니다 그러면 노인들은 어쩌냐고 할수있는데 노인들도 드리면됩니다 둘중하나를 포기할 이유는 없죠 그리고 아이들한테 현금으로 주면 아이들간에 금전거래가 오갈수있으니 국가가 아이들에게 카드를 주고 그 카드에 국가가 한달에 10000원씩 넣어주는겁니다 물론 아이들이 아낄수도 있겠죠 그렇기 때문에 그 카드를 지정된 업체에서만 사용가능하게하는겁니다 그 업체등록은 업체가 국가에 허락을 맡는 식으로 하는 겁니다 지금까지 읽어주셔서 감사합니다,정치개혁,2018,2018-10-10,5,Not answered,청소년에게 노인연금처럼 돈을 주면 좋을듯 해요
petition_0305,"최근 언론 보도를 보면 김기식 금융감독원장이 국회의원 시절 외유성 출장 논란에 대해 해명했지만 이마저도 거짓이었음이 속속 드러나고 있다. 김 원장은 2015년 5월 대외경제정책연구원(KIEP)이 지원한 미국·유럽 출장에 동행한 여성 인턴을 ‘국책연구기관 총괄 담당 정책비서’라고 거짓말했다. 로비성 출장이라는 의혹을 촉발시킨 KIEP의 유럽사무소 예산도 처음에는 전액 삭감했다고 해명했다. 그러다가 국회 심사 당시 “내년에는 반영하자”고 한 사실이 알려지자 “찬성 의견을 감안해 절충안을 낸 것”이라고 말을 바꿨다. 또 같은 달 우리은행이 비용을 댄 중국 출장에서는 은행의 편의를 제공 받아 홀로 시내 관광을 했다고 한다. 국민들이 김 원장에 대해 실망하는 지점은 시민운동가 출신으로서 그의 이중성이다. 김 원장은 19대 국회에서 공직자들의 부정부패를 막기 위한 일명 김영란법(‘부정청탁 및 금품 등 수수의 금지에 관한 법률’) 제정에 앞장섰다. 당시 본회의에선 “제가 참여연대 시절부터 20년 동안 반부패 입법에 관여해 왔다”며 동료 의원들에게 법안 통과를 호소했다. 그런 김 원장이 김영란법 통과 두 달 뒤 피감기관 돈으로 출장을 다녀왔으니 ‘제 눈의 들보’를 보지 못한 꼴이다. 특히 김영란법의 제정 취지는 우리 사회에 만연한 접대 문화를 바꿔 로비 시비 자체를 없애자는 것이었다. 이런 사실을 모를 리 없는 그가 “특혜 준 게 없으므로 문제 될 게 없다”는 식으로 해명하는 것은 ‘내로남불(내가 하면 로맨스, 남이 하면 불륜)’을 넘어 오만의 극치다. 김 원장의 출장 시점이 김영란법 시행일 이전인 2014, 2015년이라 법 적용이 어렵다고 해서 본질이 달라지는 건 아니다. “국민 눈높이에 부합하진 않지만 당시 관행에 비춰볼 때 심각한 결함은 아니다”라고 했다. 하지만 피감기관 예산으로 인턴까지 동반한 ‘나 홀로 의원’ 출장 사례는 드물다. 김 원장의 금융개혁 동력으로 여겨졌던 도덕성은 이미 힘을 잃었다. 그럼 김기식 금융감독원장엑 묻고싶다 감사원 직원들이 피감기관 돈으로 외유성 출장을 가도 그 피감기관에 혜택을 안주면 괜찮은 것인지 묻고싶다 김영란법에 공무원들이 업무관련 5만원 접대도 처벌하자고 주장 했던분이 금융김독원장을 사퇴하고 김영란법을 주도한 그시절의 초심으로 돌아가길 국민의 한사람으로 바랄뿐이다",정치개혁,2018,2018-04-10,375,Not answered,김영란법 주도한 김기식 금융감독원장의 사퇴를 국민들이 원합니다
petition_0306,"문재인대통렁 나라살림돌보지않읍니까 첫째 담배값원상복구시켜주십시요 님이 대선때 공약한대로 담배값원상복구시켜주십시요 둘째 아파트 동대표 부녀회장 관리소장 국가에서 관리해주십시요 그들의 악행때문에 피해보는사람들 없길바랍니다 셋째 북한과는 너무 멀리도 가까이도하지말아야하는데 지금 님께서 하는걸보면 북한에 매달리는듯합니다 넷째 변질된미투운동에대해 무고죄 명예훼손죄적용시켜주십시요 억울한남자들 피해많이보고있읍니다 남녀평등이 대한민국에선 마치 여성만을위한법 제도 그많은것들이 여성들위주로 돌아가는건 이게 남녀평등입니까????? 다섯째 항상 행동말 정치하나를 펼땐 여러번 생각하신뒤 정치하시길바랍니다 PS:참모 보좌관님들 뭐하십니까 ""왕이 길아닌길을 갈땐 거긴 길이아닙니다"" 직언못하십니까 직언하라고있는게 참모요 보좌관입니다 문재인씨 사람은 기계가아닌 감정을가진 사람입니다 지나친 원리원칙은 살아숨쉬는 감정을 가진 사람들 그렇지않아도 하루하루 죽지못해사는 국민들의 숨통을 막는듯합니다 그렇지않아도 힘든세상 숨좀쉬고 삽시다",정치개혁,2018,2018-10-28,16,Not answered,문재인대통령께 나라살림돌보지않읍니까
petition_0307,"그동안 기무사 물고 늘어지다 안되니 슬그머니 이젠 사법 농단으로 목숨걸고 있던데 국민의 눈과 귀가 가려질까? 손바닥으로 하늘 가리면 하늘이 용서하지 않을 것이다. 이정부의 사법부 구성은 우리 법 연구회 다 모아서 우리편 다 모아 재판 할 필요 없지, 이것은 사법 개혁인가 ? 이런 사법부 백이 있는데 재판 할 필요도 없이 난 구속 안될 거라는 것을 알고 있던 김경수 경남도지사 수퍼스타 마냥 손 흔들고 웃고 검찰 다니던 당신네들 최측근 이 사법부는 정상인데 이전은 농단이다. 국민이 바보인가?",정치개혁,2018,2018-09-15,1,Not answered,이정부 사법부 농단은 다음 새로운 정부에서 심판 해 줄 것이다.
petition_0308,적어도 대한민국을 대표하는자리에있는대통령이라면 대한민국 국민이 꽃같은나이에 나라를 지키다가 죽었는데 사과는받아내야하지않음니까? 그런데 사과는커녕 국민이살인자라고 생각하는그인간들앞에 절절매는모습을 보여주고. 반대 의사한번 내비치지못하고잇는걸보니 역적이맞다고생각함니다. 대한민국 국민의혈세받아쳐먹고 길일성일가를 옹호하는그런자가 어떻게 대한민국 대통령이라할수있나요? 대한민국 국민들은자유대한민국을 지켜낼수있는 대통령이필요함니다.,정치개혁,2018,2018-02-27,25,Not answered,문재인은 대한민국의대통령이아니라 대한민국의 역적이라생각함니다.
petition_0309,"전 세계 여성들은 누가 가르쳐 주지 않아도 그 사람의 맘과 몸이 이끄리는데로 행동을 한다. 여기에 과학성을 부여해주는 것이 중요하다. 대한민국 여성들만큼 접근이 어려운 경우가 있을까? 두 남녀가 서로에게 이끌려 사랑을 나누는데 무슨 필요가 있을까? 동물들도 아무런 이성에게 자신을 허락하지 않는다. 하물며 인간인데 무슨 말이 필요한가? 예를 들면 두 남녀가 어떤 일을 도모함에 있어 같이 있다보면 두 남녀 모두에게 호르몬 적 작용이 생겨 마침내 일이 이루어지는데, 합의가 필요하다! 예를 들면 한번 하고 끝낸다. 그럴려면 즉각적인 안전장치가 필요하다. 그래서 그 필요에 의해서 현대에는 콘돔 등 안전장치가 탄생했으며 발전하는 것이다.(주로 클럽같은 곳이 발전하는 것도 이와 같은 이유이다) 서로에게 끌려 밀당을 하다가 서로 고백하고 사귀자는 합의하에 남녀관계가 되었다. 틈만나면 한다.(결혼전까지 안전장치 꼭 필요) 결혼이 이루어질 수 없는데 서로에게 끌린다. 오래도록 봐야 하는 사이다. 그럼 서로에게 부담을 주지 않고 내연관계를 유지한다. 역시 안전장치가 필요하다. 그 외 GIVE AND TAKE로 이루어지는 성 관계는 그것을 거절했다는 이유로 그런 세상이 있는 지도 몰라 기회조차 잡지 못하는 사람들에게 그저 열심히 노력하면 되는 것인 줄 아는 사람들에게 세상이 썩었음을 알리는 것은 매우 훌륭한 일이다. 그렇지만 그것이 미투로 포장된다? 무식하면 다가 아니다. 몰지각 여성들의 국제적 망신과 혼란을 가중시키고 위와 같은 행위를 남성들에 의한 여성의 성추행 성폭력으로 이야기 하는 대한민국의 무식성은 도대체가 대응책이 없다. 여성에 대한 강제로 성을 앗으려는 강감범 등이라면 처벌이 가능하고 절대적으로 그런 일이 일어나지 못하도록 예방이 중요하다는 것을 느끼지만 조그만 남녀관계가 틀어지면 언제든지 그것을 가지고 문제삼을 수 있는 이런 무식한 제도가 있을까? 더구나 사실확인도 없이 두 남녀간의 일은 아무도 모르는 것을 일방적으로 성추행범, 성폭행범으로 낙인찍히고 아무런 관련도 없는 사람들에게 사죄하라고 욕지거리를 듣는 것이 정상인지 곰곰히 스스로들 생각해봐라. 원시부족사회룰보다도 못한 관념속에 사는 몰지각 여성들과 정의의 사도인 것처럼 행동하는 남성들아! 한마디로 구역질 난다.",정치개혁,2018,2018-03-13,0,Not answered,과학적 근거없는 이런 미치광이 일방적 교육이 문제를 키운다.
petition_0310,"문재인이 적폐라구 부르는 사람들은 사실 그들의 거울에 불과합니다 김정은 바라기 문재인에대해 몇가지만올리겠습니다 다운계약서 작성에 따른 세금 탈루 의혹 1.2 민정수석실 협박 논란 1.3 삼성 특검 수사 제지 논란 1.4 아들 고용정보원 채용 특혜 의혹 및 논란 1.5 이인규 수사관과의 충돌 1.6 SNS 여론조작 논란 1.6.1 18대 대선 불법 SNS 여론조작 처벌 1.6.2 여론조작 전과자 19대 대선 캠프 재합류 논란 1.7 고급 의자 논란 1.8 세월호 인양 지연 SBS 오보 관련 논란 2 대북관 논란 2.1 이석기 특별사면 논란 2.1.1 이석기 사건 파장과 정치권 공방 2.1.2 민정수석과 특별사면 2.1.3 사건 이후 정치권 공방 2.2 낮은 단계 연방제 통일 방안 논란 2.3 국가보안법 폐지 주장 논란 2.3.1 기무사령관에 보안법 폐지 압박 논란 2.4 한총련 합법화 논란 2.5 김정일 조문 논란 2.6 평창 올림픽 남북 공동 진행 주장 논란 2.7 대북 경제 제재 조치 해제 주장 논란 2.7.1 5.24 조치 해제 주장 논란 2.7.2 개성공단 재가동 주장 논란 2.8 유엔 대북 인권결의안 기권 과정 논란 2.8.1 송민순 회고록 폭로 파문 2.8.2 미국 측 기록 2.8.3 문재인의 해명 및 항변 2.8.4 해명 번복 주장 논란 2.8.5 송민순의 청와대 문건 공개 2.8.6 김만복 녹음파일 공개 2.8.7 당시 회의록 공개 2.9 방북 우선 발언 논란 2.9.1 정치권의 반발 2.9.2 문재인의 입장 견지 2.10 북한 주적 여부 논란 2.10.1 대선 토론회 쟁점과 논란 2.10.2 국방백서 주적 표현 여부 2.10.3 문재인 측 해명 2.11 위키리크스 일심회 간첩단 폭로 논란 2.12 북한이 ""드디어"" 핵미사일 개발 발언 논란 2.13 탈북자 단체들의 문재인 지지 및 반대 논란 2.14 사드 배치 관련 논란 3 각종 발언 논란 3.1 부산 정권 발언 논란 3.2 혁명 발언 논란 3.3 군복무 1년으로 단축 발언 논란 3.4 전두환 표창 발언 논란 3.5 토론 태도 논란 3.6 증세 계획 없는 복지 재원 논란 3.7 복지공약 번복 논란 3.8 자서전 월남 패망 관련 부분 논란 3.9 세월호 정치적 이용 논란 3.10 성소수자 존재 부정 논란 이상의 논란거리가있으며 그리구 이번개헌을 6/13일 지방선거에서 동시에 치룬다구 했는데 초안은문재인 정부와 더불어민주당 헌법 개정초안에는 1. 대통령제 4년 연임 2. 지방 분권 3. 선거연령 17~18세로 하향 4. 토지소유권 박탈 재산균등분배 5. 5.18, 세월호 헌법에 명시 등재 6. 대기업 제재 강화 7. 자유민주주의 삭제하고, 공산 인민민주주의 등제 8. 각구, 동, 인민소위원회 창설 9. 동네 소위원회 구성(재판없이 인민재판 구성) 10. 남한대통령이 유일체제로 가도록 개정 등 뉴스타운발췌 했습니다 이게 빨갱이지 무슨 ㅋㅋㅋ 그리구 평창올림픽이 개최됩니다 그런데 주인공은 김정은 돼지가 아닌듯싶습니다 북에 기름대줘 전야제하게해줘 북한이 무슨말할까바 벌벌떠는꼬라지하곤..... 아참 이 색히 넘어가면안되겟네요 지금 비서실장있죠 이색히 예전에 운동권 주사파였는데 이 색히가 임수경 북에 보내는데 지대한영향을미쳣죠 임수경 이개냔이 거기서떠든거 입니다 대한민국이 태극기도 못들구 한반도기들구 그리구 메달권아니라구 우리선수 못뛰구 국민을 위한 대통령이라면서요? 개 젓까는 소리하지마라",정치개혁,2018,2018-02-02,11,Not answered,문재인에대하여
petition_0311,"한국은 이런 범죄자와 결탁하여 자기들이 금괴 아파트 사들이고 호화 생활했음으로 판검사 전관변호사들 비리 조사하여 처형할 혁명 재판소가 설치되어야 할 것 같다. 비리 재벌 총수나 그 일가 회삿돈 횡령범 주가조작범 분식회계 송유관 절도 사학비리 의료비리 국방비리 등 모든 사건 사고에 개입하여 돈받고 신병 거래한 법관 변호사가 처형되어야 한국도 살아난다. 가증하고 조폭화한 한국 비리 복마전 배후에 사법 법조3륜이 자리하고 있으니 국민의 각성이 필요하다. 베트남이나 중국이나 태국도 강하게 경제사범 처벌하는데 한국은 사법 조폭 때문에 나라가 어지럽다. 정신 안차리면 망국이 곧올 것이니 국민이 각성하여 판사들 변호사들 검사들 국회로 간 율사출신들 몇명 매달면 나라가 건강하고 잘 돌아갈 것이다. 어서 혁명의 피를 집행하라. 신이여. 혁명 주체세력이 국민으로 군대가 나서도 되고 모두들 봉기하라. 이건 나라가 아니라 조폭들의 설치는 무대다. 위기가 심각하다. 크메르루즈 당시 캄보디아 권력서열 2.3위 전범재판에서 말년에 종신형 선고하였다는 기사도 보인다. 6.25 때 남한 지주 관료 등 2000명 대동강변 끌고가서 총살하였다. 공산당은 나쁘지만 지주나 관료들 부패도 나쁘다. 특히 지금 한국은 건전해야 할 법과 재판은 뇌물 재판 조폭 재판으로 법이 조폭화 되어 재판은 나라를 부패 천지로 만들어 공산당 추종하는 사람들이 늘어나게 만든다. 공산당 발호는 왜 생기나? 자본주의 권력과 부의 독점 횡포부패가 조장한다. 그게 심판의 도구인데 심판을 안 받으려면 재물에 불법적인 축재를 막고 건전한 사법 시스템이 필요하다. 일본은 건전하게 사법 이 운영된다. 그래서 일본은 정치지도자와 국민 간 신뢰가 높다. 법관이 벌금만 받아도 파면 퇴출하니 안 믿겟는가? 대법관은 사건 수임 못하고 부장판사들 전관 개업도 안한다. 이것 안고치면 반드시 내부적 혁명이든 아니면 외부적 침략이든 학살 재난 내우외환 비극이 생긴다. 킬링 필드 이상 생이고 학살 내전 혁명 생길 것이다. 조심하라. 사법부 비리 축재 법관, 조폭대법관, 전관 비리변호사,국회로간 율사출신 법조인 재벌 총수및 일가 비리로 축재한 부자 기업가들 전원 처형될 날이 다가올 것이다.",정치개혁,2018,2018-11-16,5,Not answered,"이란 금2톤 사들여 경제교란시킨 두명 사형 집행 공개,그리고 킬링필드 전범재판(한국 대법관 판사변호사들 들으라)"
petition_0312,국민들 피같은 세금 걷어서 남의 돈가지고 자기돈으로 인심쓰듯 하려는 사기꾼 작전은 나중에 무덤이 될 것이다. 복지예산이라는 이름으로 전형적인 포플리즘 정책을 펴려는 속셈을 민주당 편이 아닌 사람들은 불안하게 본다. 대북 도로와 철도 복구공사에 약 40조 내지 70조가 들어간다는 일부 주장에는 일리가 있다. 여기에 투자해서 어떻게 될 것이라는 명백한 근거와 주장도 없이 얼렁 뚱당 북한에 인심쓰는 행위는 적어도 국가 경영을 책임진 정권과 여당의 올바른 태도는 아니다.,정치개혁,2018,2018-12-03,8,Not answered,470조 과도한 국가예산 얼렁뚱땅 민주당 무덤된다.
petition_0313,"<기존청원 내용 오탈자교정본> (2018년06월15일) 김명수 대법원장이 사법부적폐들 바로잡기?!!? 를 어정쩡한모양새로 봉합을꾀하는바 법체계-농락의주범 ""양승태건""에대해 국민의바램을 대놓고 얕보는 처사인데, 아랑곳없이, 검찰고발은 안키로하고 미공개 문건 포함 모든 조사자료 제공 하겠다는 비켜찌르기 행태를 보인다면 사법부적폐 ""양승태건""을 ""일벌백계"" 해서 준엄한법집행 칼날을 세우겠다는 의지는 어디서도 찾아볼수 없으므로, 당연히,사법부의안위만 골몰한처사로 '조기사태 봉합과 사법제도 개혁집중' 이라는 현안처리수준으로 강도를낮춰 위기를 비켜가겠단 시도로밖에안보여 국민을 기만한처사라고 판단되는데 어정쩡한 모양새로 봉합을 꾀하지만, 이는, 국민의 바램을 천백번 져버리는 처사임에도 이에대해, 사법부가 뭔데 국민들을 조롱하는건지를 엄히물으며, 꼼수로널뛰지말고,이국가가 민주국가 임은 만천하에 천명된 불변의진리인바 ""양승태건""의 엄중한 서슬퍼런 법집행 을 천명치않으면 법관대표회의 위상& 공론도 일개 ""커피샵의잡담"" 그이상도 그이하도 아님을 똑똑히목도해야 하며, 김명수대법원장은뜻없으면당장사퇴해 국민들앞에 부끄럽지 않아야 마땅하고 질질 끌며 국민을우습게보고 희석하려 하면, 대다수국민은 사법부를격하하고 국민농락한 ""양승태 적폐건"" 법처리를 어영부영 넘어가려는 시도가드러나는 순간을기점으로 사법신뢰는 또한번의 국민을천시하는 오만함으로 기억될것. 이런,국민들요청을 비웃는처사로내내 일관한다면,당연히 임명권자는잘못된 임명을하고만 결과에봉착하게되는바, ""문재인대통령""을 지지하든 않든간에 민주국가 에 국민이 살고있음 을, 몸소 천만번 느끼며 살수있도록해야할 거고 국민이 이르는바는, 임명권자인 ""문재인대통령""께서 한치의 방관도없는 날카로움으로, 김명수 대법원장의 임명에대한 성찰과 선제적인 인사권의철회 또는 해임등 모든파면권을 신중히 검토 천명할것을 촉구하는 바 입니다.",정치개혁,2018,2018-06-15,12,Not answered,"사법부적폐 ""양승태건"" 을 ""일벌백계""해서 준엄한법집행의 칼날을 세워라"
petition_0314,"요즘 판사들의 판결을 보고 있노라면 한숨만 나옵니다. 도대체 소위 지식인들이라는 사회계층이 국민도 모두 알정도의 일을 집행유예로 판결하는걸 보면 국민의 한사람으로 이 나라가 심히 걱정됩니다. 더군다나 법앞에 만인이 평등하지 않은 현실은 보면, 어제쯤 부정부패와 적패를 청산할수 있을지 아직도 먼일 같아 더더욱 암울한 느낌이 듭니다. 이제는 더욱 국민들의 의식이 깨어나고 있는데 아직도 구습을 답습하는 정치인, 법조인, 경제개인들을 보면 참으로 개탄스럽기까지 합니다. 정치개혁과 사법부개혁은 반드시 해야만 합니다. 그래야만 대다수의 국민들이 평등하게 살아 갈수 있는 사회가 된다고 생각합니다.",정치개혁,2018,2018-02-06,16,Not answered,사법부 개혁을 청원합니다.
petition_0315,"안녕하세요 대한민국의 앞날을 진심으로 걱정하는 20대 청년입니다 먼저 , 우리나라 앞날을 위해 노력해주시는 많은 정치인분들에게 감사드리고 있습니다 , 가상화폐 , 무조건 투기라 규정 짓고 반대하는건 능사가 아니라고 생각합니다 결국 힘든 서민들이 어떻게든 살아볼려고 몸부림치는걸 정부가 더 밟는 광경으로 보입니다 거기다 금감원 직원 처벌은 법률이 없다고 , 처벌불가라고 하셨나요 ..? 폐쇄법률은 어떤건가요..? 국민들을 위한다는 취지로 결정하신다지만 , 결국 국민들을 죽이는 결과를 낳을 뿐입니다 , 지금 자리잡은 주식이나 여타 다른 것들 처럼 합리적인 대안을 마련하는게 더 좋겠지요 ... 물론 실체가 없고 , 투기적 성격을 띄는건 사실입니다 , 객관적으로 인정합니다 그렇지만 그렇게 걸고 넘어지면 대한민국에 투기적 성격을 띄지 않는게 대체 어디있을까요..? 정책 밀어붙이는거에 너무 연연하지마시고 , 서민들 비명소리도 귀울이면서 , 신중하게 결정해주셨음 좋겠습니다 감사합니다",정치개혁,2018,2018-01-19,3,Not answered,가상화폐 규제 반대 !
petition_0316,"- 이 나라의 정치자금법 공소시효를 100년으로 하라. - - 어떤 인간들이 이 나라의 정치자금법 공소시효를 7년으로 하였느냐. - 어떤 인간들이 이 나라의 정치자금법 공소시효를 7년으로 하였느냐. 정치인들 너희들이 정치자금법 공소시효를 7년으로 한 것이 아니냐. 정치인들인 너희들은 입만 열면 국민의 뜻이 어쩌고저쩌고 하면서 하늘처럼 국민들을 떠받드는 데, 너희들이 입으로 하늘처럼 떠받드는 국민들은 “정치자금법 공소시효를 100년으로 해야 한다.”는 것이다. 추잡한 정치인 넘들아. 정치자금법 공소시효를 7년으로 정치인들이 법으로 정한 것은, 더러운 정치인들인 이넘들이 뇌물을 받아 처먹고 7년만 지나면 그냥 넘어가려고 만든 아주 추잡하고 구역질나는 더러운 법이다. 정치인 이넘들이 올바르게만 정치를 한다면, 정치자금법이 100년이면 어떻고 200년이면 어떻겠는가. 정치인 이넘들이 추잡한 짓거리를 하니 자신들을 보호하기 위하여, 정치자금법을 자신들이 국회에서 7년으로 정한 것이 아니겠는가.",정치개혁,2018,2018-02-12,10,Not answered,- 이 나라의 정치자금법 공소시효를 100년으로 하라. -
petition_0317,"피해자가 입은 피해보다 가볍게 처벌하는 솜방망이 처벌에 대해 어떻게 생각하시나요? 요즘 성범죄같은 각종 범죄에 따른 가벼운 처벌, 일명 솜방망이 처벌이 큰 이슈가 되고 있습니다. 예를 들어 몰카 촬영, 또는 이를 전시,상영한 경우에 가해자는 보통 5년 이하의 징역 또는 1000만원 이하의 벌금을 물게 되어 있습니다. 반면, 피해자는 피해 이후 평생을 사람들의 시선속에 고통받으며 살아가게 됩니다. 한사람의 인생을 망친 범죄 형벌의 크기가 적당하다고 생각하시나요? 이와 같은 솜방망이 처벌에 동의하시나요?",정치개혁,2018,2018-11-15,15,Not answered,피해자가 입은 피해보다 가볍게 처벌하는 솜방망이 처벌을 중단해야 합니다
petition_0318,우리 아버지 국민연금 첫 시작되던 해부터 회사 봉급쟁이 유리지갑으로 단 한번도 빠지지 않고 연금 다 냈습니다. 이제 정년퇴직 앞두시고 얼마간만 버티면 연금받겠거니 그 기대로 사셨는데 이제와서 또 연금 받는 시기를 늦추신다고요. 솔직한 말로 이제는 어딘가에 직장을 새로 잡아 일하기도 어려우신데 아뮤런 대책없이 연금 수령시기를 늦춰버리면 공백기동안 그야말로 국가가 나몰라라 책임을 떠넘기는거 아닌가요. 나이들어 노후대책하겠다며 국민연금 꼬박꼬박 내고 사셨던 우리 아버지 이번 소식에 상심에 분노가 말이 아니십니다. 이번 수령시기 늦추는 정책은 그야말로 마치 맡겨둔 돈처럼 서민들 돈만 빨아가는거나 다름없는 것 아닌가요?? 차라리 여태까지 냈던 원금 그대로 돌려주시고 국민연금 폐지해주세요. 그러면 억울하지라도 않겠네요.,정치개혁,2018,2018-08-12,87,Not answered,국민연금 차라리 없애고 원금돌려주세요
petition_0319,불법 프로그램 사용자들 때문에 황금알을 낳는 국내 게임업계가 죽어가고 있습니다. 불법프로그램 사용자들이 이렇게 대놓고 활개치고 다니는 이유는 그저 처벌이 약하기 때문입니다. 사람이 강도나 살인 같은 범죄를 저지르지 않는 이유는 죄를 범했을때의 리스크가 크기 때문이지요. 그러므로 불법프로그램 사용자에 대한 처벌을 대폭 강화하여 리스크를 쥐어줌으로 불법프로그램을 사용할 생각조차 못하게 만들어야 합니다. 불법프로그램 사용은 우발적이거나 실수로 사용하는 경우는 없다고 보면 됩니다. 어차피 자기자신의 의지로 리스크를 감수하면서까지 사용하고자 한다면 그에 대한 처벌이 매우 강력하다고 해도 상관없다고 봅니다. 저는 불법프로그램 사용자에 대한 극단적인 처벌을 원합니다. 손의 신경절단이나 사형과 같은 극단적인 처벌이여도 상관 없습니다. 어차피 선량한 게이머는 불법프로그램을 사용조차 안하니까요.,정치개혁,2018,2018-05-30,0,Not answered,게임 내 불법프로그램 사용자 처벌 대폭 강화
petition_0320,JTBC에서 취재한 내용은 다음과 같습니다. 이명박 대통령 제임기간 5년동안 청와대 업무추진비 (2008년~2012년) 299억6630만원 (일 평균 1641만원 사용) 박근혜 대통령 제임기간 4년동안 청와대 업무추진비 (2013년~2016년) 214억1100만원 (일 평균 1466만원 사용) 문재인 대통령 제임기간 1년1개월(417일동안)사용 (2017년5월 ~ 2018년 6월까지) 청와대 엄무추진비 75억7693만원 (일 평균 1817만원 사용) 현 정부는 경호처를 제외한 것입니다. 경호처를 포함한다면 그 이상 사용하였다고 예를 들을수 있습니다. 비서실.국가안보실.경호실.경호처에서 사용한 내용이라고 합니다. 이 내용은 JTBC에서 방송한 영상이구요. 최근 심재철 의원이 주장한 불합리적으로 사용한 청와대 업무 추진비에 관련하여 보도한 자료도 있습니다만 좀더 구체적인 증거가 나올경우 그때같이 올리도록 하겠습니다. 끝으로 이처럼 국민의 세금으로 나라을 운영하시는 정치인들에게 진심 어린 충고 한마디 하겠습니다. 깨끗한 정치를 하고자 한다면 자기 자신을 먼저 돌아보셔야 할 것 입니다.,정치개혁,2018,2018-10-12,6,Not answered,이명박.박근혜.문재인 정부까지의 청와대 엄무추진비 사용내역(JTBC)방송
petition_0321,"당신의 온힘을다해 열심히 일했는게도 삶이 피폐하고 힘들다면 민주주의를 탓하세요.. 하지만 누군가에게 전해들은말로 지식으로 얻은것이라면 다시생각해보세요.. 당신 현재 삶이 행복한데...왜 내가 알고 있는 지식대로면 전해들은말 그대로면 내 삶은 불행해야하는데.. 하고 자신에게 물어보고 다시 생각해보세요...내가 선택한 길이 정말 맞는지.. 아랫글을 꼭 읽어보시길 바래요..당신에게 꿈과 희망 빛을 전해줄 글이니까요.. 서울대 트루스포럼에서 기획한 전 전대협 연대사업국장 이동호 씨의 강연 내용을 옮긴 글입니다. 안녕하세요. 반갑습니다. 이동호라고 합니다. 제 오늘 강연의 제목은 ‘좌파의 불편한 진실’입니다. 저는 연세대학교 재학 시절, 학생 운동에 몸을 담았습니다. 당시 연세대학교의 학생운동과 총학생회를 지도하는 비밀 지하조직이 있었습니다. 저희는 이 조직을 가리켜 《Secret Union》, 비밀학생회라고 불렀는데요. 제가 중앙위원으로 있었고, 그 때 제 지도를 받던 후배가 지금 더불어민주당 원내대표로 있는 우상호입니다. 이후 저는 전대협 연대사업국장을 맡았습니다. 당시 전대협 연대사업국장은 서총련에서 대행했기에, 저는 서총련 사업국장과 전대협 연대사업국장을 겸임했습니다. 그 때 전대협 1기 의장이 지금 더불어민주당 국회의원인 이인영이고, 2기는 오영신입니다. 그리고 여러분에게도 익숙한 이름이겠지만, 제가 전대협 3기 의장 교육 훈련에 들어가서 교육한 친구가 바로 임종석입니다. 이 배후조직 가운데 제일 큰 조직이 반미청년회였습니다. 이 반미청년회의 의장이 조혁이라는 고려대학교 친구였고, 그 밑에서 조직책임을 맡고 있던 친구가 얼마 전 더불어민주당 대통령후보 경선에 출마했던 충남도지사 안희정입니다. 저는 조통그룹이라는 조직에서 활동했습니다. 임수경 씨를 북한으로 참가시킨 단체입니다. 《주사파들의 역사인식》 학생운동 시절, 저는 ‘대한민국은 태어나지 말았어야 할 나라’라고 생각했습니다. 제가 공부한 바에 따르면 박정희 대통령은 일본이름을 가진 일본군 장교 출신이었습니다. 그걸 대학에 들어와서 처음 알았어요. 이승만이란 사람은 평생 동포의 후원금으로 생활한 사람이라고 가르치더군요. 저는 정말 그런 줄 알았고... 게다가 ‘대한민국은 미국의 식민지이다’라고 말했어요. 저는 정말 그렇게 믿었습니다. 이후 한국현대사도 다시 봐야 했고, 철학도 다시 봐야 했습니다. 그때 박정희를 다시 봤어요. 이승만도 다시 보고... 이승만을 다시 접하고서 흐르는 눈물을 감출 수가 없었습니다. 이런 척박한 나라에 하늘이 이런 위인을 준비했구나... 이 분 덕분에 아무 것도 모르는 조선 백성들이 자유민주주의를 받아들이고 실천할 수 있었구나... 그 다음에는 박정희로 갔죠. 아니, 민중을 수탈한다는 나라에서, 점점 더 부익부 빈익빈이 된다는 나라에서, 대한민국의 중산층은 계속 커져갔어요. 내가 배운 책에 따르면 분명히 이 나라는 망해야 되는데....국민들의 삶은 날로 풍요로워졌어요. 과거 필리핀이나 라틴아메리카 가운데 대한민국처럼 발전한 나라는 단 하나도 없었어요. 중국에서는 등소평이 대한민국의 발전방식을 따라 하기 시작했어요. 베트남 또한 대한민국의 개발방식을 따르고 있어요. 말레이시아의 마하티르 또한 박정희식 경제 개발 모델을 따르죠. 민중의 수탈자로 알고 있었던 박정희가, 수탈자이기는 커녕 5천 년간 그 지독한 가난에 허덕이던 나라를 완전히 새로운 나라로 만들었더라고요. 그 분 영전 앞에 머리를 숙이지 않을 수 없었어요. “내가 틀렸습니다. 당신이 옳았고, 나는 바보였습니다.” 이것이 바로 그 동안 제가 살아왔던 이야기입니다. 최근 이야기를 잠깐 해볼게요. 제가 얼굴을 아는 많은 친구들이 이번 ‘촛불시위’에서 광화문 광장을 장악하고 난리가 났더군요. 이거는 체제전복 활동입니다. 이 체제전복운동을 주도하는 핵심세력은 80~90년대에 훈련된 사람들입니다. 전교조요? 저희가 많이 키워서 보냈습니다. 주체사상과 북한의 혁명역량으로 그 사람들을 무장시켰어요. 바로 저희가 했던 일입니다. 언론계는 물론이고, 법조계도 많아요. 민변 아시잖아요. 문화계에도 엄청나게 많습니다. 그들이 지금 각 분야에서 이 사회를 좌편향으로, 투쟁일변으로 몰아가고 있습니다. 2016년도에는 최순실 사건이 터졌어요. 한번 생각해 보세요. 그 사람 이름도 최서원으로 바꿨더라고요. 그런데 왜 최순실이라고 부르나요? 최순실이라고 불러야 멍청해 보이잖아요. 뭔가 촌스러워 보이고, 무지한 여자라는 느낌이 들고.. 그런데 최서원 씨는 외국에 유학도 다녀왔더라고요. 압구정동에서 학원을 해서 성공하기도 하고. 그런데 완전히 아무 것도 모르는 일자무식의 여자로 몰아 갔잖아요? 그리고 k-sports 재단의 정동춘이라는 사람은 최서원 씨가 다니던 안마시술소의 원장이었다고 모든 언론이 난리였죠. 나중에 얘기 들어보니까 멀쩡하게 서울대 나온 사람이더라고요. 서울대에서 체육학을 전공해 박사학위까지 받은 서울대 체육학 박사였어요. 그리고 헌법재판소를 협박하기 시작했어요. 헌법재판소가 그 협박에 굴복했고, 결국 대통령은 아직 자신의 죄가 뭔지도 모르는채 탄핵을 당해서 감옥에 가 있어요. 본인은 부인하고 있잖아요. 그러면 확정되기 전까지는 무죄추정 아닌가요? 이렇게 그들은 전략전술을 따르고 있다는 겁니다. 자유민주주의 체제는 쉽게 선전, 선동에 넘어갑니다. 80년대 학생운동은 70년대와는 또 다릅니다. 70년대에는 공산주의 운동인 맑스주의와 레닌주의가 주축이었지만, 80년대 중반에 학생운동에 스며든 것은 다름 아닌 북한의 주체사상이었습니다. 주사파가 어떻게 생겨났는지 이야기해 보겠습니다. 84년도 학생운동 당시, 서울대 김영환 그룹이 학생운동 내부 주도권 다툼에서 밀렸습니다. 이후 이들은 단죄사상 연구라는 조직을 만들어서 단파라디오로 북한 방송을 청취하기 시작합니다. 통일혁명당의 하부세력에 있던 사람이 누구인지 아시나요? 한명숙과 그의 남편입니다. 한명숙이 바로 통일혁명당의 하부 조직원이었습니다. 서울대 경제학과 출신으로 통일혁명당의 기독교책이었던 박성준이라는 사람이 한명숙을 끌어들였습니다. 한명숙이 부패 혐의로 감옥에 들어갈 때 국회의원들이 한 오육십 명 떴을 걸요? 왜 그랬을까요? 남한 주사파의 원조니까요. 울고불고 난리가 났죠. 그동안 한국의 적화통일은 과연 어디까지왔나? 1.●미군철수( 와해단계) 2.●국정원폐지(완성 ) 3.●국가보안법폐지(완성) 4.○동성애합법화(추진중) 5.○우익단체사살(추진중) 6.●기독교분열(거의완성) 7.●언론접수(완성) 8.●노조접수(완성) 9.●사법부접수(완성) 10.●행정부접수(완성) 11.○연방정부수립-(완성단계로 감) -지방선거에 헌법개정 12.●우익인사수감(완성) 13.●원전파괴(에너지종속 국가) 14.●좌우이념대립 갈등심화(완성) 15.●역사왜곡(완성) 16.●국회장악(완성) 17.●시민단체장악(완성) 18.●국가경제파탄(완성단계) 19.●사회시스템을 자본주의-공산국가 계획경제(완성단계로) 20.●군병력감축(완성) 21.●군장성잡아두기(완성) 22.●경찰공권약화(완성) 23.●인민 노동자 농민사회(완성) 24.●공산혁명정부(완성) 25.○딱하나 남은 것은 미군철수 그리고 멀지않아 사회가 혼란하다고 군과 경찰을 동원하여 국민을 통제할것이다. 국민들이 저항 한번 못하고 꼼짝없이 자연스럽게 국가가 전복되는 것이다",정치개혁,2018,2018-02-08,11,Not answered,북한주체사상에 빠져 대한민국을 사회주의로 바꾸려는 단체를 바른길로 인도해주세요
petition_0322,"난민문제 정치인 누구하나 국회의원 누구하나 문제를 제기하지 않습니다 이게 이나라의 현실입니다 이게 이나라 국회의원들의 민낯입니다 지그들 밥그릇 싸움 할때는 난리 부르스를 치더니 국민이 무섭다고 두렵다고 청원을 줄기차게 재기해도 돌아오지 않는 메아리입니다 하긴 국민몰래 난민 받아들이는 법이나 발의하고 외노자에게 퍼주는 정책만 남발하는 이나라 정치인들에게 멀 기대 하겠습니까 이제 우리가 믿을건 국민 밖에 없습니다 국민의 힘으로 이슬람난민을 막아 내야합니다 힘을 모웁시다 절대 권력 박근혜도 탄핵한 우리국민의 저력이 있습니다 정책입안자들이 귓닫고 입닫을때 국민의 소리를 냅시다 지금은 제주도 난민이 순한 양처럼 풀죽은 강아지처럼 보이지만 벌써 페이스북에 우리에게 요구하고 있습니다 돼지고기는 먹지못하니 소고기를 주세요 하루 5섯번 기도해야하니 양해해주세요 저게 그들의 본심입니다 지금도 이럴진데 저들이 세력화 되면 제주도 이슬람자취권도 요구할겁니다 모스크사원도 건립해달라고 떼 쓸겁니다 학교에서 이슬람 애하나 때문에 급식에서도 돼지고기도 빼라고 요구할겁니다 이모든게 지금 유럽의 현실입니다 국민 여러분 이슬람난민문제는 감성적으로 접근하면 절대 안됩니다 인도적인 접근도 금물입니다 지금 언론과 인권단체들이 여론을 호도하기 위해서 온정론으로 몰고 있는데 절대 저들의 세치혀의 넘어가서는 안됩니다 우리 아들 딸들... 테러위협, 성폭행 위협, 인권무시하는 저 더러운 이슬람문화에서 지킵시다 누가 우리나라를 지켜주는게 아닙니다 우리손으로 분연히 일어나 지켜나가야합니다 지금 상황에서 정부도 언론도 정치인도 믿을 놈이 하나도 없습니다 이슬람난민이 추방당하는 그날까지 쉼없이 나아갑시다",정치개혁,2018,2018-06-25,37,Not answered,난민/ 정치인 누구하나 문제 제기하지 않습니다
petition_0323,"국민의 한사람으로 이제는 소극적인 청원운동은 한계가 있습니다. 우리도 적극적인 자세로 청원법을 도입하여 직접민주주로 한 발 더 나아갔으면 합니다. 입법을 국민도 할 수 있게 제도(청원법)를 만들고, 조두순같은 사람을 국민의 힘으로 법을 만들어 영원히 경리 시켜야 합니다. 그래서 청원법안에서 법을 발의한 사람이 국회에 나가 국민의 한사람으로 자신의 소신을 말할수 있는 기회을 제공하는 것입니다. 여야의 당쟁으로 없어지는 법이 아닌, 국민의 의한 국민을 위한 법을 국민이 직접 발의를 해서 토론하고 논의하여 법을 만드는 것입니다. 물론 힘들겠지만 저 보다 뛰어나신 분들이 많이 있으므로 이 청원법을 잘 만들어 도입했으면 좋겠습니다.",정치개혁,2018,2018-01-26,1,Not answered,국민 청원법을 만들었으면 합니다.
petition_0324,"제못배운놈이라 두서없이 주저리 저저리 떠들어 보겠습니다. 우선 사전투표일에는 쉬지않고 빢시게 일했습니다. 아침에 일어나기도 피곤해 죽겠는데 어찌 투표를 하고 가란말입니까? 말도안되죠 문제의 투표당일에는 평일처럼 정상근무체제로 일하였습니다. 공고문적으론 시간을 준다고 말하지만 피고용인이 고용주에게 투표때문에 시간을 달라고 말하기란 좀처럼 힘든분위기입니다. 이러한 실정인데 투표를 독려하는것은 말이안됩니다. 민주시민으로써의 첫발이 투표인데 그투표를 제한하는 한국사회입니다. 민주시민적 기업분위기가 형성되있질 않죠. 이러한 투표제한적 기업사회분위기는 대한민국을 다시금 독재국가로써 전락시키는 초탄이 될 수 있다고도 생각합니다. 따라서 확실한 투표시간을 법적으로 제한하여 투표를 가능하게끔 하도록 투표특별법을 제정하였으면 합니다. @투표특별법@ *기업측에선 오전9시~오후6시 사이에 못해도 3시간의 투표가 가능한 시간을 확보하여야 한다. ex)오후출근, 조기퇴근,일일휴무 *3시간의 투표시간을 정상적으로 근무한것으로 처리한다. *투표 당일에 위와같은 조건을 충족시키기 어려운경우 사전투표일에 위와같은 조항을 적용시킨다. *기업이 이를 어길시에 기존의 있는둥 마는둥 하였던 투표시간 청구권 불이행시의 벌금보다 더욱 강력한 처벌로써 기업에 최소1억, 최대 3000억원의 벌금을 징수한다. *증거자료를 확보하여 신고한 신고자에겐 최소 1천만원 최대 10억원의 민주시민 의식향상에 앞장선 공로로써 보상금을 지급한다.",정치개혁,2018,2018-06-13,5,Not answered,투표가 가능한 대한민국을 만들어주세요
petition_0325,"자연법사상으로 부터 남는 것은 영원한 실질적 법원리의 체계가 아니라, 실정법이 위탁받는 과제이다. 실정법에 위탁된 이 과제야말로, 항상 새로운 조건들 밑에서 사회관계의 올바른 형성을 위한 투쟁이 정신적인 대결로 남도록 하고, 인간에 의한 인간의 억압이나 파괴로 끝나지 않도록 돌보는 일이다. (마지막 문단, 자연법과 실질적 정의, 한스벨첼) 대한민국 역대 대통령 가운데 온전한 대통령은 한 분도 없습니다. 실정법으로 얽어매면 반드시 걸립니다. 한스벨첼이 말했듯이 실정법이 인간에 의한 인간의 억압이나 파괴로 끝나지 않으려면 통치행위에 대해서 사법적 판단을 유보하는 것이 필요합니다. 이명박 대통령을 구속하면 일본이 웃습니다. 이명박대통령이 독도방문해서 손해 많이 보았고 우리나라는 수출없이는 버티지 못합니다. 독도방문이 쉬운 일이 아닙니다. 국제사법재판소에 당당히 제소못하는 이유가 무엇입니까? 일본의 경제력때문 아닙니까? 일본은 국제적으로 뇌물 잘씁니다. 그래도 뇌물죄 안걸리고 애국자 대접받습니다. 그러니까 우리가 국제사법재판소에 제소 안하는 것이 아닙니까? 실정법을 적용할 때는 파괴적인 결과가 나오지 않게 적용해야 합니다. 그게 실질적 정의고 자연법입니다. 파괴적 결과는 보수 전체의 괴멸이라든가, 국익의 손해라든가, 국민 경제에 가하는 타격입니다. 국민들은 ""유전무죄 무전유죄"" 라고 화를 내는 것이 틀리다는 이야기가 아니고 이세상에 우리나라만 있는게 아니라는 것입니다. 대통령만 하면 감옥에 가는데 어디 유능한 인재가 대통령하려고 하겠습니까? 서울대 출신이 대통령 없는 것이 그런이유아닙니까? 일본에서는 ""거봐, 저 한국은 존재해서는 안되는 나라였어. 왜냐고? 지들끼리 싸우고 한국 대통령은 다 끝이 안좋은 것을 보니 하늘도 버리신 게야. 우리 일본이 다시 힘을 키워서 독도도 먹고 저 미개하고 지들끼리 치고박고 싸우는 조선반도 옛 땅을 다시 찾아야하고 말고"" 라고 생각하지 않겠습니까? 일본은 지금도 정한론을 주장한 사이고다까모리를 좋아해서 대하드라마로도 지금 방영되고 있습니다. 이대로 우리끼리 싸우다 결국 일본만 좋은 꼴이 될 것입니다. 고로, 이명박 대통령 각하를 구속시켜서는 절대로 안됩니다.",정치개혁,2018,2018-02-19,0,Not answered,자연법과 실질적 정의
petition_0326,"주5일제가 시행된지 15년째 입니다 이제는 근로시간이 단축되는 마당에 아직도 주5일제를 시행하지 않는 회사들이 많이 있습니다. 개선이 되는 업종(호텔,공무원,대기업 등등) 은 계속 개선이되고 이슈가 되어서 인가요? 개선이 되지 않는 업종 (언론사, 장례, 웨딩홀, 일반음식점 택배사 등등) 은 이슈가 되지 않아서 개선이 없는건가요? 법안에서 모든 근로자는 공평해야 합니다. 시행된지 15년된 짝퉁 주5일제 이제는 모든 근로자가 혜택을 받아야 한다고 생각합니다.",정치개혁,2018,2018-03-14,1,Not answered,시행된지 15년된 주5일제 아직도 실행하지 않는 업장들 이제는 모든 근로자가 공평해야합니다.
petition_0327,국민연금은국민을위한연금이나 한국가의 모든국민이 맞고있는일이다르고 각자의자리에서 충실히 업무를하기에 국가는 기어의 이가맞듯돌아갑니다 허나 지금 공무원연금과 국민연금의 형평성과 맞대어 국민연금인상및 지급시기의 지연으로 국민의신뢰를잃은국민연금을더이상두고볼수도없고 앞으로다가올 미래에대한 확고한 지급보장도없는현시점에서 누굴위한 연금인가를되집어보게됬습니다 이것이야말로 국민의 고혈을짜내어 실리없는 정책이고 폐지되어야할정책입니다 국민연금폐지해야됩니다,정치개혁,2018,2018-08-18,11,Not answered,국민의 고혈을 짜는 국민연금정당성
petition_0328,"기존 정부의 정책을 비판한 이유는 국가가 개입을 너무 많이 하는 개발독재에 가까운 모습 때문이었습니다. 문재인 정부는 달라야하지 않겠나요. 국가주도의 개발독재 기반하는 이론에서 벗어나 국민들이 뜻을 펼 수 있는 기반을 만들어주세요. 지금까지의 대한민국은 국가가 간섭하는 것이 너무 심각합니다. 갖가지 차별 문제가 발생하는 근본적 원인은 국가가 나서서 무언가를 하겠다는 발상에 있습니다. 정치, 경제, 사회, 문화, 인권, 교육, 성평등 같은 모든 문제에 국가가 개입해와서 망가졌습니다. 진짜 적폐청산이 멀리 있는 것이 아닙니다. 모두가 공정한 제도만 제대로 만들고 국민 생활에 개입하지 않아줬으면 합니다!",정치개혁,2018,2018-01-19,4,Not answered,이제는 한국을 국가주도 시스템에서 벗어나게 해주세요!
petition_0329,"이재용 항소심 판사 정형식의 민심에 반하는 판결은 어디에서부터 잘못된 것일까요? 과연 헌법과 법률에 따라서만 판결했다면 가능했을까요? 많은 법조인들이 법률적 모순을 지적했고 분노한 민심은 일개 판사의 감사청원에 열렬한 지지를 보냈습니다. 그러나 청원에 답변한 청와대 비서관조차 헌법 조문을 인용해, 103조 ‘법관은 헌법과 법률에 의해 법관의 양심에 따라 독립하여 심판한다’에 따라 법관의 독립성을 거론하면서 파면이나 탄핵이 어렵다는 답변을 내놓았습니다. 그러나 우리 헌법이 기초로 삼은 독일 바이마르 헌법102조에는 ‘법관은 독립으로서 다만 법률에 따른다.’고 되어 있습니다. '양심에 따른 독립'이라는 핑계를 댈 수 없도록 명시 되어 있습니다. 그렇습니다. 법관의 판결과 그에 따른 독립은 양심이 아니라 명확히 법률에 근거해야만 합니다. 여기에 개인의 양심, 그것이 법관의 양심이라 하더라도 끼여들 여지는 없습니다. 법관의 양심이 국민의 양심보다 우월한 것일 수 없습니다. 무엇보다 사법부 독립이라는 허울 좋은 구실로 사법부 블래리스트를 방기하거나 묵인했던 숱한 법관들에게 양심을 기대한다는 것 자체가 코미디같은 상황입니다. 군부독재 시절 반시대적 판결을 하면서도 양심에 따른 판결에 숨었던 사법부의 과거를 기억해야 합니다. 그렇다면 왜 양심 조항은 우리 헌법에서만 유독 사라지지 않는 걸까요? 법률에 따라서만 판결한 법관에 대한 감시는 판례와 법리에 따라 너무나도 확연히 드러나지만, 개개인의 양심에 따른 판결이라는 기준이 끼여들 경우 누구도 섣부른 판단을 내릴 수 없기 때문입니다. 따라서 숱한 반시대적 판결을 양산하며, 부역했던 법관들의 구차한 변명꺼리를 근본적으로 제거해 헌법 103조를 ‘오직 법률에 의해서만’판결하도록 ‘양심에 따르는’이란 문구를 삭제한 개헌이 돼야 합니다. 최근 정부가 주도하는 개헌안에는 이런 국민의 법상식에 부합하는 근본적 개헌안이 부족합니다. 지금 국민헌법자문특별위원회가 마련한 사이트에 가보십시오. 국회의원에 대한 국민소환은 압도적 찬성비율을 보이지만, 왜 모든 공직자에 대한 국민소환은 언급조차 되지 않을까요? 지난 촛불 민심의 핵심이 국민주권이라면 직접 민주정치를 도입하는데 왜 이렇게 인색할까요? 국민발안이 있으니 국민소환까지야 필요하느냐는 의견도 나옵니다. 일상의 내 밥벌이를 계획하기도 쉽잖은데 정책제안이 쉬울까요? 지난 9년동안 은폐된 부정부패들이 봇물처럼 터져나오는데 국민소환 없는 개헌안은 저들만의 논의로 끝나버릴 것입니다. 아직 우리는 제대로 된 직접 민주정을 펼칠 능력이 멀었으니 천천히 시작해도 늦지 않을까요? 고대 그리스에서도 실현된 폴리스 민주정치의 핵심은 '모든 공직자에 대한 시민의 철저한 감시'를 토대로 합니다. 수 천년 전 그리스에서도 가능했던 것이 왜 오늘처럼 정보교환이 자유로운 시대에 불가능하다고 여길까요? 감사원과 사정기관이 있지 않느냐고 반문하는 이들도 있을 것입니다. 그러나 감사원은 삼권분립이라는 미명하에 입법부와 사법부의 비위에 대해서는 눈뜬 장님이나 마찬가집니다. '이제 국민이 직접 감시자가 되도록 보장해야 합니다.' 법관뿐만 아니라 이 나라 소위 위정자라는 사람들은 자신들의 행위에 의심을 품고 딴지를 거는 국민이 출현하는 것 자체를 두려워하고 있음이 분명합니다. 촛불에 참여했던 이들이 무엇을 원했는지 그 세세한 속마음을 확인할 길은 없습니다. 그러나 한 가지 사실만은 동의할 것입니다. 박근혜를 위시해 국민을 무시하고 기만했던 '그 어떤 공직자도 감시하고 소환해 탄핵할 수 있어야 한다'는 것입니다. 개헌안은 반드시 국민소환에 대한 문턱을 낮춰서 권력의 감시자로서의 국민주권을 명확히 담아내야 합니다. 헌법 103조의 ‘양심에 따른’의 삭제는 바로 법관에 대한 국민의 감시의 시작입니다.",정치개혁,2018,2018-03-06,144,Not answered,'양심에 따른' 법관을 거부하고 감시할 개헌안 마련을 촉구합니다.
petition_0330,금융 감독원의 직무유기및 공모등 검찰압수수색하라 얼마전 담배3갑을 훔친 고등학생이 검찰소환통지를 받고 자살한일이 있어 가슴이 아팠다. 검찰에게 국민의 이름으로명령한다 당장 삼성증권을 압수수색하고 관련자 전원을 구속수사해라 그리고 금융 감독원의 직무유기및 공모여부를 즉각 수사해라 난 100%위법이 있다고 확신한다. 2016년 10여개 증권사공매도 관련 불법을 적발하여 과태료처분을 했다고 금융감독원은 발표했다 그다음 뭐했냐...시정이 됐냐(직무유기)관련자와 불법사항을 소통안했냐(공범) 배당금지급 단순실수라고 웃기는 이야기를 하면서 재발방지 힘을 쓴다고하는데 전에는 단순실수 얼마나 종종했을까. 이후로 그런실수가 없을까 고의실수는 정말없냐 몇억의 실수는 괜찮을까. 각각 증권사 문고리 3인방은 금융감독원에 없을까 조사하여 정의가 살아있고 법을 어기면 담배 3개 훔쳐 검찰 소환 받는 법치국가이길 원한다,정치개혁,2018,2018-04-08,32,Not answered,금융 감독원의 직무유기및 공모등 검찰압수수색하라
petition_0331,1. 국가 정보원 과 법무부의 특수활동비 부당지급에 대하여 청원합니다. 2. 특수활동비의 지출방법 중 영수증을 받을 수 없는 지출서에는 반드시 다음의 명세를 기록보존하도록 한다. 가. 지출날짜와 시각. 금액. 수령자 성명 및 서명. 지출목적을 기재한 지출증빙서를 영수증 대신 첨부한다. 나. 본 지출증빙서는 10년간 보관하고 임의 폐기자는 징역 5년 이사에 처한다. 3. 지출내역은 법원의 압수수색영장 외에는 해당기관외의 사람에게는 공개하지 않도록 하고 임의공개자는 1년이상의 징역형에 처한다. 4. 특수활동비의 예산은 현재의 50%이하로 편성하고 부족시는 추경에서 확보토록 한다. (에산이 너무 과다 책정되어 부정의 온상이 되고 있음),정치개혁,2017,2017-11-26,0,Not answered,국가 및 정부 특수활동비 지출방법
petition_0332,"전자 개표기의 문제점이 해외에서 발생한 가운데, 이번에 진보 보수로 나뉘고, 좌우로 그리고 세대의 갈등이 심해진 가운데 정말 공정한 투표될 수 있도록 수기로 개표 하길 원합니다. 선관위도 철저하게 이념과 정당편향성을 갖지 않도록 하여 해 주셨으면 합니다. 지금까지의 모든 선거가 그리 좋지 않은 모습으로 흘러온 상황에서 깨끗하게 선거를 치르고 그에 대한 공정한 정의를 갖을 수 있도록 해주셨으면 합니다.",정치개혁,2018,2018-06-01,5,Not answered,지방선거 개표 수기로 해주세요.
petition_0333,"국회 및 지방의회에 대한 신뢰와 믿음이 바닥임은 그들마저도 압니다. 세금만 축내고 정쟁과 사익을 좇고 미래를 좀먹는 집단에 대해 너무도 과도한 특혜와 우리의 세금이 낭비되고 있다는 것이 대다수 국민들의 생각일 것입니다. 그 와중에 지방의회 의원 수를 늘리는 안이 추진되고 있습니다. 슬프게도 없애지는 못하지만, 오히려 늘리다니요? 지나는 초등학생이 웃음일입니다. 미친 국회라는 말이 안나올 수 없습니다. 의원 수 줄이고 혜택도 없애기 바랍니다.",정치개혁,2018,2018-03-01,14,Not answered,"지방의회 의원 축소, 국회의원과 지방의회 의원 수 줄이고 세비 등 혜택을 축소해 주세요."
petition_0334,"제주 예멘 난민 인도적체류는 국민을 기만하는 행위다! 가짜난민이 무사증 제도와 난민법을 이용해 대한민국의 법을 국민의 세금으로 서송하고, 국가 시민단체를 이용해 난민지위를 받으려고 이용하고 있습니다@ 시민단체들은 난민을 이용해 정치권력화 하고 있는 난민법을 폐지해야합니다! 더이상 난민법 소송비를 생계비를 국민 혈세로 충당하지 마세요! 국민 인권과 치안 경제에 신경써주세요! 난민법폐지!",정치개혁,2018,2018-09-16,27,Not answered,예멘난민 인도적 체류 후 난민지위 얻으려는 난민법 폐지해야합니다!!!
petition_0335,실제 층간소음 측정해도 법적기준치데시벨 넘는 경우가 거의 없답니다 심지어 찾아가서 항의하면 불법이랍니다 그래서 그런지 소음을 낸 당사자들이 오히려 더 떳떳하고 본인일 아니라서 그런지 신경조차 없습니다 또한 항의로 스트레스라면 더 반발합니다 피해보는 사람들은 어떻게 피해보상을 받나요? 이렇게 소음으로 힘들어하고 미칠지경인데도 아무것도 할수없고 당하고 있어야하는 것이 너무 억울합니다 층간소음에 대한 규제가 강화되어야 합니다 그래야 소음으로 인한 범죄부터 시작해서 피해보는 사람들이 살수있습니다 층간소음받는 피해자보다 소음내는 사람에게만 법적보호가 너무 강합니다 그래서 소음내는 사람들이 너무 막대하고 오히려 더 큰소리냅니다 어째서 소음피해자는 당하고 법적제제를 받아야 하나요 피해와 소음내는사람과의 법이 바뀌어 있습니다,정치개혁,2017,2017-10-25,6,Not answered,층간소음 피해자보다 소음내는 사람의 법적보호가 너무 많다
petition_0336,"요즘 인터넷 기사를보면 사실이 아닌걸 사실인양, 사실에 기자의 상상력을 더한 쓰레기기사가 난무하고있습니다. 이런 대한민국에서 어떻게 제대로된 정치가 이루어질수 있겠습니까. 요즘 인터넷 기사랍시고 올라온것들은 그게 진짠지,가짠지 한번더 검증을 하게돼고 심지어 미국,영국등 외국어론까지 찾아보고있습니다. 거짓뉴스가 너무 많습니다. 아무나 기자 못하게 엄격한제도를 만들던가, 한번이라도 거짓뉴스를 써서 여론을 망치는 기자들의 기자 자격을 없애버릴것을 청원합니다.",정치개혁,2018,2018-08-02,6,Not answered,"기자 자격제,조,중,동"
petition_0337,"국민의 성원이 어느 정권보다도 높은데~~왜 쓸데없는 짓을 하고 있는지 정말 안타깝다. 한번의 실수가 정권의 안정을 해친다는 것과, 정권까지 교체 될수 있다는 것을 명심하기를 ~~ 국민의 많은 사람들은 좌파를 빨갱이로 아직까지 이해하고 있어서~~~ 당신들이 정권을 언제까지 유지할지는 ~?? 지난 대선때 민주당 대선후보였던 머 후보의 노인비하 발언으로 야당으로 바뀐경험을 되돌아 볼수 잇어야한다. 민주당이 잘해서 정권을 창출한 것이 아님을 민주당은 알아야한다... 어부지리로 얻은 정권임을 알아야 할것이다. 절대~~~ 절대 교만하지 말고~ 매순간 자중하시라",정치개혁,2018,2018-04-16,2,Not answered,댓글조작
petition_0338,일본은 정치자금을 외국에서 받을 수 없는 것으로 알고 있습니다. 하지만 우리는 외국에서 특히 일본에서 정치자금을 받아 일본과 똑같은 목소리로 나라를 망치는 말을 하거나 끔찍하게도 일본의 군사행사에 참여하는 부끄러운 행동도 합니다. 영역을 넓혀 학술분야에서도 연구자금을 받아 올바른 한국사가 바뀌고 새로운 내용을 받아들이기 힘든 구조적 모순도 생기는 현실이 안타깝습니다. 외국에서 정치자금은 받을 수 없도록하고 외국에서 연구자금을 받은 사람은 중요직책에서 배제하는 것이 올바른 판단입니다. 특히 연구자금 받은 자를 배제하기 힘들다면 국가적 연구자금을 지원하는 제도를 마련하여 외국의 자금으로 올바른 내용이 바뀌는 것을 막아야합니다.,정치개혁,2018,2018-02-16,2,Not answered,외국에서 정치자금을 받을 수 없도록 법을 바꾸어야 합니다.
petition_0339,"보이스피싱 막을 시스템을 은행에 구축할 수 있는데 비용이 많이 드니 은행에서 이를 간과하고 있다고 합니다!! 문재인대통령님 이런 일이 작다도 간과하시나요? 전 재산 날리고 목숨 끊은 사람도 있는데 이것 별거 아니라고 묻고 가실 겁니까????. 일할 수 있는 조직이 있는데 그들은 뭘하고 있습니까. 자기네 당할 일 아니니 번외의 일이라고 상괸없도..직접적인 피해 없으니 간과하겠죠 이 나라가 늘 이렇습니다!!! 도대체 대통령은 뭐하나요?? 작은 일이 무너지면서 큰 것이 무너지는 겁니다. 대통령이 구속되는 나라니... 대통령이 범죄자이니 도대체 이 나라는 어떻게 되어가는 겁니까!!!!,",정치개혁,2018,2018-03-30,3,Not answered,해마다 대통령이 구속되는 나라!! 문재인대통령은 뭐하세요?????.
petition_0340,오늘자뉴스에 IMF이후 고용률최악이랍니다 문재인대통령님정책은 모두실패하엿습니다 청년취업정책실패 부동산정책실패 최저임금 자영업자들영세사업들 페업 세계1위 국민들은 이렇게 죽어가는데 이정도면 나라 재앙수준아닙니까? 이런데 나라의수장이란 대통령님이 북한못가서 안달이 나고 대기업오너들까지 평양을 가야겟습니까? 그시간에 국민들 소리좀듣고 국민들 위로해주고 실패한정책이잇음 사과하고 해야하는게 대통령님이해야할일아닌가요? 착각하지마십쇼 대통령님 문재인님이잘해서 국민들이 대통령뽑은거아닙니다 진짜 인물이없고 사람이없어 마지못해 뽑은거죠 그걸 아시면 일 똑바로 하셔야죠 임기내내 북한에 메달리는것만 보이실겁니까? 나라다운나라만든시다면서 작심3일이네요 나라다운나라가 아니라 북한다운북한을 만드시죠 똑바로 일하세요,정치개혁,2018,2018-09-13,14,Not answered,대한민국죽이고북한살리는문재인대통령선택
petition_0341,"세상은 돌고 돈다. 처한 형편과 상황에 따라 오늘의 적이 내일의 우군이 되고, 모레는 또다시 적군으로 나타날 수 있다. 흔히 내일을 알수 없는 인생사를 새옹지마(塞翁之馬:인생의 길흉화복은 앞을 예측하기 어렵다는 뜻)에 빗대기도 한다. 분명한 전제는 자연스러움이다. 인위적이면 부작용이 따르기 마련이다. 같은 사안도 시기가 어긋나면 걸림돌이 될 수 있다. KBS 내부가 술렁거리고 있다. 김제동이 시사교양국 PD들이 제작하는 심야 시사토크프로그램을 맡는다는 소식이 알려지면서다. 편성이 KBS1 '뉴스라인' 시간대여서 사실상 뉴스 진행자로 비치는 모양새다. KBS의 한 중견 PD는 ""(사장이 바뀐 뒤)김제동의 컴백은 어느정도 예상됐지만 결정과 방침이 윗선부터 흘러내리고 있다는 느낌을 지울 수 없어 구성원들간에 불만이 많다""고 귀띔했다. 현재 이 프로그램은 매주 월~목 밤 11시부터 30분씩 방송하는 것으로 추진되고 있다. 애초엔 매주 월요일부터 금요일까지 주중 닷새간 '9시뉴스'가 끝나는 10시부터 30분간 방송되는 쪽으로 추진하다 내부 불만 등을 고려해 11시대로 늦춰졌다. 특히 월요일 10시 방영 중인 '가요무대'는 향후 시청자들의 반발까지 살 수 있는 사실상 '붙박이 프로그램'이라는 점도 고려됐다는 후문이다.",정치개혁,2018,2018-08-08,6,Not answered,"김제동이 시사교양국, 인위적이면 부작용이 따르기 마련이다. KBS 내부가 술렁거리고 있다"
petition_0342,심재철위원의무단유출은 아무리봐도 국민의대표라도 지난정부에서 정보유출했고5 년 문재인에서도 정보유출시도 했다는것은 단순오류라고보기어렵다 정부보완이 오류있었다해도 이런식이면 기나 고동이나 유출해도 괞찬다는 건지청와대에업무추진비 사용내역 관련자료요청해야했다 절차상 이주잘못된다 정부부처 보완 허술하다 해도 보완지적을 해야한다 국민의눈노피 맏는지 알면서도 자료유출했다것은 고의성 짓다 정부나심재철잘못 조사해야 한다 국민이바보가아니다,정치개혁,2018,2018-10-04,7,Not answered,심제철위원무단정보유출
petition_0343,미세먼지 청년실업 경제파탄 이중 하나만 해결해도 넌 인정받는 대통령 일거야 그런데 헛짓거리 하러 밖으로 나다니는대 집 부터 챙겨라 능력도 안되면서 이것저것 일 벌리지 말고 통일은 트럼프에게 맞겨 언제부터 우리가 통일염원 했냐? 통일 하고 싶으면 혼자 올라 가시던가? 통일로 우리에게 얻어지는 이익이 뭔데? 자원? 물적 인적 인프라? 교통? 그냥 4차 산업이나 막지마 나참 당신은 그냥 조그만한 대한민국 대통령이야 왜? 삼성 현대 LG 대기업 때문에 국가 인지도 오르니까? 당신도 어깨에 힘들어 가지? 웃지기마 국내 기업중 국가 덕 본놈들은 전부 깜빵에 있어 국가가 국민에게 기업에게 뭘 해줬다고 생색이야 한숨밖에 안나온다 왜? 내가 틀린말 했어?,정치개혁,2018,2018-11-10,8,Not answered,개헌? 같은소리 하네 당장 앞일이나 잘해라
petition_0344,"청와대 담당자님! 제발 이 청와대 청원을 삭제하지 말아주세요. 벌써 세 번째입니다. 삭제하지 마세요! 계속 삭제하시면 정말로 청와대 앞에 가서 “국민청원 삭제하지 말라”고 1인 시위합니다! 제발 그냥 두세요! 뭐가 찔려서 계속 삭제합니까? 혹시... 아니겠죠? 삭제하지 마세요. 이 땅 대한민국의 존경하는 문재인 대통령님! 포르노 대통령 양진호! 포르노 황제 양진호 수사에 특검을 도입해 주시기 바랍니다. 양진호가 초호화 변호인단을 꾸렸다 합니다. 양진호는 우리나라 웹하드 카르텔의 핵심에 있는 인물로 그 뒤에는 양진호를 봐주는 경찰, 검찰, 정치인이 있다고 많은 국민들이 그렇게 믿고 있습니다. 이번에 특검을 도입하여 그 뒷배경까지 발본색원해야 합니다. 양진호는 수많은 포르노 영상과 수많은 불법 촬영 영상, 수많은 리벤지 포르노 영상을 유통시킴으로써 이 땅 대한민국의 셀 수 없이 많은 청소년들의 마음과 정신을 타락시켰고 수 많은 범죄(유사범죄)를 유발시켜 수 많은 선량한 시민들에게 막대한 피해를 주었습니다. 그가 소유한 위디스크와 파일노리에 올라왔었던 자료와 회원 수를 보면 제 말이 틀리지 않았음을 아실 겁니다. 특히, 불법 촬영물과 리벤지 포르노 영상을 헤비 업로더와의 긴밀한 연락 하에 올리고 피해자들이 울며 제발 지워달라고 하면 큰 돈을 받고 지워주고 다시 얼마있다가 헤비 업로더들을 종용하여 이를 인터넷에 다시 올렸다고 합니다.(양진호 인터넷 장례업체도 운영) 그 결과 수많은 이 땅의 여자들을 자살로 내몰았습니다. 여러분! 내 딸의 벌거벗은 모습과 영상이 웹하드에 있다고 생각해보세요. 양진호는 이런 사람입니다. 우리는 우리 딸들을 전쟁터로 종군 위안부로 끌고 가서 유린한 과거 일본정부와 그 앞잡이들은 욕합니다. 하지만 양진호가 이제껏 해온 일은 당시의 그 일본 정부보다도 훨씬 더 나쁜 짓 아닌가요? 불법 촬영물이나 리벤지 포르노에 등장하는 여성들이 좌절감과 두려움으로 자살하면 양진호는 (유작)이라는 이름으로 그 영상을 또 팔았습니다. 양진호는 이런 사람입니다. 특검을 도입하여수사해야 합니다. 그리고 이 참에 대한민국에 있는수많은 웹하드들을 철저히 모니터링하고(특히 금요일, 토요일, 일요일 밤과 새벽) 웹하드 카르텔을 수사하고 이를 분쇄해야 합니다. 멕시코의마약 카르텔과 그 악행이 버금가는 것이 이 땅의 웹하드 카르텔이라 생각합니다. 딸들을 낳아 안심하고 키울 수 있는나라가 좋은 나라입니다. 웹하드마다 넘쳐나는 리벤지 포르노와 불법 촬영물들. 어찌해야 할까요? 양진호는 어떻게 해야 할까요?",정치개혁,2018,2018-11-21,50,Not answered,양진호 특검 도입해주세요. 웹하드 카르텔 악행을 철저히 수사해 주세요. 제발 이 청원 삭제하지 마세요.
petition_0345,"적폐청산에 많은 기대를 걸고 응원하고 있습니다. 그런데 과거의 수많은 범죄에 대해 공소시효가 지났거나 지나가고 있어 안타깝고 불공정함을 느낍니다. 모든 범죄에 대한 공소시효 폐지하여 적폐청산 완수하고 부정축재 재산 다 몰수해야 합니다. 지은 죄에 대해 시간이 지난다고 처벌할 수 없다는 것은 피해자에게도 대한민국 공동체에도 불합리한 법입니다. 군자의 복수는 10년이 걸려도 늦지 않다고 하듯, 만인이 법 앞에 평등하고 죄 있는 곳에 처벌이 반드시 가하져야 합니다. 시간은 약자, 선량한 자, 공동체 이익의 편이어야 합니다. 죄지은 자가 법의 심판을 받지 않고 잘 먹고 잘 사는 것은 위헌적입니다. 졸필 읽어주셔서 감사드리고 정의로운 대한민국을 위해 동참해 주시길 부탁드립니다.",정치개혁,2017,2017-11-22,1,Not answered,공소시효 폐지
petition_0346,"12만명이 청원한 여성 군복무제 의무화에 대한 청원이 있었습니다. 그리고 돌아온 대답은 '재미있는 이슈네요'. 12만명이 동의한 것이 진지하게 받아들여지지 못하고 그저 재미있다 한 마디로 끝나야 할 것이었나요? 20만 명을 넘지 못하면, 199,999명이 찬성하여도 재미있다 한 마디인가요? 백악관은 10만 명이 기준이고, 영국 국회는 1만명이라고 합니다. 우리나라 5천만 인구 중 청와대 청원글에 관심이 있는 사람이 몇 명이나 될까요? 그 중에서 10만 명, 아니 5만 명이라 해도 충분히 많은 것입니다. 또한 이에 덧붙여, 정확한 해결 플랜과 '의논해보겠다'식의 답변을 지양해주시기 바랍니다. 이때까지 무엇을 하고, 결과를 국민에게 보여드리면서 이를 해결하는 방안을 더욱 자세하게 이야기해주세요. .... 제발 소통해 주세요.",정치개혁,2018,2018-05-03,5,Not answered,청와대 청원 답변 기준을 내려주시기 바랍니다.
petition_0347,"최근 청소년법문제로 사회적,여론적으로도 매우 문제가 많았던걸로 기억합니다. 하지만 최근 청소년들의 범죄행위가 과거와는 달리 매우 성인과 흡사하며 매우 질이 나쁘고 , 계획적이며, 청소년법은 약하다 라는걸 인지한 후 범죄를 저지르는 경우가 더 많다고합니다. 그리고 사법과 민법의 강화를 해야된다고 생각합니다. 대한민국 법은 필리핀법보다 약하다고 합니다. 불법,금융사기,강력범죄 등이 이렇게 활개치는 나라는 대한민국 밖에 없다고 생각됩니다. 이들은 법이 약한걸 이용해서 사회적 약자들을 이용하고,우롱한다고 생각합니다. 법 강화는 사회적안정은 물론, 민생까지 돌보는것이라 생각이 듭니다. 많은 국민들은 법의 강화를 생각하고 기대하고있습니다. 정정당당한 대한민국, 살기좋은 대한민국을 위해선 법강화는 필수,필연이라고 생각합니다.",정치개혁,2018,2018-10-06,18,Not answered,청소년법 폐지와 법 강화를 간곡히 요청드립니다.
petition_0348,불법 중국어선을 단속을 강화해주세요! -불법 어선으로 인해 어부들은 일자리를 잃고 기업들은 문을 닫고 국민들은 먹고싶어도 가격을 보며 꾹 참으고 있습니다. -요즘 오징어 먹기가 힘듭니다. 금값오징어라 하고 오징어 값이 4배나 오르지 않나 정부는 오징어 싹쓸이 하는 중국어선에 대처를 소홀히 대하고 있습니다! 제발 강력히 대응해주세요. - 중국이 우리나라 영해를 막 침해해 우리의 바다자원을 허락없이 가져가는 것은 절대 작은 일이 아닙니다. -저는 아직 중학생인데 우리나라가 무슨일에 대처하는 것을 보면 걱정이 앞서고 있습니다.,정치개혁,2017,2017-12-03,2,Not answered,불법 중국어선을 단속을 강화해주세요!
petition_0349,"6.13 총선에서의 표를 의식한 나머지, 국민의 민생은 신경을 전혀 안쓰고 있는 당이 있습니다. 그 당은 국민의 민생은 관심사가 아닙니다. 오로지 경쟁구도의 당에 흠이나, 가짜뉴스를 통해서 어떻게든 여론몰이해서, 표를 더 받아내려고 혈안이 되어 있습니다. 궁금한게 있습니다. 자칭 단식투쟁중이신분, 그분은 화장실 가실때 수행원들하고 같이 화장실 가시는지요??? 폭행동영상을 보면, 그 단식투쟁중이신분은 화장실에 가신다고 계단을 올라가시고 계십니다. 우연하게도 계단올라가는 모습을 동영상을 찍고 있습니다. 화장실갈때도 촬영을 하는군요 마치 짜여진 각본처럼 말이지요 턱을 한대맞고 기부스 합니다. 두 대 맞았으면 휠체어 타셧겟네요 6일째 단식을 한 사람치고는 너무 쌩쌩한거 아닙니까? 아무리봐도 어디서 숨어서 안보이는곳에서 뭔가 드시는거 아닌지 의문이네요... 외모야 일부러 초췌하게 보이려고 하면 꾸밀수 있겟지요 일단 배가 산으로 가서, 논점을 다시 말씀드리자면, 국민이 뽑아놨는데, 국민을 위한 일을 안하고 오로지 6.13에서 선거에서 승리하고자, 국민의 민생을 돌보지 않는 직무유기 국회를 해산해주세여 언론플레이하려고 애쓰는 저사람들을 더이상 보고 싶지 않습니다. 특검하자고 하면서, 언론 및 여론플레이하는 모습 더이상 보고 싶지 않습니다. 진실이든 거짓이든 저사람들에게 중요한건 6.13선거 입니다. 선거이후에 진실이 밝혀져도 선의의 피해자만 나올뿐 그 이후로, 모르쇠로 일관하겠지요 강원랜드 특검 가고, 홍준표검사 시절, BBK 특검 갑시다. 더불어서, 염동열의원 체포동의안 통과시켜주시고, 그 외에 연루된 의원들 전부 특검 및 추가로 체포동의안 통과시켜주세요 이게 나라입니까 국민의혈세를 호의호식하는 국회의원들, 그 밑에 보좌관들 전부 해산시킵시다. 국회해산 시켜주세요 광화문광장에 수백만 수천만이 촛불들고 나와야 해산되는건지요",정치개혁,2018,2018-05-09,108,Not answered,국회를 해산시켜주세요
petition_0350,"가상화폐 거래소 폐쇄에 관한 정확한 근거와 논리 제시도 없이 단순히 자신의 판단으로만 언론플레이를 하는 박상기 법무부장관의 해임을 청원합니다. 거래소 폐쇄에 관해 다른 부처와 이견이 없다고 언론에서 얘기한 박상기 법무부장관의 주장과 달리 기재부는 조건부허용을 근거로 세금을 어떻게 적용할지 TF를 꾸려 준비하고 있는 시점에서 법무부장관의 독단적인 행위로 인해 국정농단 사태이후 대한민국을 또 한 번의 대혼란을 일으켰습니다. 박상기 법무부장관의 언론플레이를 통해 거래소는 가격이 폭락하고, 국민들은 혼란에 빠지고 엄청난 손해도 입혔습니다. 정부 부처간 협의도 없이 이렇게 언론플레이를 하는 것이 과연 대한민국을 위하고 국민을 위한 일입니까? 이 사태에 대해 법무부장관의 공식적인 사과문 발표와 사퇴를 청원합니다. 대통령님께서도 이 사태에 대해 더 이상 지켜보고만 있는 것은 잘못되었다고 생각합니다.",정치개혁,2018,2018-01-11,6,Not answered,박상기 법무부장관의 해임을 청원합니다.
petition_0351,정말 어이가 없네요. 광복절날에 범죄자 가석방이라니요 아무리 너무 하는 것아닙니까 국가는 국민이 주인 아니가요 대한민국을 범죄자 집단을 만든것입니까? 국민의 동의 없이 대통령권한으로 가석방을 해줍니까 그 범죄자들이 또 범죄 안일으키는 보장이있습니다. 그 보장 책임질수 있나요 그사이에 범죄가 나서 사고나 사람이 죽으면 책임질수있나요 정말 무서워서 대한민국 국내에서 걸어다니질을 못하겠네요 혹시나 가석방 범죄자 중에 일이 일어나면 국민들이 가만히 있지을 않을것입니다. 아무리 사람이 인권이 중요해도 다른 국민 인권을 생각 하지 않을것가요 아무리 모범수라도 사람은 늘 똑같아요 사람은 안 바꿔요,정치개혁,2018,2018-08-16,23,Not answered,광복절에 왜 범죄자 가석방
petition_0352,민주주의 사회에서 삼권분립은 필요충분조건입니다. 요즘 사법권에 대한 과도한 비난과 비방이 난무하여 삼권분립에 대한 부정으로 민주주의가 도전을 받고 있습니다. 분명 사법권은 독립이 보장되고 판결이 존중되며 불복시는 상급심에 항고 상고하면 됩니다. 판결이 자기 기준에 못미친다고 담단판사를 비난하고 부정함은 사법권을 부정하고 삼권분립을 부정하는 나아가 민주주의 자체를 부정하는 아주 위험한 생각을 가진 사람들입니다. 판결한 판사를 파면하라거나 해임하라거나 이모든 주장은 법을 부정하고 무시하는 극히 위험한 행위들입니다. 응당 이들을 국기문란행위로 처벌해아 마땅합니다. 국기문란 행위로 처벌 바랍니다,정치개혁,2018,2018-02-07,5,Not answered,정원식판사 파면 청원한 사람을 처벌해주세요
petition_0353,"우리나라는 진보보수의 갈등이 심해도 끝없이 외국의 침략을 받아도 항상 국민들이 이나라를 지켰다 임진왜란 때 지도자가 나라를버려도 이순신과 승려가 군인이되어 싸웟고 일제치하에서도 지도자가 친일을 할지언정 국민들은 사지가잘려나가 움직이지못해도 태극기를품고 죽어갔다. 민주주의를 만들기위해 우리 아버지들과 어머니들이 총칼에 맞섰고 군사정권을 끝냈다. 지금도 부당한 정책을위해, 아이스하키팀을 위해 너에게 맞서 싸우는 이나라는 국민성이 결코 모자라지않다 문재인 대통령은 이나라 국민에게 너무 모자란 존재다 벅찬 자리에 앉아서 더이상 국민들을 괴롭히지마라 박근혜가 탄핵되어 무정부상태엿던 몇개월이 제일 행복했다. 우리 국민들을 품으려면 문재인은 너무 모자란 그릇이다 우리 국민을 더이상 갈라놓으려하지마라",정치개혁,2018,2018-01-18,13,Not answered,국민수준에비해 대통령 능력이 현저이 부족하다
petition_0354,노무현 대통령은 아무리 힘들어도 같이 살길을 생각하는 분이지 자살할 분이 아닙니다. 그당시 조사도 석연치않고 경호원도 의심스럽고 누군가(어떤세력) 나쁜 마음 먹고 시나리오를 짯다면 경호관의 약점부터 잡았겠죠. 그 들은 힘이 아주 센자들일테고 .......... 범인을 잡는 것은 아주큰 적폐청산 될겁니다. 제2의 노무현이 안나오길 바라는 마음입니다. 그들은 다시 칼을 갈겁니다.,정치개혁,2018,2018-01-30,7,Not answered,노무현대통령 살인범 찾아주세요. 그분은 아무리 힘들어도 자살할 분이 아닙니다.
petition_0355,"홍준표 대법원 판결 이후로 척당불기 액자가 발견되었습니다. 성완종 리스트에 이름을 올렸던 정계인사들은 아직까지도 활발하게 정치활동을 하고 있으며 그 중 단연은 홍준표입니다. 이게 나라냐 라고 되묻고 싶습니다. 일반 서민은 김영란법이네 뭐네 해가면서 5만원짜리 선물 하나만 해도 잡혀들어가는 세상인데 홍준표는 1억이나 잡숴놓고 뜨끈한 방에 앉아 배 두드리고 있을 걸 생각하니 이번 대법원 판결과 검사의 조사과정이 정말 제대로 이루어졌나 하는 의문이 끊이질 않습니다. 정치개혁. 적폐청산 정말 제대로 이루어져야 합니다. 우리는 친일파를 청산하지 못해 일제와의 악연을 제대로 청산하지 못했던 과거를 돌아봐야하며, 적폐를 양산했던 지난 9년간의 보수정권을 통해 수많은 사람들이 희생되었고, 아파했던 모습들을 기억해야만 합니다. 아베 알현하러가서 머리를 조아리던 홍준표가 척당불기 액자는 의원실에 두지 않고 당대표실에 두었다라고 법정에서의 반박했습니다. 그러나 이것이 거짓으로 드러난 이상 적폐 없는 그런 나라를 꿈꾸는 한 국민으로써 도저히 묵과할 수 없는 노릇입니다. 뇌물을 받고 아직도 저렇게 뇌물한국당의 수장으로써 큰소리 치며 MBC가 변했네 라는 이상한 소리나 하고있는 홍준표에게 그에 따른 적절한 조치가 취해져야 할 것을 강력히 촉구하는 바입니다.",정치개혁,2017,2017-12-27,319,Not answered,홍준표 성완종리스트 재수사 촉구
petition_0356,오늘 안젤리나졸리가 유엔난민특사로 법무부장관을 만나 우리나라에 난민을 받아들여서감사하다고 했다는 기사를봤습니다 우리나라 법무부는 어느나라 법무부인가요? 유엔법무부인가요 아니면 이슬람 법무부인가요? 종교도 문화도 다른 이슬람난민을 받아서 뭐 어쩔건데요? 그리고 우리나라 세금으로 그사람들한테 방주고 일자리주고 뭐하는 짖이예요? 한국서민도 일자리 없고 방없어서 노숙하는 분 쪽방촌 고시원에 사시는분 서민들 수두룩합니다 이런 한국서민은 나몰라 하면서 이슬람 난민을 받고 그사람들을 위해 세금 쓰고 뭐하십니까? 이슬람 난민 즉각 추방하세요!!,정치개혁,2018,2018-11-04,23,Not answered,불체자 이슬람난민반대 추방해라
petition_0357,"이명박 아들 이시형씨에 대한 마약혐의 관련 내용에 대한 재수사를 청원합니다. 이미 이시형씨는 검찰에 나와서 마약 반응 검사를 한바 있고 음성판정을 받은 바 있습니다. 그리고 이 자료를 근거로 추적60분등 시사프로그램과 박헌영,고영태씨등에 대한 소송을 진행한바 있습니다. 그러나 이 마약검사는 4년전, 나아가 그 이상전에 투약했다고 의심되는 이시형씨의 투약혐의의 무혐의를 밝히는데는 적합한 증거로 활용될 수 없습니다. 추적60분 방송의 연속된 방송에서 확인할 수 있듯이 이시형씨가 무혐의로 인정 받은 계기는 당시 수사라인의 수사기관이 조직적이고 고의적으로 수사를 하지 않았다는 의혹이며 봐주기 수사였다는 것입니다. 방송도 이를 집중적으로 의혹을 제기하였고, 이는 이시형 개인의 문제라기보다는 국가 권력기관의 기강해이와 고질적인 정치권력기관의 한계를 적나라하게 보여준 사건이기에 반드시 국민적 의혹을 해소하여야 하는 사항입니다. 나아가 이의 철저한 수사로 다시는 권력기관, 특히 수사기관이 정치검찰이라는 오명을 받고 권력의 하수인 역할을 한다는 오명을 벗을 기회로 삼아야 한다는 사실입니다. 이미 10년이 넘은 수사기관의 적페는 대통령만 바뀌고 완전히 일소되거나 정치검찰의 때를 벗지 못하고 있습니다. 당시 공범들은 전부 이시형씨의 마약사실은 진술하였다고 보도 되었지만, 모든 공범들은 마약투약혐의로 처벌받았지만 이시형씨는 진술에도 불구하고 수사조차 이루어지지 않았다는 사실입니다. 나아가 최근에 이루어진 마약검사는 이와는 전혀 상관없는 충분한 예고기간을 준 후에 이루어진 검사로 본 혐의를 밝히는데 전혀 합당하지 않는 마약검사로 보입니다. 정부는 이 사건을 권력기관의 고질적인 정치검찰행태로 직시하고, 반드시 명명백백히 당시 수사당사자들과 이시형 본인을 조사하여 국민들에게 바른 국가로의 새출발의 제대로된 모습을 확인시켜주길 청원합니다.",정치개혁,2018,2018-04-19,273,Not answered,이명박 아들 이시형 마약투약혐의 재수사 및 고의누락 검찰 수사 관련자 처벌 청원합니다.
petition_0358,"국민의 한 사람으로서 국민의 혈세인 세금의 낭비를 막기 위해 김종대 의원 사퇴를 청원합니다. 먼저, 김종대 의원의 불미스러운 행동에 대해 말씀드리겠습니다. 다들 아시다 시피, 김종대 의원은 북한 병사의 생명을 우여곡절 끝에 살리신 이국종 교수님을 상대로 SNS 상에서 인권침해, 의료법위반, 인격테러 등으로 저격 글을 올리시고, 한 개인에게 정치 질, 여론몰이를 하셨습니다. 또한 여론이 악화되자 이를 만회하고자 한 인터뷰에서 인간의 존엄성이 최우선되는 가치이기 때문에 자신의 주장에는 변함이 없다고 하시며, 온갖 변명을 늘어놓으시고는 이국종 교수님에 대한 사과 한마디조차 하지 않으셨습니다. 네. 인간의 존엄성 중요합니다. 그런데 인간의 존엄성의 바탕에는 생명의 존엄성이 있습니다. 이국종 교수님은 모든 가치들 중 가장 중요한 가치인 북한병사의 생명을 살리신 분입니다. 그렇게 가치의 경중을 따지시는 분이 왜 가장 중요한 것은 놓치시는 지요? 북한군을 살리지 못했다면, 당신이 그렇게 중요시하는 북한군의 인간의 존엄성이라는 가치도 존재하지 못했을 것입니다. 그리고 인간의 존엄성은 이국종 교수님한테도 해당되는 사항입니다. 이국종 교수님도 우리나라의 국민이고 인간입니다. 1년에 4번 집에 가고, 한쪽 눈은 실명에, 밤낮 잠도 못자고, 밥도 못 먹고 수술만 하는 이국종 교수님의 인권과 존엄성에대해서는 생각해 보셨는지요? 한 나라의 국회의원이라면, 정치적으로 말도 안 되는 말장난할 시간에, 이국종 교수님 같은 인물들의 존엄성을 지킬 수 있는 방안이 무엇이 있나, 그분들의 일자리와 환경 개선을 하기 위해선 어떤 제도가 필요한지에 대해서 강구해야 하는 거 아닙니까? 그게 국회의원의 본분 아닙니까? 적어도 이국종 교수님은 김종대 의원님보다 자신의 본분은 다하셨는데요. 이국종 교수님은 우리나라 유일하게 외과에서 총상수술을 할 수 있는 없어서는 안 될 인재이십니다. 국회의원이라면, 이러한 사회적 공공의 선을 위해서 일하는 인물들을 어떻게 하면 더 양성할 수 있을지, 그들이 사명감을 다해 일할 수 있도록 고민하는 것이 우선이라고 생각합니다. 국회의원의 일이 SNS에 말 같지도 않은 저격글 올리고 정치 질 하고 여론 몰이하는 것은 아니지 않습니까. 솔직히 사람들의 댓글을 보셨다면 그래도 자신의 행동에 창피함을 느끼셨을 것이라고 생각했는데, 인터뷰를 보니 사과는 전혀 없고 이국종 교수님과 만나 풀겠다, 오해다, 이러시는데, 이국종 교수님은 의원님처럼 SNS상에 정치 질 할 만큼 한가한 사람이 아닙니다. 1분 1초가 사람들 살리시는데 아까우신 분이며, 한 생명이라도 살리기 위해 헬기를 타고 고군분투 하시는 분입니다. 이국종 교수님이 열악한 환경에서 일하시는 것과, 많은 사람들이 이국종 교수님 같은 분이 없으셔서 돌아가시는 상황은 눈에 보이지 않으십니까? 그렇게 인권, 인간의 존엄성 중요시하시면서, 중증외상센터에서 힘들게 일하시는 분들의 인권은 안보이시고, 열악한 시스템 때문에 마땅한 병원이 없어 돌아가시는 분들의 생명의 존엄성은 안보이십니까? 기본적으로 국회의원은 국민들을 대표하는 사람입니다. 그리고 국가와 국민의 공공의 선을 위해서 일해야 합니다. 그러나 지금 김종대 의원의 행보는 생명을 다루는 이국종 교수님을 상대로 SNS상에 저격하는 글을 올리고, 여론몰이로 정신적으로 스트레스를 줌으로서 그 대상이 되는 환자에 악영향을 끼쳐 인간의 존엄성 보다 더 중요한 생명의 존엄성을 해치고 있습니다. 또한, 생명을 살렸음에도 불구하고 부정적인 여론을 형성하는 사례를 만듦으로써 중증외상센터의 발전, 더 나아가 국가의 발전에도 저하를 가져오고 있습니다. 김종대 의원 같은 사람들 때문에, 엄청난 사투 끝에 하나의 생명을 살려도 이렇게 정치적으로 여론몰이 맞으면서 욕을 먹는데 과연 누가 이국종 교수님과 같이 사명감을 가지고 일하고 싶어 할까요? 누가 과연 이런 열악한 환경에서 이국종 교수님과 같은 외과의사로서의 행보를 걷고 싶을까요? 김종대 의원은 국민의 생명과 중증외상센터의 개선과 인식을 위해 일하시는 분께 여론몰이, 정치 질 등을 함으로써 오히려 자신 스스로가 더 많은 인권침해, 인간의 존엄성 더 나아가 생명의 존엄성을 해치고 국가발전의 저하를 가져오고 있습니다. 심지어 막 생명을 살리신 의사 분께 최소한의 도리도 보이고 있지 않습니다. 우리는 우리의 삶의 질 개선, 사회의 공공선과 정의를 위해, 이국종 교수님같이 국민을 위해 사명감을 다하시는 분들을 위해 세금을 쓰고 싶습니다. 국민 대다수가 공감하지도 못하는 글을 올려 SNS상에서 정치질이나 하고 있고, 갈등 조장시키는 사람에게 국민들의 혈세가 낭비되어서는 안 된다고 생각합니다. 정의로운 일을 하시는 분이 자괴감을 느끼게 하는 그런 세상을 만들고 싶지 않습니다. 그런데 지금 김종대 의원이 그런 세상을 만들고 계시네요. 저희는 정의로운 사람들이 더 잘 살 수 있는 세상, 그런 사람들이 좋은 환경에서 일 할 수 있는 세상, 북한병사와 같이 많은 사람들이 크게 다쳐도 치료 할 수 있는 병원이 있는 세상, 그들의 인권과 생명의 존엄성이 존중받을 수 있는 세상을 원합니다. 큰 것을 보지 못하고 작은 것에서 정치적 장난질로 갈등과 분열을 조장하는 국회의원을 원하지 않습니다. 김종대 의원의 사퇴를 요구합니다.",정치개혁,2017,2017-11-23,1158,Not answered,김종대 의원 사퇴를 청원합니다.
petition_0359,"문대통령님. 이번 해병대 헬기 추락 사고로 인한 간부 및 병사의 안장식에는 참석 하셨나요? 물론 참석 안하셨겠죠. 인터넷으로 조문 형식의 글만 떡 하니 올리셨던데요. 바쁜 일정 때문이였나요? 국민과의 팬미팅 때문이였군요. 그것 때문에 참석 못하신 것이 정말 잘하신 일이라고 생각하시나요? 대통령은 국군 통수권자입니다. 나라를 위해 희생한 장병의 안장식을 어찌 팬미팅으로 인해 참석하지 않으셨을까요. 허나 그 팬미팅은 정의당 국회의원의 안타까운 죽음으로 취소하지 않으셨나요? 영부인님께서는 영화관람 때문에 참석하지 못하신걸로 압니다. 대체..어째... 그러십니까? 세월호유족들만 국민입니까? 나라를 위해 희생한 군인은 국민이 아니더랍니까? 정말 하소연하고 싶어서 글을 남깁니다. 우선 순위를 잘 생각해보세요. 하고싶은 일만, 보여주기 식으로 칭찬 받은 일만 하지마시고요. 부탁드립니다.",정치개혁,2018,2018-07-24,49,Not answered,대통령님 우선순위 개념을 배우세요.
