division_number,president,title,date,location,kind,speech_text
1329884,이명박,2008 함평 세계 나비·곤충 엑스포 개막식 축사,,국내,기념사,"2008 함평 세계 나비ㆍ곤충 엑스포의 개막을 진심으로 축하합니다.  나비와 곤충을 소재로 하는 엑스포는 세계에서 처음인 것으로 알고 있습니다. 창조적인 발상과 그것을 현실로 만들어 낸 여러분의 노력을 높이 평가합니다. 저는 함평 나비ㆍ곤충 엑스포가 새 정부가 추구하는 창의와 실용의 모범 사례라고 생각합니다. 청정한 자연을 관광과 경제에 접목시켰을 뿐만 아니라, 지역의 작은 나비축제를 세계적인 엑스포로 발전시켰습니다. 또한 곤충산업이라는 블루오션을 열어 새로운 부가가치를 창출하고 있습니다.  이번 행사가 지역경제 발전은 물론 함평이 세계적으로 아름다운 친환경도시로 발전하는 데 좋은 기회가 될 것으로 믿습니다. 정부도 특화된 지역 축제를 세계화하고 친환경 문화관광 산업의 경쟁력을 높이는 일에 할 수 있는 지원과 노력을 다하겠습니다. 행사 준비를 위해 적극적 협력을 아끼지 않은 함평 군민들의 노고에 높이 치하 드립니다.  이번 엑스포의 큰 성공과 여러분 모두의 행복을 기원합니다.  감사합니다."
1330036,이명박,제4차 라디오연설,,국내,기타,"국민 여러분, 안녕하십니까! 저는 지난주 미국과 남미를 순방하고 돌아왔습니다. 남미를 돌아보면서 많은 것을 느꼈습니다. 광대한 땅, 풍부한 자원, 또한 한류에 호응하는 사람들을 보면서 가슴이 뜨거워졌습니다. 가능성도 보았습니다. ‘이런 땅에 적극 나가지 않으면 우리가 어디로 가겠는가?’ 하는 생각을 하게 되었습니다. 제가 만난 브라질・페루・콜롬비아, 그리고 칠레의 대통령들은 모두가 경제 마인드로 가득한 분들이었고, 그래서 말이 쉽게 통했습니다. 그분들은 한결같이 한국의 적극적인 진출을 요청했습니다. 이번에 저를 만나기 위해 일부러 페루까지 오신 콜롬비아 대통령은 구체적인 협력을 위해 꼭 한번 방문해 달라고 요청했습니다. 우리에게 큰 시장이 될 이들 나라에 기업진출을 돕기 위해서 이번에 가지 못한 나라들은 반드시 가야겠다고 다짐했습니다. 많은 현장을 둘러보고 사람들을 만나는 가운데 우리의 젊은이들을 떠올렸습니다. 패기 있고 실력 있는 우리 청년들이 이런 곳에 거침없이 나가서 경험을 쌓고 견문도 넓히며 일할 수 있었으면 좋겠다고 느꼈습니다. 사실 우리 청년들을 생각할 때 마음이 무겁습니다. 청년 실업은 청년들만의 고통이 아닙니다. 우리가족의 고통이고, 또한 국민의 고통이기도 합니다. 나라의 큰 걱정거리입니다. 실력있는 우리 청년들이 일자리를 찾지 못해 어깨를 축 늘어뜨리고 있는 모습을 볼 때마다 제 마음 역시 안타깝기 짝이 없습니다. 사실 청년 실업이 높은 것은 비단 우리나라만 겪는 현상은 아닙니다. 우리나라 청년 실업률이 7% 정도인 데 비해 선진국들은 대부분 10%가 훨씬 넘습니다. 상황이 너무 어렵기 때문에 정부는 있는 힘을 다해서 나라 안팎에서 우리 젊은이들이 일자리를 찾는 것을 돕고자 합니다. 그러면서 저는 청년들에게도 주문하고 싶은 것이 있습니다. 지금은 생각을 새롭게 해 신발 끈을 조이고, 어디든 용기 있게 뛰어들어야 할 때라고 생각 합니다. 상황을 탓하면서 잔뜩 움츠린 채 편안하고 좋은 직장만 기다리는 것은 결코 해법이 될 수 없습니다. 극히 일부 젊은이들의 이야기겠습니다만, 임시직으로 일할망정 지방 중소기업에는 취업하려 하지 않는다는 이야기를 듣고 있습니다. 젊은이들이 앞으로 살아갈 긴 장래를 위해서도 결코 바람직하지 않습니다. 젊은이들의 강점이 무엇입니까? 도전해서 부딪치고 몇 번 실패하더라도 다시 또 도전하는 것 아니겠습니까? 도전해 보지 않는 사람보다 실패하더라도 도전하는 사람에게 더 큰 희망이 있다고 저는 확신하고 있습니다. 세상에 경험만큼 좋은 스승은 없습니다. 냉난방 잘되는 사무실에서 하는 경험만이 경험은 아닙니다. 현장에서 땀 흘려 일하면서 얻는 경험이 더 값진 경험이 될 수 있습니다. 저도 역시 그러했습니다. 나중에 대한민국 최대 기업이 됐지만 제가 입사할 때만 해도 그 회사는 직원이 불과 90명 남짓 되는 중소기업이었습니다. 당시 제가 처음 배치되어 갔던 곳은 밀림 속의 정말 고달픈 건설 현장이었습니다. 말로 표현할 수 없을 정도로 고생이 많았지만 그 고생을 저는 참고 견디면서 돈으로 살 수 없는 많은 것을 얻었습니다. 그 젊은 나이에 얻었던 경험이 이후에 난관을 겪을 때마다 두고두고 도움이 되었습니다. 지금 우리는 일생에 한 번 만날까 말까 한 세계적 어려움을 맞이하고 있습니다. 이럴 때 여러분이 1년이고 2년이고 새로운 경험을 쌓겠다는 각오로 국내든 해외에서든 부딪쳐 보고 도전하겠다는 투지가 우리 젊은이들 사이에 넘쳐 나기를 저는 소망합니다. 적극적으로 벽을 허물고 자신을 낮춰 기름때를 마다하지 않는 젊은이들도 많습니다. 희망은 야무진 각오로 도전하는 젊은이들에 게 있다고 저는 굳게 믿고 있습니다. 사랑하는 국민 여러분! 정부도 젊은이들이 일하고 배우고 도전할 기회를 조금이라도 더 만들기 위해 애를 쓰고 있습니다. 우선 가깝게는 정부가 운영하는 고용지원센터를 찾아 상담해 보는 것도 도움이 될 것입니다. 거기에서 개인별 취업계획도 세워 보고, 맞춤형 취업 서비스도 받아 보시길 권합니다. 정부는 청년 실업을 줄이기 위해 나라 안팎의 다양한 취업 프로그램을 개발하고 최대한 지원할 것입니다. 몇 가지 소개를 드려 보겠습니다. 당장 내년에 ‘청년인턴제’를 도입하여 중소기업과 공공기관에서 근무하면서 취업 준비를 할 수 있도록 지원할 것입니다. 또 미래 산업의 핵심인력을 양성하는 ‘미래 산업분야 청년리더 10만명 양성계획’을 조기시행하기 위해 내년에만 7,500억 원 의 특별예산을 편성했습니다. 형편이 어려운 젊은이들을 위한 대책도 마련했습니다. 학자금을 빌린 뒤 갚지 못해 신용불량자가 된 4천여 명을 위해 신용회복 프로그램을 도입하고, 저소득 청년층 1만 명에 대해서도 ‘뉴 스타트 프로젝트’를 가동해서 사회에 적응할 수 있도록 도울 계획입니다. 이 글로벌 시대에 우리 젊은이들은 해외에 더 적극적으로 눈을 돌려야 합니다. 전 세계를 누비고 있는 기업들의 입장에서 보면, 아프리카든 중동이든 중남미이든 현지 말을 할 줄 아는 인재가 있다면 아마도 서로 데려갈 것입니다. 이런 차원에서 해외 진출 기회도 많이 넓히도록 하겠습니다. 우선 ‘글로벌 청년리더 10만 명 양성계획’을 세워 놓고 있습니다. 내년부터 5년 동안 자원봉사 나 인턴, 취업 등의 목적으로 우리 젊은이 10만 명을 해외로 내보낼 계획입니다. 지난 한・미 정상회담에서 합의된 18개월 미국 연수 프로그램도 여러분을 돕게 될 것입니다. 현재 일본・캐나다・뉴질랜드・호주・프랑스와 연 3만 명 수준에서 운영 중 인 워킹홀리데이도 2012년까지 13개 나라에 6만 명 수준으로 늘릴 계획입니다. 지난 남미 순방을 통해 칠레와도 대학생 교류를 늘리기로 합의했는데, 앞으로도 정상회담을 할 때마다 우리 젊은이들이 더 많이 세계에 진출할 수 있도록 문을 넓혀 나가도록 하겠습니다. 사랑하는 국민 여러분, 또한 젊은이 여러분! 젊은이들의 일자리 문제 해결이 저의 가장 중요한 국정 가운데 하나라는 것 한시도 잊지 않고 있습니다. 최선을 다할 것입니다. 청년 여러분도 함께 노력해 주기를 기대합니다. 저는 할 수 있다는 의지, 하면된다는 생각이 중요하다고 봅니다. 뜻이 있는 곳에 길이 있다고 저는 확신하고 있습니다. 감사합니다."
1329916,이명박,제13회 바다의 날 기념식 출사,,국내,기념사,"존경하는 해양수산인 여러분, 제13회 바다의 날을 진심으로 축하합니다. 이번 기념식은 2012년 세계박람회 성공을 다짐하기 위해 여수에서 열리게 되었습니다. 매우 뜻깊게 생각하며 정부는 박람회의 성공을 위해 모든 노력을 다하고 있음을 말씀드립니다. 21세기는 해양의 시대입니다. 바다에 우리의 미래가 달렸습니다. 바다를 어떻게 활용하느냐에 따라 국운이 좌우됩니다. 우리는 육지의 4.5배에 이르는 바다가 있고, 동북아 물류 중심에 위치한 해양국가입니다. 이런 천혜의 조건을 잘 활용하여 모두가 노력한 결과 세계 10위권의 해양력 국가로 성장했습니다. 이렇게 되기까지 노고를 아끼지 않으신 해양수산인 모두에게 깊이 감사드립니다. 앞으로 바다를 둘러싼 도전은 계속될 것입니다. 세계 각국은 해양 영토, 해양자원 확보를 위해 치열하게 경쟁하고 있습니다. 정부는 이런 경쟁에서 승리하고 선진 해양 부국 건설을 위해 온 힘을 다할 것입니다. 영해와 EEZ의 해양 주권을 수호하여 우리의 바다를 확고하게 지킬 것입니다. 우리 바다에 해양기지를 더 많이 세우고 해양 조사도 확대 하겠습니다. 국제무대에서 해양 환경 보호에 협력하고 우리 바다와 관련된 국가 이익을 확보할 것입니다. 아울러 세계 여러 지역에서 해저자원, 에너지 개발에 나서고 마리나, 크루즈의 해양레저산업을 적극 지원할 것입니다. 또 심층수・해양 에너지・해양 바이오기술의 연구개발도 지속적으로 추진하고 갯벌 보호와 해양오염 방지를 위해서도 적극 노력하겠습니다. 선진 해양 부국 건설을 위해 모두 함께 힘을 모읍시다. 바다의 힘, 해양력을 기반으로 선진일류국가를 만들어 갑시다. 오늘 함께해 주신 해양수산인과 전남도민들께 감사드리며, 여러분 모두의 건승을 기원합니다. 감사합니다."
1329985,이명박,제43회 전국기능경기대회 개막식 축사,,국내,기념사,"사랑하는 기능인 여러분, 그리고 출전선수와 지도교사 여러분! 제43회 전국기능경기대회 개막을 온 국민과 함께 축하합니다. 어려운 여건 속에서도 기술 개발과 기능 연마에 노력해 온 여러분의 노고에 큰 박수를 보내고자 합니다. 기능인 여러분이 있었기에 대한민국의 산업화가 가능했고 세계 10위권의 경제 대국으로 성장할 수도 있었습니다. 기능인 여러분이야말로 대한민국 경제발전의 주역이라고 할 수가 있습니다. 우리 기능인의 기술은 국제기능올림픽대회에서 열다섯 번이나 우승할 만큼 탁월했습니다. 최고의 기능인을 보유하고 있다는 것은 대한민국의 큰 자랑이자 희망이요, 힘입니다. 우리가 염원하는 선진일류국가 실현의 원동력입니다. 기능인 여러분! 좋은 기술을 많이 가진 나라가 선진국이라고 할 수 있습니다. 우리나라처럼 자원이 부족한 나라에서는 우수한 기술 인력이 더더욱 중요하고 이것이 바로 자산입니다. 대한민국을 ‘기술 강국’으로 만들기 위해서는 어느 때보다 여러분의 열정과 노력이 필요합니다. 세계 최고가 되겠다는 투철한 장인정신으로 기능 연마 에 더욱 노력하여 주시기를 바랍니다. 정부는 창의적 기술과 기능을 보유한 사람들이 실질적으로 우대받는 사회가 되도록 하겠습니다. 마이스터고를 비롯한 직업교육기관을 육성해 뛰어난 기술 전문가를 집중 육성하겠습니다. 이들에게 는 진학과 취업의 기회도 보장하겠습니다. 기술 개발과 기술 인력 발굴에 앞장서는 사업장에 더 많은 혜택을 주도록 하겠습니다. 사랑하는 기능인 여러분! 어렵더라도 희망을 가집시다. 힘들더라도 자신감을 가집시다. 우수한 기술과 기능으로 경제 위기를 극복하고, 선진일류국가로 도약합시다. 대회를 준비한 관계자 여러분의 노고에 감사드립니다. 출전선수 모두의 행운과 건승을 기원해 마지않습니다. 감사합니다."
1329986,이명박,[러시아 방문] 동포 간담회 격려사,,해외,기념사,"반갑습니다, 여러분! 러시아의 재외 한국인 6천여 명이 와 계신 것으로 알고 있습니다. 지호천 한인회장님을 비롯한 6천여 명 한인 여러분에게 우선 반갑다는 말씀을 드립니다. 오늘 조 바실리 고려인연합회 회장께서 좋은 말씀을 해 주셨습니다. 그리고 이 자리에는 민족문화자치회장이신 텐 세르게이 교인 회장님께서도 와 계시고, 민주평통 모스크바협의회장으로 계시는 엄 넬리 여사께서도 이 자리에 함께하고 계십니다. 우리 고려인에 관해서는 특별히 말씀드리지 않더라도, 대한민국에서 고려인으로 사시게 된 역사적 경위는 이 자리에서 다시 논할 필요가 없습니다. 그 어려운 역경 속에서도 고려인들께서는 어느 곳에 사시든지 다 그 사시는 곳에서 정말 열심히 성실하게 사시면서 존경을 받는, 그런 위치에 서게 된 것을 우리는 잘 알고 있습니다. 대한민국도 일제로부터 독립해서 건국한 지 금년이 60년 되는 해입니다. 우리가 60여년전 일본으로부터 독립했을 당시에는 한국에는 정말 가진 것이 없었습니다. 농사를 지어도 우리 국민이 모두 먹고살 수 있는 형편이 되지 않았습니다. 그리고 지난 60년 동안 우리에게는 여러 가지 어려운 일이 있었습니다. 영과 욕이 다 있었지만 그래도 우리는 열심히 살았기 때문에, 당시 1인당 소득이 40달러도 되지 않던 나라가 지금은 2만 달러가 넘는 나라로 발전할 수 있었습니다. 우리는 독립이 되고 좀 살 만한 시점에 또 남북의 전쟁을 겪었습니다. 그나마 가진 것은 다 파괴되었습니다. 우리 전쟁에 참여했던 외국인 장군 한 분은 전쟁 후 파괴된 대한민국의 모습을 보면서 “100년이 지나도 회복되기가 힘들것이다” 이렇게 얘기를 한 바가 있습니다. 그러나 독립한 지 60여년, 또 전쟁으로 파괴된 지 50여년이 지난 지금 대한민국은, 세계로부터 동정을 받고 세계로부터 원조를 받아서 살던 나라가 지금은 세계 후진국들을 매년 도와주면서 사는 입장으로 발전하게 되었습니다. 그래서 금년 8월 15일, 독립된 날이기도 하고 건국한 지 60년이 되는 그날, 우리 국민은 지나간 60년의 역사가 매우 위대하고 또 기적의 역사이고, 대한민국 국민은 세계 어느 나라보다 우수한 국민이라는 것에 대해 우리 스스로 자긍심을 갖게 되었습니다. 저는 1980년대 후반 구소련 시대에, 국교가 없던 시절에 소련 땅을 처음 방문했습니다. 그때 물론 모스크바에도 왔었지만 동부 시베리아에 가스가 나고 석유가 나는 소련 방방곡곡을 당시 공산국가이던 구소련 시대에 제가 여러번 다녔습니다. 벌써 많은 세월이 흘렀기 때문에 그때 제가 뵈었던 고려인 중에는 돌아가신 분도 계십니다. 그 후 1990년도에 대한민국과 러시아는 국교를 수립하였습니다. 국교를 수립하고 불과 18년이 되었지만, 이미 금년도에 무역이 200억 달러 정도에도 달하는 경제 관계로 발전했습니다. 물론 제가 처음 왔을 때도 그랬지만, 짧은 18년 동안에 양국 관계가 이렇게 발전한 데는 사실 여기 계시는 고려인들의 역할이 매우 컸다는 것을 인정합니다. 국교가 없던, 체제가 다른 나라에 진출해서 짧은 기간에 이렇게 깊은 관계로 발전할 수 있었던 것은 우리의 이러한 특수한 사정, 고려인이라는 관계가 있었기 때문에 가능할 수 있었지 어느 나라도 이렇게 발전할 수가 없습니다. 내일 저희는 메드베데프 대통령, 푸틴 총리와 정상회담을 하게 됩니다. 그것은 양국 간의 관계를 한 단계 더 높이고 경제 관계를 더 한층 높이려는 계획을 하고 있습니다. 러시아는 세계 최고의 과학기술을 갖고 있고 또 세계 최고의 문화・예술 국가라고 생각하고 있기 때문에 우리 대한민국과 러시아는 많은 분야에서 서로 발전시켜 나갈 여지가 있다고 생각합니다. 앞으로 더 많은 한국 기업이 이곳에 올 것이고 더 많은 젊은이가 이곳을 찾아오게 될 것입니다. 고려인 여러분께서는 이러한 양국 간의 발전에 과거에도 큰 기여를 했지만 앞으로 더 큰 기여를 해 주시기 바랍니다. 대한민국이 수많은 외침(外侵)에도 불구하고 우리를 지킬 수 있었던 것은 우리의 언어가 있었고 고유의 문화가 있었기 때문입니다. 그렇기 때문에 이 자리에 계신 고려인 여러분께서는 러시아에 사시면서 대한민국의 고유문화를 지켜나가신다면 러시아로부터 존경받는 민족이 될 것입니다. 오늘 고려인 여러분을 더 많은 시간 만나지 못하고 또 더 많은 분을 만나지 못해 매우 섭섭합니다만, 앞으로 양국의 관계가 발전하게 되면 여러분과 우리 대한민국이 서로 접할 기회가 많으리라 생각하면서 위로의 말씀을 전합니다."
1330053,이명박,당원들께 보내는 연말 편지,,국내,기념사,"사랑하는 당원 동지 여러분! 어느새 한 해를 마무리하는 세밑이 되었습니다. 지난 추석에 편지로 인사 드렸습니다만, 그동안 별고 없으신지요? 건국 60년인 올해 국민의 압도적인 지지로 역사적인 정권 교체를 이루었고 새 시대를 열었습니다. 그동안 국정을 바로 세우고 녹색성장의 비전을 수립 했으며, 국민화합과 나라의 선진화를 위해 매진해 왔습니다. 특히 “경제를 살려 달라”는 국민의 여망을 받들어 최선을 다해 왔습니다. 그러나 지금 세계적인 경제위기로 우리도 어쩔 수 없이 힘든 시기를 맞게 되어 대통령으로서 정말 미안하고 죄송스런 마음입니다. 정부는 비상 상황임을 감안하여 경기를 살리기 위해 재정 지출을 확대하고 세금을 깎아 주는 등 최선의 노력을 다하고 있습니다. 그리고 경제가 나쁘면 가장 큰 어려움을 겪는 서민들의 생활안정과 복지에도 더욱 신경을 쓰고 있습니다. 최근 저는 가락동 농수산물시장에 다녀왔는데 거기에서 큰 충격을 받았습니다. 무시래기를 팔아 하루 2만~3만 원 버는 할머니가 저의 손을 잡고 눈물을 흘렸는데, 당신의 어려움 때문이 아니라 오히려 저와 나라를 걱정해 주셨기 때문입니다. 제가 국민 걱정해야 하는데, 오히려 저를 걱정하시다니 참으로 몸 둘 바를 몰랐습니다. 당원 여러분! 저는 ‘가락동시장 할머니’와 같은 분들의 눈물을 닦아 주기위해 정말 사심 없이 열심히 일하겠습니다. 2009년 한 해가 모든 것을 결정한다는 심정으로 초심으로 돌아가 열심히 뛸 것입니다. 당면한 위기 극복은 물론이고 미래를 준비하기 위한 여러 국정과제와 공약들을 힘차게 밀고 나갈 것입니다. 지금의 경제 위기는 그리 오래가지 않을 것이고, 우리는 남들보다 더 빨리 극복할 수 있을 것입니다. 당원 여러분께서 정부의 성공을 위해 다시 한번 힘을 모아 주십시오. 우리 국민이 정부와 한나라당을 믿고 용기를 내고 희망을 가질 수 있도록 주변과 이웃들을 앞장서 다독여 주시고 격려해 주십시오. 경제위기를 잘 극복하고 국민성공 시대, 선진일류국가를 만들어 보답하겠습니다. 자주 편지를 올리겠습니다. 어려운 이웃들과 사랑을 나누는 연말연시가 되기를 바라며, 새해에도 건강하시고 소원하는 일 모두 성취하시길 기원합니다. 감사합니다."
1329981,이명박,2008 제4회 부산 세계사회체육대회 축사,,국내,기념사,"존경하는 국내외 체육인 여러분, 부산시민 여러분! 세계 전통 스포츠 축제인 ‘2008 부산 세계사회체육대회’ 개막을 진심으로 축하합니다. IOC 위원 여러분과 전통 스포츠를 아끼고 사랑하는 내외 귀빈 여러분, 반갑습니다. 아시안게임과 월드컵이 열린 아름다운 스포츠의 도시 부산에 오신 것을 환영합니다. 저는 FINA의 집행위원으로 오랫동안 일했기 때문에 여러분에게 개인적으로 더욱 친밀감을 느낍니다. 잠깐 틈을 내서라도 만나고 싶은 마음인데, 이렇게 영상으로 인사드리게 되었습니다. 대한민국은 88올림픽과 2002월드컵을 성공적으로 개최하면서 세계 스포츠 발전과 함께해 왔습니다. 이러한 경험과 저력을 바탕으로 이번 부산세계사회체육대회도 성공적으로 치러지리라고 기대합니다. 이번 부산 대회가 지역과 지역을 잇고, 세대와 세대를 연결하면서 세계 평화를 염원하는 ‘희망의 축제’가 되기를 바랍니다. 나아가 모든 스포츠가 우리의 일상생활에 보다 가까이 정착되는 계기가 되기를 기대합니다. 부산시민의 열정과 노력으로 세계적인 체육행사를 마련한 데 대해 다시 한 번 경의를 표합니다. 부산시민과 세계 각국에서 오신 선수들과 귀빈 여러분의 행운과 건승을 기원합니다. 감사합니다."
1310136,이명박,제35회 상공의 날 축사,2008.03.19,국내,기념사,"존경하는 국민 여러분!

손경식 회장을 비롯한 상공인 여러분!

상공의 날을 진심으로 축하합니다. 

오늘은 바로 여러분의 날입니다. 여러분이 있었기에 오늘의 대한민국이 있습니다. 세계와 당당히 경쟁하는 우리 기업을 일구어낸 것도, 끼니를 걱정했던 가난한 나라가 세계 10위권의 경제대국으로 우뚝 선 것도 여러분의 열정과 노력 덕분입니다.

지금의 대한민국 경제를 이루어 내신 상공인과 근로자 여러분께 진심으로 감사드립니다. 지구촌 곳곳에서 활약하고 계신 동포 상공인 여러분, 우리 경제발전에 큰 힘이 되고 계신 주한 외국 상공인 여러분께도 깊은 감사와 존경의 말씀을 드립니다.

상공인 여러분!

오늘 이 자리는 단순히 기념하고 포상하기 위한 자리가 아닙니다. 경제를 살리기 위해 우리 모두의 다짐을 새롭게 하기 위한 자리입니다. 

지난 10년간 세계 경제는 유례없는 호황이었습니다. 그러나 우리는 어떠했습니까, 최근 5년간 우리의 성장률은 세계 평균 4.9%에도 못 미치는 4.4%로 주저앉았습니다. 아시아에서 늘 앞서가던 우리나라가 뒤처져 따라가기에도 힘겨울 정도가 되었습니다. 제대로 대처하지 못했기 때문입니다. 당장의 수출호황만 믿고 다가올 위기에 대비하지 못했습니다. 결국, 기업의 국내 투자는 위축되고, 생산성과 성장잠재력은 크게 떨어졌습니다. 

여기에 세계의 경제 환경이 급변하고 있습니다. 유가는 100달러를 넘어섰고, 국제금융시장의 불안도 갈수록 커지고 있습니다. 곡물을 비롯한 원자재 가격도 급등하고 있습니다. 그야말로 어려움의 시작이라고 하겠습니다. 

우리가 어려울수록 대처하는 방식도 달라야 합니다. 과거와 같은 안일한 태도로는 살아남을 수 없습니다. 문제는 우리가 어떻게 하느냐에 달려있습니다. 지금의 어려움은 우리만이 아니라 세계 모든 나라들이 겪는 일입니다. 그러나 그 결과는 나라마다 다를 것입니다.

다행히 우리는 위기극복의 수많은 경험을 갖고 있습니다. 오일쇼크도 외환위기도 국민의 하나 된 힘으로 이겨냈습니다. 할 수 있다는 자신감과 변화를 두려워하지 않는 용기 그리고 모두가 한마음으로 뭉치는 것입니다. 이 위기를 딛고 일어서기만 하면 진정한 선진국이 될 수 있습니다. 임시방편으로 대충해서 될 일은 결코 아닙니다. 근본을 바꾸어야 합니다. 우리 모두가 비상한 각오로 나선다면 반드시 우리 경제는 다시 한 번 도약할 수 있습니다.

이 자리에 참석하신 여러분! 

저는 새 정부에 대한 국민의 바람을 잘 알고 있습니다. 우리 국민은 새 정부가 어려움을 극복하고 경제를 되살려 낼 것으로 믿고 있습니다. 일자리를 늘리고 서민들에게 희망을 줄 것으로 기대하고 있습니다. 이러한 기대에 부응하기 위해 정부부터 달라지겠습니다. 창조적 실용주의에 따라 새로운 도약을 준비할 것입니다. 

그러나 경제 살리기의 주역은 정부가 아니라 기업입니다. 또한 기업이 되어야 합니다. 세계시장을 누비는 바로 여러분입니다. 정부는 여러분이 기업하는 데 장애가 되는 걸림돌을 치워주고 부족한 부분을 보태주는 것입니다. 정부가 할 일은 확실하게 하겠습니다. 기업을 위해 봉사하는 최고의 도우미가 되겠습니다. 경제성장과 일자리창출의 주역인 기업이 국민으로부터 사랑 받고 국민으로부터 박수 받는 사회를 만들겠습니다. 그래야 젊은이들이 창업에 도전하고, 기업도 어려울 때에도 희망을 품고 과감하게 투자할 수 있을 것입니다. 

타성에 젖어 관행대로 해오던 일은 분명하게 고치겠습니다. 현재 25%인 법인세를 올해부터 바로 3% 포인트 내리고, 2012년까지 20%로 낮출 것입니다. 각종 투자에 대한 세액공제도 더욱 확대하겠습니다. 불필요한 규제는 주저 없이 풀 것입니다. 공장 하나 짓는 데 3~4년씩 걸려서는 도저히 국제경쟁력을 갖출 수 없습니다. 앞으로는 6개월 내에 공장을 지을 수 있도록 하겠습니다. 출자총액제한제도를 폐지하고 법과 제도도 글로벌스탠더드에 맞게 대폭 고치겠습니다.

기업인 여러분! 

중소기업이 살아야 일자리가 늘고 서민 경제가 살아납니다. 그야말로 국가경제의 뿌리입니다. 정부는 중소기업 정책을 세분화, 다양화해서 각 기업의 실정에 맞는 맞춤형 지원정책을 펴나갈 것입니다. 새 정부는 항상 귀를 열고 중소기업인 여러분의 목소리를 듣겠습니다. 기업의 기를 살리고 신바람 나게 일할 수 있도록 적극 뒷받침할 것을 약속드립니다. 

상공인 여러분! 

기업도 적극적으로 공격적 경영을 해야 합니다. 그래서 투자하는 데 주저하지 말아야 합니다. 세금감면과 규제완화 모두가 투자하기 좋은 여건을 만들기 위한 노력입니다. 글로벌 경제에서 살아남는 방법은 끊임없는 연구개발과 과감한 투자밖에 없습니다. 창의와 효율, 변화를 통해 세계 일류가 되어야 합니다.
최근 노동계에서 파업을 하지 않고 임금인상을 자제하겠다는 선언이 이어지고 있습니다. 이러한 노동계의 결단에 대해 상공인 여러분은 오늘 일자리 창출과 근로자 복지로 화답해 주셨습니다. 기업윤리와 사회적 책임도 강화하겠다는 약속을 오늘 기자회견을 통해 하셨습니다.
 
위기 극복은 바로 노사화합에서 시작됩니다. 노사가 화합할 때만이 생산성 향상도 가능합니다. 불가항력적인 원자재 가격 상승을 이겨내는 유일한 방법도 생산성을 높이는 길 밖에 없습니다. 정부도 이를 위해 노사 간 대화를 통한 해결을 최대한 지원하면서 법과 원칙을 공정하고 엄정하게 세워 나가겠습니다. 또 성장의 과실이 모든 경제주체들에게 골고루 돌아갈 수 있도록 하는 정책을 펴 나가겠습니다. 기업과 근로자, 정부가 한 마음, 한 뜻이 되어 매진한다면 우리는 반드시 이 어려움을 극복할 수 있다고 확신합니다. 

존경하는 국민 여러분!

우리는 '한강의 기적'을 만들었고 세계는 우리의 놀라운 성취에 감탄했습니다. 이제 '21세기 한강의 기적'을 다시 만들어내야 합니다. 오늘 노사화합의 감동을 사회 모든 분야로 확산시켜 나갑시다. 작은 이익을 놓고 다투기 보다는 더 큰 성공을 위해 힘을 모아 나아갑시다. 창의와 실용으로 무장하여 모든 일에 가치와 혼을 담아야 합니다. 눈앞의 전봇대를 뽑는 것도 시급하지만, 우리 의식 속에 박힌 전봇대를 뽑는 것이 더 중요합니다.

정부부터 변화하겠습니다. 대통령부터 앞장서서 변화할 것입니다. 여러분의 입장에서 생각하고 여러분의 손을 잡고 함께 뛰도록 하겠습니다. 위기에 대한 두려움이 아니라 위기극복에 대한 희망을 가져야합니다. 저와 함께 성공하는 기업, 성공하는 국민, 성공하는 대한민국을 함께 만들어 나갑시다.
 
감사합니다."
1310167,이명박,SBS 서울디지털포럼 개막식 축사,2008.05.06,국내,기념사,"여러분 안녕하십니까! 반갑습니다.

서울시장 시절부터 참여해온 서울디지털포럼이 어느 덧 다섯 번째를 맞게 되었습니다. 축하드립니다. 그 사이 저도 약간의 변화가 있었습니다. 

세계적 미디어그룹 바이어콤의 섬너 레드스톤 회장님을 비롯해서 각 분야에서 세계 최고의 자리에 계신 참가자 여러분 모두 진심으로 환영합니다. 포럼을 주최한 SBS측에도 따뜻한 격려를 드립니다.

이번 포럼의 주제가 ‘상상력’이라고 들었습니다. 이 또한 반갑습니다. 상상력은 꿈을 실현시키는 힘입니다. 사람이 하늘을 나는 것은 과거에는 그저 꿈이었습니다. 하지만 지금은 하늘을 날 뿐만 아니라 저 대기권 너머 우주까지 가는 세상이 되었습니다. 우리가 우주 만물을 창조할 수는 없지만, 인간의 상상을 과학기술의 발전을 통해 현실로 만드는 시대에 살고 있는 것입니다.

저는 이 상상력이야말로 선진 한국을 이끌 원동력이며, 21세기에는 상상력이 풍부한 나라가 승자가 될 것이라 믿습니다. 새 정부의 핵심 행동 규범을 “창조적 실용주의”로 잡은 것 역시 그러한 이유에서입니다.

올해로 건국 60주년을 맞이하는 대한민국의 현대사 자체가 어쩌면 상상을 초월한 것이라 할 수 있습니다. 정부는 수립되었지만 전쟁과 가난으로 더 이상 추락할 수조차 없었던 한국이 반세기 남짓한 짧은 시간동안 산업화와 민주화 양면에서 오늘날과 같은 발전을 이룰 것을 그 누가 상상했겠습니까. 지금 우리는 경제 살리기는 물론이고 대한민국을 선진국으로 이끌어야 하는 큰 과제를 안고 있습니다.

그러나 세계 경제 환경은 매우 어렵습니다. 이에 따라 국내경제도 물가가 오르고 경기가 둔화되는 등 어려움 속에 있습니다. 무엇보다 경제가 어려울수록 서민들의 고통이 커지기 때문에 더욱 가슴이 아픕니다. 하지만 이럴 때일수록 뛰어난 발상과 도전적 자세가 필요합니다. 새로운 상상력이 요구된다고 하겠습니다.

오늘 이 자리에는 IT (정보 통신) 분야 전문가들이 많이 오신 것으로 압니다. 자동차와 IT의 융합을 예로 들겠습니다. 자동차는 첨단 전자장비, 소프트웨어와 결합하면서 새로운 부가가치를 창출하고 있습니다. 2010년이면 이 같은 차량 IT 시장의 규모는 무려 40조에 달할 것이라는 전망입니다. 그렇게 되면 자동차는 더 이상 기계산업이 아니라 전자산업으로 분류될 수도 있을 것이라고 말하는 전문가들도 있습니다. 

우리는 세계적인 IT회사와 손잡고 ‘차량 IT혁신 센터’를 설치하고, 전문 중소기업들을 키워 2010년까지 세계 차량 IT시장의 10%인 4조원 이상을 점유토록 할 계획입니다. 이른바 ‘뉴IT전략’의 일환이라고 할 수 있습니다. 

인터넷은 이제 방송에도 큰 변화를 몰고 올 것입니다. 인터넷을 통해 TV를 보는 이른바 IPTV 시대의 개막입니다. IPTV가 본격화되면 향후 5년간 10조원의 생산유발효과와 5만 명 이상의 고용유발효과를 낼 것입니다. 새롭게 출범한 방송통신위원회는 한국을 세계방통융합의 최전선으로 이끌어 IT 강국의 명예를 이어가도록 할 것입니다.  

‘21세기의 문학’이라 불리는 게임에도 새로운 바람이 불도록 할 것입니다. 게임인구가 2천만 명에 육박하는 한국은 세계 게임의 실험장으로 불리고 있습니다. 이를 바탕으로 글로벌 게임허브센터를 마련하는 등 한국을 세계 게임의 창의적이고도 실질적인 중심지로 도약하도록 하겠습니다. 

기후변화와 같은 환경문제에도 상상력이 요구됩니다. 조금 전 NASA 출신의 박철 교수께서 지구를 선회하는 거대한 풍선을 띄워서 태양을 가리는 방식으로 지구 온도를 낮추자는 아주 창의적인 제안을 하셨는데 그만큼 기후변화에 대한 대응은 일반적인 생각으로는 어렵다는 뜻이기도 할 겁니다. 우리 정부 역시 기후변화에 능동적이고 창의적으로 대응하여 환경문제를 개선하는 동시에 이를 새로운 성장동력으로 만들고자 합니다.

오일쇼크라는 위기가 닥쳤을 때 우리 기업은 역으로 세계 최대의 산유국들이 있는 중동으로 달려가 오일 달러를 벌어왔습니다. 마찬가지로 이를 새로운 기회로 바라볼 필요가 있습니다. 전문기관에 따르면 태양광, 풍력 등 청정에너지 시장규모는 2020년이면 500조원에 달할 것이라고 합니다. 

우리가 IT분야에서 그랬듯 새로운 에너지 시장의 선두주자가 되지 말란 법도 없습니다. 청정기술의 선진국이 되면 경제뿐 아니라 환경도 선진국이 되는 일석이조의 효과를 거둘 수 있습니다. 우리 정부가 기후변화대응을 중차대한 전략적 의제로 삼고 있는 이유가 바로 거기에 있습니다. 

상상력의 시대에 제가 무엇보다 강조하고 싶은 것은 교육입니다. 부존자원이 없는 대한민국은 사람이 곧 자원입니다. 교육을 통한 창의적인 인재양성이야 말로 국가경쟁력을 높이는 길입니다. 이를 위해선 다양한 학교, 다양한 교육과정, 다양한 기회를 제공하는 미래형 교육체제를 만들어가야 할 것입니다. 
 
특히 21세기 꿈의 사회, 이른바 드림 소사이어티의 도래에 발맞춰 문화, 예술, 과학영재를 배출하는 창의적인 인재양성시스템 구축에 중점을 두고자 합니다. 그러기 위해서는 대한민국이 창의적인 국가로 거듭나야 합니다. 제가 혼신을 다해 규제혁파와 공공부문 혁신에 역점을 두는 까닭이 여기에 있습니다.

여러분, 선진화는 하루아침에 이뤄지지 않습니다. 많은 고통과 인내가 요구됩니다. 변화와 개혁은 일시적으로는 불편하고 어려움이 있지만 우리는 이를 극복해야 합니다. 그래야 빠르게 변화하는 시대에 세계와의 경쟁에서 이길 수 있습니다. 

모든 것이 단 시간에 이루어질 수는 없겠지만, 힘들다고 해서 결코 정도를 포기하지는 않겠습니다. 쉬운 길로 타협하는 것이야말로 수많은 국가들이 선진국의 문턱에서 주저앉은 전철을 되풀이하는 것이기 때문입니다.

조금 전 상상력을 주제로 한 유익한 강연이 있었습니다. 많은 분들이 저를 CEO형 대통령이라고 합니다만, 저는 여기에 CIO 즉, Chief Imagination Officer라는 이름을 추가하고 싶습니다. 국민 여러분과 함께 난관을 뚫고 선진한국의 미래를 열어가는 창조적인 리더가 되기를 원합니다. 우리의 상상력은 인류 공동의 번영과 조화로운 삶을 위해 발휘될 때 가장 아름답게 빛날 것이기 때문입니다.

감사합니다."
1310172,이명박,스승의 날을 맞아 선생님께 드리는 편지,2008.05.15,국내,기념사,"선생님, 안녕하십니까, 스승의 날을 진심으로 축하드립니다. 전국의 교육현장에서 사랑과 정성으로 학생들을 가르치고 계신 모든 선생님들께 깊은 존경과 감사의 말씀을 드립니다.

인생을 살면서 많은 사람을 만나 배우게 되지만, 그 중에서도 학교 선생님의 가르침이 가장 큰 것 같습니다. 선생님의 관심과 격려, 애정 어린 꾸중까지 하나하나가 우리 마음속에 뿌리내려 삶의 지혜가 되고 나침반이 됩니다. 제게도 영원히 잊을 수 없는 고마운 선생님이 계십니다. 바로 중학교 때 담임선생님입니다. 가난으로 진학을 포기하려 했을 때 용기와 희망을 북돋워 주셨고, 좌절의 현실을 새로운 기회로 바꾸는 법을 가르쳐 주셨습니다. 

존경하는 선생님!

저는 교육의 힘을 믿습니다. 세계에서 가장 가난한 나라가 세계 10위권의 경제대국으로 성장한 것도, 끼니조차 잇기 어려웠던 시골 소년이 대통령의 자리까지 올 수 있었던 것도 모두 교육의 힘이었습니다. 대한민국의 선진화를 이끄는 힘도 결국 교육에서 나와야 합니다. 아무 자원도 없는 우리가 세계와의 경쟁에서 이길 수 있는 방법은 오직 훌륭한 인재를 키우는 일밖에 없습니다. 

그러나 지금 우리 교육은 한계에 봉착해 있습니다. 획일적인 관치교육이 공교육을 고사시키고 있고, 폐쇄적인 입시교육이 아이들의 재능과 가능성을 가로막고 있습니다. 변화만이 우리 교육이 직면한 위기를 극복할 수 있습니다. 이제 우리 교육을 새롭게 바꾸어갈 때가 되었습니다. 무엇보다 교육현장에 자율과 창의의 숨결을 불어넣어야 합니다. 자유로운 경쟁 속에서 다양하고 수준 높은 교육을 제공하여 우리 아이들의 잠재력과 창의력을 키워줘야 합니다. 형편이 어려운 아이들은 교육을 통해 기회의 사다리를 가질 수 있도록 배려해 주어야 합니다.

이러한 변화에 누구보다 선생님의 역할이 중요합니다. 당장은 힘들고 불편하겠지만, 변하지 않으면 발전도 없습니다. 걱정과 우려보다는 긍정적인 생각과 적극적인 자세가 필요합니다. 선생님들이 변화의 주체로 적극 나설 때, 우리 교육의 글로벌 경쟁력은 높아지고 공교육도 바로 세울 수 있을 것입니다.

저도 현장의 목소리에 귀 기울이고, 아이들에게 더욱 애정을 쏟을 수 있는 교육환경을 만드는 데 최선을 다하겠습니다. 연수 프로그램 등을 확대해서 선생님들이 전문성을 높이고 역량을 키워갈 수 있도록 도울 것입니다. 이미 수많은 선생님들이 사표(師表)로서의 사명감과 변화를 향한 열정을 가지고 교육 선진화를 실천하고 계십니다. 이런 노력들이 우리 교육의 미래를 밝히고 모두가 소망하는 선진 일류국가의 기반이 될 것입니다. 

다시 한 번 스승의 날을 축하드리며, 선생님의 가정에 건강과 행복이 가득하시길 기원합니다. 

선생님, 감사합니다."
1310179,이명박,국민에게 드리는 말씀,2008.05.22,국내,성명/담화문,"존경하는 국민 여러분!

제가 대통령으로 취임한 지 석 달이 가까워 옵니다. 그 동안 저는 ‘경제만은 반드시 살려라’ 는 국민의 뜻을 받들어 열심히 일해 왔습니다. 하루속히 서민들이 잘 사는 나라, 자랑스러운 선진일류국가를 만들고 싶다는 일념으로 달려왔습니다. 

그러나 지금 많은 국민들께서는 새 정부 국정운영에 대해 걱정하고 계신 줄로 알고 있습니다. 쇠고기 수입으로 어려움을 겪을 축산 농가 지원 대책 마련에 열중하던 정부로서는 소위 ‘광우병 괴담’이 확산되는 데 대해 솔직히 당혹스러웠습니다.

무엇보다도 제가 심혈을 기울여 복원한 바로 그 청계광장에 어린 학생들까지 나와 촛불집회에 참여하는 것을 보고는 참으로 가슴이 아팠습니다. 부모님들께서도 걱정이 많으셨을 것입니다. 

정부가 국민들께 충분한 이해를 구하고 의견을 수렴하는 노력이 부족했습니다. 국민의 마음을 헤아리는데 소홀했다는 지적도 겸허히 받아들입니다. 국민여러분께 송구스럽게 생각합니다. 

존경하는 국민 여러분!

정부의 방침은 확고합니다. 국민 건강은 그 어떤 것과도 바꿀 수 없습니다. 정부는 미국과 추가로 협의를 거쳐 수입 쇠고기의 안전성이 국제기준과 부합하는 것은 물론, 미국인 식탁에 오르는 쇠고기와 똑같다는 점을 문서로 보장받았습니다. 국민 건강을 위협하는 상황이 발생하면 바로 수입을 중단하는 주권적 조치도 명문화하였습니다. 차제에 식품 안전을 선진국 수준으로 끌어올리도록 모든 조치를 강구하겠습니다.

지난 10년 세계 경제가 유례없는 호황을 누리는 동안, 우리경제는 그 흐름을 타지 못했습니다. 그 바람에 경쟁국들은 턱 밑까지 쫓아왔고 선진국들과의 격차는 벌어졌습니다. 바로 이 시점에 우리가 선진국에 진입하지 못하면 영영 기회가 없을 지도 모릅니다. 지금 우리는 선진국에 진입하느냐, 못하느냐 하는 그야말로 역사의 분기점에 서 있습니다. 

지금 세계 경제는 70년대 오일쇼크 이후 최대 위기를 맞고 있습니다. 유가, 식량 그리고 원자재 값이 천정부지로 뛰어오르고 있습니다. 미국 발 금융위기까지 겹쳤습니다. 전 세계적으로 물가가 치솟고 실업률이 올라가는 큰 고통을 겪고 있습니다. 우리도 예외일 수는 없습니다. 이럴 때일수록 우리 경제 체질을 강화하고 철저히 준비해서 빠른 시일 내에 위기를 기회로 만들어야 합니다.

대한민국은 경제의 70% 이상을 대외에 의존하고 통상교역으로, 먹고 사는 나라입니다. 한미 FTA는 우리 경제의 새로운 활로가 될 것입니다. 수출과 외국인투자가 늘고 국민소득이 올라갑니다. 무엇보다 30만개가 넘는 일자리가 새로 생겨납니다. 우리 젊은이들이 그토록 애타게 찾는 일자리 창출의 기회를 놓쳐서는 안 될 것입니다.

세계 최대시장인 미국에서 경쟁국들보다 조금이라도 더 나은 통상조건을 확보해야 합니다. 그것이 곧 한미 FTA입니다. 물론 농업 등 어려움을 겪을 수 있는 분야에 대해선 이미 폭넓은 지원대책을 마련해 놓았습니다. 필요하다면 앞으로 추가대책도 강구할 것입니다.

한, 미 FTA는 지난 정부와 17대 국회가 여러 어려움을 겪으면서 일궈낸 소중한 성과입니다. 대한민국이 새로운 성장동력을 갖기 위해서 그 무엇보다도 필요한 일이라고 온 국민이 공감했던 국가적 과제입니다. 미국은 비준동의안만 통과시키면 되지만, 우리는 후속조치를 위해 24개의 법안을 따로 통과시켜야 합니다. 우리가 미국보다 앞서 서둘러야 하는 이유입니다. 그리고 17대 국회에서 이미 무려 59차례나 심의했습니다. 공청회와 청문회도 여러 번 거쳤습니다. 제가 5월 국회를 요청한 것은 바로 이 때문입니다.

전례 없이 임기 말에 국회를 열어주신 여야의원들께 감사드립니다. 이제 회기도 임기도 며칠 남지 않았지만, 여야를 떠나 부디 민생과 국익을 위해 용단을 내려주실 것을 다시 한 번 간곡히 부탁드립니다. 17대 국회가 한, 미 FTA 비준동의안을 여야 합의로 통과시켜 주신다면, 이는 우리 정치사에 큰 공적으로 기록될 것입니다. 

존경하고 사랑하는 국민 여러분!

앞으로 정부는 더 낮은 자세로 더 가까이 국민께 다가가겠습니다. 지금까지 국정 초기의 부족한 점은 모두 저의 탓입니다. 저와 정부는 이번 일을 계기로 심기일전하여 경제를 살리고 일자리를 만드는데 더욱 매진하겠습니다. 

이제 모두 마음을 합쳐 앞으로 나아갑시다. 우리가 힘만 모으면 이 어려움을 어느 나라보다도 먼저 극복할 수 있습니다. 어떠한 난관도 반드시 극복하고, 선진 일류국가를 이룰 수 있다는 확신을 가집시다. 모두가 다 잘 사는 국민, 따뜻한 사회, 강한 대한민국을 만들어갑시다. 우리는 반드시 만들 수 있습니다. 

감사합니다. "
1310232,이명박,제45회 방송의 날 축사,2008.09.02,국내,기념사,"한국방송협회 엄기영 회장님을 비롯한 방송인 여러분, 이 자리에 참석하신 내외 귀빈 여러분, 반갑습니다.

오늘 우리나라 방송 역사의 출발을 기념하는 이 뜻 깊은 자리에 참석하게 된 것을 매우 기쁘게 생각합니다. 또 내일 수상하실 분들께도 미리 오늘 축하를 드립니다. 아울러 방송 본연의 역할과 책임을 다하기 위해서 지금 이 시간에도 땀 흘리고 계신 모든 방송인들께 따뜻한 격려의 말씀을 드립니다.

존경하는 방송인 여러분!

오늘날 방송은 핵심 언론 매체로써 뿐만 아니라,시대의 변화를 주도하는 문화산업으로서 그 위상이 더욱 높아지고 있습니다. 특히 방송에 대한 국민의 기대가 큰 우리나라에서는 시대적 변화를 방송 발전을 위한 역동적인 에너지로 삼을 수 있을 것입니다. 그런 의미에서 오늘 마흔다섯 돌 맞는 뜻깊은 방송의 날이 방송의 미래를 전망하고, 그 역할과 책임을 되새겨 보는 계기가 되었으면 합니다.

방송에 대한 국민적 관심은 깊고 넓어졌습니다. 디지털화에 따른 방송, 통신융합의 급진전으로 방송 환경은 크게 달라지고 있습니다. 방송은 문화 창달의 중심에 서야 할 뿐만 아니라, 신성장동력으로서 경제의 중심에도 서야 합니다. 불과 10여 년 전에 지상파와 케이블로 대표되던 우리나라 방송시장은 이제 DMB에 이어서 IPTV까지 등장함으로써 새로운 지평을 열어가고 있습니다. 다매체ㆍ다채널 시대는 치열한 경쟁을 동반하지 않을 수 없습니다. 하지만 변화를 두려워하지 않고 창의적으로 대응해나간다면, 방송 산업 전체가함께 발전할 수 있는 계기를 확실히 만들 수 있을 것입니다.

방송 발전에 대한 정부의 의지는 확고합니다. 정부는 방송ㆍ통신융합에 적극적으로 대응하고, 방송의 공익성을 높이기 위해 합의체인 방송통신위원회를 신설한 바 있습니다. 

방송ㆍ통신융합 환경에 효율적이고 능동적으로 대처하기 위해 정부는 계속 노력하게 될 것입니다. 규제와 제도를 합리적으로 개선하여 산업으로서 경쟁력을 또한 높이도록 하겠습니다. IPTV 등 뉴미디어 분야에서는 세계와 경쟁할 수 있는 미디어 기업이 나와야 할 것입니다. 방송의 산업성과 공익성이 조화를 잘 이루고, 이를 통해 국민의 삶의 질이 향상 될 수 있도록 합리적인 정책을 추진할 것입니다.

존경하는 방송인 여러분!

이미 대한민국의 방송은 세계 속에서도 활발히 영역을 넓혀 왔습니다. ‘한류’의 확산은 대한민국 방송계가 거둔 값진 성과의 하나라고 할 수 있겠습니다. 아시아를 넘어 세계인의 마음에 다가서는 방송콘텐츠를 통해서 우리는 대한민국의 브랜드와 국가이미지를 높이고 있습니다. 또한 지구촌 구석구석으로 송출되는 우리의 방송은 전 세계를 상대로 활약하고 있는 우리 경제인들과 700만 재외동포들에게 큰 자부심을 안겨 주고 있습니다.

방송인 여러분!

방송의 영향력이 커지는 만큼 사회적 책임도 커지고 있습니다. 방송의 공익성과 공정성에 대한 국민의 요구 수준은 매우 높습니다. 이를 실현하기 위한 노력은 이 자리에 있는 우리 모두의 몫이라고 하겠습니다. 

전환기를 맞은 대한민국의 방송은 시대의 흐름을 선도해야 합니다. 국민의 기대에 부응해야 합니다. 디지털 시대에 필요한 경쟁력을 갖추고, 국민의 삶의 질을 높이는 데 최선을 다해야 합니다. 이것이 방송인 여러분의 시대적 사명이라고 생각합니다.

방송인 여러분!

대한민국 건국 60년 동안 우리는 위대한 역사를 개척해왔고, 그 과정에 방송도 큰 역할을 해 왔습니다.

국민과 함께 울고 웃으며 감동의 드라마도 만들어 왔습니다. 새로운 미래, 대한민국의 꿈인 선진일류국가 건설에도 방송인 여러분의 역할이 매우 크고 중요합니다. 오늘 방송인의 잔칫날이 과거를 딛고 새로운 미래로 나갈 것을 다짐하는 계기가 되길 기대합니다.

방송인 여러분 모두의 건승과 발전을 기원합니다. 감사합니다."
1310260,이명박,건군 60년 국군의 날 기념사,2008.10.01,국내,기념사,"존경하는 국민여러분, 사랑하는 국군장병 여러분, 그리고 내외 귀빈 여러분!,

지금부터 60년 전 창군을 선언한 그날, 그 설렘과 감격을 그려 보면서 오늘 온 국민과 더불어 건군 60주년, 국군의 날을 경축합니다. 대한민국의 국군 최고통수권자로서 국군장병 여러분의 노고에 큰 박수를 보냅니다. 군인가족을 비롯한 창군 원로, 참전용사들과 예비역에게도 오늘의 이 기쁨을 함께 나누고자 합니다. 특히 조국을 지키기 위해 목숨을 바치신 호국영령들의 영전에 머리 숙여 경의를 표합니다. 

존경하는 국민 여러분!

우리는 해방 이후 소총 하나 만들지 못하는 여건 속에서 조국 수호의 의지 하나만으로 국군을 창설했습니다. 이 땅에 비로소 정규군을 갖는다는 자부심에 우리 모두는 얼싸안았습니다. 비록 제대로 갖추지는 못했지만, 조국에 대한 무한한 충성심과 애국심으로 우리 군은 건국을 훌륭히 뒷받침해냈습니다. 

하지만 오늘날 우리 군은 세계최고 선진강군의 대열에 속한다고 자부해도 좋을 만큼 강하게 성장했습니다. 국민으로부터 신뢰와 사랑을 받는 ‘국민의 군대’가 되어 선진일류국가 건설을 뒷받침하고 있습니다. 

올해는 건국 60년이 되는 해이기도 합니다. 그동안 우리는 시련은 있었지만 줄곧 앞으로 전진해 왔습니다. 전쟁의 잿더미에서 세계경제 10위권을 이룩한 영광의 역사, 기적의 역사를 만들었습니다. 그 성공과 기적의 역사 뒤에는 언제나 국군 장병 여러분이 있었습니다. 

6ㆍ25 동족상잔의 참화 속에서 참전용사들은 목숨을 초개와 같이 조국에 바쳤습니다. 확고한 신념으로 이 땅의 자유와 민주주의를 지켜냈습니다. 국방의 의무를 다하기 위해, 외국시민권까지 포기하고 입대한 젊은이가 있었기 때문에 우리는 ‘국민의 군대’가 될 수가 있었습니다. 수해와 태풍 등 재난이 닥치면 가장 먼저 달려가 복구에 앞장섰습니다. 태안 앞바다 기름을 닦아내는 봉사의 행렬에도 우리 군은 그 중심에 서 있었습니다. 그러한 노력 덕분에 우리 군은 국민들로부터 믿음과 사랑을 받게 되었습니다. 

지구상에 유일한 분단국가이지만 조국의 하늘과 땅, 바다를 지키는 여러분이 있었기에 우리 국민은 안심하고 생업에 종사할 수가 있었습니다. 여러분이 약하고 흔들렸다면 우리 경제도 이만큼 성장할 수 없었을 것입니다. 제2연평해전과 같은 급박한 상황에서도 침몰하는 함정과 운명을 같이한 영웅들이 있었기에 우리는 미래의 행복을 꿈꿀 수 있었습니다. 조국의 명예와 세계평화를 위해 이라크와 레바논 등지에서 봉사하는 장병들이 있었기에 우리는 성숙한 세계 국가로 도약할 수 있습니다.

사랑하는 국군 장병 여러분!

저는 오늘 여러분을 보면서 우리 국민과 함께 매우 마음 든든함을 느낍니다. 우리 모두 무한한 믿음과 사랑을 여러분들에게 보내드립니다. 여러분의 애국심과 충성심과 열정을 다시 한 번 치하드리는 바입니다.

그러나 우리는 현실에 안주하고 있을 수는 없습니다. 안보 환경의 변화에 맞추어 우리 군도 새롭게 변화하고 발전해 나가야 합니다. 지금 세계는 정보기술력을 바탕으로 지리적 공간을 초월하여 국경 없는 무한 경쟁을 벌이고 있습니다. 정치ㆍ경제ㆍ자원ㆍ문화 등 국가 이익을 둘러싸고 이합집산이 계속되는 ‘변환(transformation)’의 시대에 들어섰습니다.

한반도와 동북아의 안보환경이 변하고 미래 위협 요인도 다양해지고 있습니다. 이렇게 변화하는 국제환경 속에서 우리는 통일 한국을 이루고 선진일류국가로 도약하며, 성숙한 세계국가로 우뚝 서야 하는 새로운 역사적 과제를 안고 있습니다. 변화하는 안보환경에 대응하고, 우리의 시대적 과제를 뒷받침하기 위해서는 우리 군도 선진화하고 변화해야 합니다.

건군 60주년을 맞아서 우리 군은,‘선진 정예강군’으로 거듭나야 합니다. 선진 정예강군은 ‘강한 군대’라고 할 수가 있습니다. 강한 군대만이 국토를 수호하고, 전쟁을 억제하며 평화를 보장할 수 있습니다. 설사 적군이 우리를 침략해 오더라도 우리는 반드시 격퇴하고 승리한다는 믿음을 국민에게 심어주어야 합니다. 한반도 평화의 든든한 수호자로서의 태세를 유지해야 합니다. 우리의 안보를 위협하는 어떠한 세력에 대해서도 단호히 대응할 태세를 갖추어야 할 것입니다. 

선진 정예강군은 ‘국민의 군대’입니다. 여러분은 국민의 생명과 재산을 보호하는데 모든 것을 바쳐야 합니다. 국민이 없으면 국군도 존재할 수 없습니다. 

또한 군 복무 기간이 자기계발의 기회가 되도록 해야 합니다. 군 복무가 일부에서 이야기하듯 ‘상실’의 시간으로 인식되지 않도록 해야 합니다. 군대 내 인권 신장과 병영문화 혁신을 통해 엄격한 규율 속에서도 따뜻한 정감이 오가는 ‘가족 같은 군대’를 만들어나가야 합니다. 선진 정예강군은 ‘세계 속에 당당한 군대’라고 할 수 있습니다. 테러ㆍ인권유린ㆍ자연재해 등 인류 공동의 위협에 대처할 수 있는 능력과 체제를 갖추고, 높아진 위상에 걸맞은 국제적 기여를 통해 세계인들의 가슴 속에 ‘닮고 싶은 한국군’으로 거듭나야 할 것입니다.

자랑스러운 장병여러분, 그리고 국민 여러분!

국방은 군인들만의 몫이 아니라 우리 모두의 책무입니다. 안보는 공기와 같습니다. 공기는 눈에 보이지 않지만 조금만 부족해도 목숨을 잃습니다. 안보가 흔들리면, 나라의 미래가 있을 수 없습니다. 이제 우리 모두의 안보관을 새롭게 해야 합니다. 특히 군은 투철한 국가관과 안보관으로 재무장해야 합니다. 

동시에 건강하고 긍정적인 역사관으로 조국의 발전에 기여해야 합니다.

군의 사기와 복지는 국방력과 직결되는 중요한 요소입니다. 군의 사기를 높이기 위해 우리 국민과 정부는 세심한 배려를 해 나가겠습니다. 직업군인의 처우도 개선할 것입니다. 국가를 위해 희생한 분들은 ‘국가가 끝까지 책임을 진다’는 원칙을 지켜나갈 것입니다. 군복을 입은 것이 자랑스럽고, 군인의 길이 영광스럽도록 정부는 더욱 노력할 것입니다.

다시 한 번 온 국민과 더불어 건군 60주년을 축하면서, 국군장병 여러분의 무운과 건승을 기원합니다. 

감사합니다. "
1310285,이명박,2009년도 예산안 및 기금운용계획안에 대한 정부의 시정 연설,2008.10.27,국내,국회연설,"존경하는 국민 여러분, 그리고 김형오 국회의장과 국회의원 여러분!

저는 오늘 참으로 무거운 책임감을 느끼면서 이 자리에 섰습니다. 전 세계를 쓰나미처럼 휩쓸고 있는 전대미문의 금융위기로 인해서 국민들께서 얼마나 불안해하고 고통을 받고 계신지 잘 알고 있습니다. 금리 부담이 늘어나 가계 부담에 한숨짓는 서민의 어려움을 이해합니다. 불경기에 힘들어하는 상인들, 가지고 있는 주식 값이 폭락해 실의에 빠진 개인 투자자들, 자금 부족 때문에 여기저기를 전전하는 중소기업인들의 심정을 잘 알고 있습니다.

지금 다니고 있는 직장이 어떻게 되지 않을까 하는 직장인의 걱정과 일자리를 찾지 못하고 답답해하는 젊은이들의 좌절감도 안쓰럽습니다. 국민들의 고통은 저에게도 뼈저린 아픔이 되고 있습니다. 그럴수록 저는 이 어려움을 반드시 극복해야 한다는 소명을 한 시도 잊지 않고 있습니다.

많은 분들이 이번 위기를 10년 전 외환위기와 비교합니다. 하지만 단언컨대 지금 한국에서는 외환위기란 것은 없습니다. 구제 금융을 받아야 했던 10년 전과는 상황이 판이합니다. 10년 전에는 한국을 위시한 아시아의 금융위기였습니다만 지금은 미국과 유럽에서 시작된 금융위기가 전 세계로 파급되고 있는 현실입니다. 

그 결과 전 세계 주식시장이 동시에 폭락하는 현상이 일어나고 있습니다. 무역 의존도가 매우 높은 우리가 더 걱정하는 것은 세계 금융 위기가 실물 경제의 침체로 파급되는 것입니다. 이것이 선진국에서 촉발된 지금의 금융 위기가 더욱 심각하게 느껴지는 이유입니다. 이런 상황을 극복하기 위한 해법도 10년 전과는 달라야 합니다.

국제 공조에 적극 나서면서 유동성을 충분히 공급하고, 내수를 활성화해야 합니다. 이 위기를 올바로 극복하면, 한국 경제는 다시 살아날 수가 있습니다. 

살아날 것입니다. 이번 위기가 끝나면 세계 모든 나라의 경제력 순위가 바뀔 것이고 대한민국의 위상도 높아질 수 있습니다. 이런 신념을 가지고 냉철하고 단호하게 이 상황에 대처할 것입니다.

존경하는 국민 여러분, 국회의장과 국회의원 여러분!

과연 우리가 이 위기를 극복할 수 있는가 하는 우려에 대해서 저는 분명히 말씀 드리겠습니다. 할 수가 있습니다. 우선 외화 유동성 문제는 지금 보유한 외환으로 충분히 감당할 수 있습니다. 금년 1월에서 9월까지 유가 폭등과 외국인의 주식 매도로 경상 수지 자본 수지가 모두 적자에 빠졌습니다. 하지만 외환보유고는 2600억 달러에서 2400억 달러로 약 8% 감소하는 데 그쳤습니다. 4/4분기부터 경상수지가 흑자로 돌아서면 외환 상황은 훨씬 호전될 것입니다. 작년에 600억 달러에서 금년에 1,000억 달러 이상으로 원유 수입에만 약 400억 달러 이상이 더 쓰였습니다. 이것이 경상수지 적자의 주요한 원인이 되었습니다.

하지만 다행스럽게도 지금 유가와 원자재 가격이 내려가고 있고, 만일 내년에 이런 수준이 유지만 될 수 있다면 상당한 국제수지 개선 효과가 있을 것입니다. 

원화 유동성도 마찬가지입니다. 금융통화당국이 얼마든지 대처할 수가 있습니다. 금융회사든 일반 기업이든 흑자 도산하도록 내버려두지는 결코 않을 것입니다. 정부는 시장이 불안에서 벗어날 때까지 선제적이고(preemptive) 충분하며(sufficient) 확실하게(decisive) 유동성을 공급할 것입니다.

문제는 오히려 심리적인 것이라고 할 수 있습니다. 실제 이상으로 상황에 과잉 반응하고 공포심에 휩싸이는 것이야말로 경계해야 할 가장 무서운 적입니다. 루즈벨트 대통령은 세계 대공황 이후에,“우리가 두려워해야 할 것은 두려움 그 자체”라고 말한 바가 있습니다.

10년 전 외환위기 당시 주식이 가장 낮은 가격이었을 때 두려움 없이 산, 특히 외국인들이 엄청난 수익을 올렸던 기억을 떠올릴 필요가 있습니다. 우리는 우리 스스로의 저력을 믿어야 합니다. 이 저력을 믿고 고통 분담과 협력하는 자세로 침착하게 행동 한다면 우리는 반드시 희망의 출구로 나아가게 될 것입니다. 

존경하는 국회의원 여러분!

정부는 세계적인 실물 경제의 침체에 대비해서 재정의 적극적인 역할을 확대하고자 합니다. 예산 지출을 과감하게 확대하고, 수출 증가 둔화에 대응해 내수를 활성화하는 선제적 대책을 마련할 것입니다.

최근 국제통화기금도 실물 경제 위축에 대응하기 위해 세계 모든 나라에게 감세 및 재정 지출 확대를 권고한 바 있습니다. 사회간접자본 투자를 늘리고, 고용 효과가 큰 중소기업과 서비스 산업 지원도 늘릴 것입니다. 감세는 경기 진작의 일환으로 필요합니다.

세계는 지금 ‘낮은 세율이 국가 경쟁력’이라는 인식으로 세율 인하 경쟁을 펼치고 있습니다. 올해에만 영국, 독일, 이탈리아, 캐나다 등 선진국은 물론 중국, 홍콩, 말레이시아와 같은 신흥국들도 세금을 내렸습니다. 감세에 소극적이던 일본까지도 합류하고 있습니다. 내년에 13조 원 수준의 감세를 통해 가처분 소득을 늘리고 투자를 촉진할 것입니다.

정부의 이런 재정 기능 강화에 국회도 적극 호응해 주시길 간곡히 부탁을 드립니다. 이번 예산안은 금융위기가 본격화되기 전에 마련됐습니다. 그로 인해 작은 정부 기조에서 다소 긴축적인 방향으로 예산이 편성되었습니다. 내수 활성화를 위한 적극적인 재정정책 기조에 따라서 국회 예산심의과정에서 세출을 늘려주실 것을 국회에 간곡히 요청합니다.

불을 끌 때도 초기에 충분한 물을 부어야 단시간에 진화가 가능합니다. 이번에 국회에 제출한,금융기관 간 외화차입금 보증 한도 1,000억 달러는 사실상 다 쓰일 가능성이 매우 희박합니다. 하지만 이런 선제적 조치를 취하면 우리 은행들이 돈을 구하기가 쉽고 금리부담도 줄어듭니다. 반면 금융기관들은 중소기업들이 돈 구하기 쉽고 금리부담을 줄이는데 또한 힘써 주셔야 합니다.

존경하는 국회의원 여러분!

안에서의 이러한 노력과 함께 우리는 바깥으로 글로벌 공조에 적극적으로 나서야 합니다. 지난 주말 아시아 유럽 정상회의에서 저는 신국제 금융질서에 대해 적극적인 의견을 개진하였습니다. 기존의 금융체제로는 더 이상 위험을 사전에 예방할 수 없을 뿐만 아니라 유사시에 대응할 능력도 미흡합니다. 사전 사후 감시 및 감독 기능을 강화하고 신금융질서가 필요하다는 데 의견이 모아졌습니다.

11월 15일 워싱턴에서 긴급히 개최될 20개국 세계금융정상회의에서도 저는 국제통화기금과 세계은행의 개편을 포함해 전향적인 방향으로 국제공조가 이루어질 수 있도록 앞장 설 것입니다. 아울러 한ㆍ중ㆍ일을 비롯해 동북아의 공조체제 구축을 위해서도 지속적으로 노력할 것입니다. 

세계 각국이 유례없는 금융 위기와 실물경제 위축에 대해 긴밀한 공조체제의 필요성에 대해서 모두 뜻을 같이 했습니다. 이제 합의가 이루어져 실천에 옮겨지면 어쩌면 예상했던 것보다도 빨리 세계 경제가 회복될 그런 기미도 있습니다. 적극적인 경제외교를 통해 새롭게 형성될 국제금융질서에서 한국의 역할을 강화하는 것은 국익에 크게 기여할 것입니다.

이번 위기를 계기로 세계 각국이 보호무역을 강화해선 결코 안 됩니다. 1929년 세계 대공황 이후 각국이 관세장벽을 높여서 세계 경제가 더 악화되고 회복이 늦어졌던 잘못을 반복해선 안 됩니다. 자국 방어에만 치중해 축소 균형 쪽으로 세계 경제가 옮겨가는 사태는 막아야 합니다. 이에 대해서는 이미 많은 국가들의 의견이 일치하고 있습니다. 온 세계가 이런 방향으로 나아갈 수 있도록 대외의존도가 높은 우리나라가 적극적으로 나설 것입니다.

사랑하는 국민 여러분!

대한민국은 시련과 도전을 도약과 웅비의 자양분으로 삼아 발전해 왔습니다. 우리 국민은 시련 앞에 강하고, 도전 앞에 용감했습니다. 대한민국만큼 어려움 앞에서 모두가 힘을 합친 아름다운 전통을 가진 나라도 찾아보기가 어렵습니다.

외환위기 때 장롱 속의 금붙이를 꺼내 나왔던 그 손, 방방곡곡에서 몰려들어 검은 태안반도를 씻어낸 그 손이 바로 대한민국을 구해냈던 것입니다. 품앗이와 십시일반(十匙一飯), 나아가 위기를 만나면 굳게 뭉치는 것은 우리 민족의 유전인자라고 할 수 있습니다. 지금이야말로 다시 한 번 우리의 힘과 지혜를 모을 때입니다.

존경하는 국회의원 여러분!

현재에만 매몰되면 미래가 없습니다. 위기를 구실로 내일을 위한 숙제를 미뤄서는 안 될 것입니다. 어려울 때일수록 오히려 내일을 대비하는 지혜와 의지가 필요합니다. 우리는 반드시 선진일류국가의 꿈을 이루어야만 합니다. 이것은 선택이 아니라 우리에게 주어진 소명입니다. 후손들을 위한 역사적 숙명이라고 할 수 있습니다. 이럴 때 나라 체질을 개선하고 사회시스템의 효율을 높여야 합니다. 그런 차원에서 규제개혁과 저탄소 녹색성장, 지방행정체제 개편과 공기업 선진화 등은 흔들림 없이 추진되어야 합니다.

과감한 규제개혁은 경제 난국을 극복하는 지름길이 될 것입니다. 규제가 줄어야 투자가 늘어나고 그래야 일자리가 생겨납니다. 세계표준과 동떨어진 낡은 규제와 결별해야 합니다. 이른바 국민 정서를 빌미로 아직도 성역으로 남아있는 ‘덩어리규제’를 과감하게 풀어내야 합니다. 

일각에서는 이번 국제금융위기를 맞아 금융규제를 강화하자는 의견이 제기되고 있습니다. 건전한 감독 기능의 강화를 무조건적인 규제 강화로 이해해서는 안 됩니다. 모든 위험이 사라질 때까지 기다리는 배는 결코 출항할 수는 없습니다. 몸 부풀리기에 급급한 일부 금융권의 행태도 문제지만, 그렇다고 위험 회피만을 위한 전당포식 금융관행에 안주해서는 안 됩니다. 

경제 규모에 비해서 경쟁력이 뒤떨어진 금융 산업을 이대로 방치할 순 없습니다. 진입장벽을 낮추고 경계를 허물어야 합니다. 그 대신 옥석을 제대로 가리는 신용평가기능과 자산의 건전성에 대한 감독을 강화해야 합니다. 위험이 두려워 규제를 풀지 말자는 것은 선수가 다칠까봐 경기에 내보내지 말자는 이야기와 다를 바 없습니다. 

정부는 좋은 규제와 나쁜 규제를 엄밀히 구분할 것입니다. 경쟁을 촉진하고 민간의 창의를 북돋우는 규제개혁은 흔들림 없이 추진할 것입니다. 반면에 국민의 안전과 건강, 금융위험관리와 사후감독에 관한 규제는 보강해 나가겠습니다.

건국 60년을 맞아서 제시한 저탄소 녹색성장도 착실히 추진하겠습니다. 녹색성장은 자원빈국이자 에너지 다소비국인 우리가 반드시 가야만 하는 길입니다. 환경위기와 자원위기에 대응하면서, 이를 경제발전의 계기로 삼는 일석이조의 슬기를 발휘해야 합니다. 

녹색성장은 환경을 개선하고, 나아가 환경을 새로운 경제발전의 동력으로 삼는 선순환의 성장을 지향하는 것입니다. 녹색성장은 단순히 기후변화에 대응하는 환경정책에 그치는 것은 아닙니다. 신기술과 신산업을 육성해서 좋은 일자리를 많이 만드는 경제정책이라고도 할 수 있습니다. 우리의 국제적 위상과 브랜드를 높이는 외교정책이라고도 할 수 있습니다. 나아가 국토와 도시, 건축과 교통, 국민의 일상생활과 의식주를 바꾸는 생활혁명입니다.

녹색성장은 선진국들이 이미 들어선 길이기도 합니다. 지난 주 ASEM 정상회의에서도 국제금융위기 대책과 함께 녹색성장이 의제로 다루어졌습니다. 비록 우리가 산업혁명의 탄소시대에는 뒤졌지만, 환경혁명의 수소시대만큼은 원천기술개발로 우리가 앞서갈 수 있도록 온 힘을 다해야 합니다.

지금의 지방행정체제는 구한말 농경문화시대에 그 골격이 짜였습니다. 그 결과 행정구역과 생활권의 불일치 등 많은 문제점이 드러나고 있습니다. 영국, 독일, 프랑스, 일본 등 선진국들은 행정계층을 줄이고 자치단체를 통합해 괄목할 성과를 거두었습니다. 우리도 인구규모와 구조 변화, 교통ㆍ통신발달,

여러 가지를 반영해 지방행정체제를 다시 짤 때가 됐습니다.

그동안 지방행정체제의 개편에 관해서는 폭넓은 공감대가 형성되었다고 봅니다. 다만 정치적 이해관계와 지역 정서의 차이로 인해 말만 무성했을 뿐 실천은 뒤따르지 못했습니다. 이번만큼은 국민적 공감대를 바탕으로 행정체제 개편에 대한 논의가 마무리될 수 있기를 기대합니다. 정파 이익을 초월해 백년대계를 내다보는 밑그림을 조속히 마련해 주시기 바랍니다. 정부도 적극 뒷받침하겠습니다.

존경하는 국회의장, 그리고 국회의원 여러분!

정부는 지난 8개월 동안 100대 국정과제를 확정짓고, 이를 실천하기 위해 600여 건의 개혁입법안을 열심히 만들었습니다. 그 중 150여 건의 법안은 이미 국회에 계류 중에 있습니다. 나머지 450여 건은 조만간 국회에 제출될 것입니다. 이러한 개혁법안들은 ‘경제 살리기, 생활 공감, 미래준비, 그리고 선진화’ 등 4대 부문으로 구성되어 있습니다. 이번 정기국회는 새 정부가 정성껏 준비한 법안들을 심사하는 사실상의 첫 국회입니다. 국정과제를 실천하려면 법제의 정비가 불가피한 만큼, 4대 개혁법안들이 하루빨리 처리될 수 있기를 기대합니다.

국정과제의 추진에는 예산의 뒷받침도 필수적입니다. 정부가 제출한 내년도 예산안의 규모는 209조 2천억 원으로 올해보다 7.2% 증가한 수준입니다. 

내년도 기금 규모는 78조 8천억 원으로 올해보다 5.8% 늘어나게 됩니다. 내년도 예산안은 ‘일자리 창출과 성장능력 확충’, ‘서민생활 안정과 삶의 질 선진화’, 

‘녹색성장과 안전한 사회 구현 등 미래대비 투자’에 중점을 두고 짰습니다.

예산안의 각 분야별 주요 내용은 다음과 같습니다.

첫째, 일자리 창출을 위해 올해보다 22.7% 늘어난 4조 2천억 원을 편성하였습니다. 벤처기업의 창업에 대한 지원을 늘렸습니다. 2013년까지 글로벌 청년리더와 미래 산업 청년리더 각 10만 명 양성을 위한 직업훈련 지원도 강화하였습니다. 

둘째, 미래 성장동력을 확충하기 위한 R&D 투자에 올해보다 10.8% 늘어난 12조 3천억 원을 편성하였습니다. R&D 투자는 2012년까지 GDP의 5% 수준으로 늘려 나가겠습니다. 

셋째, 지역발전과 사회간접자본 확충을 위하여 올해보다 7.9% 늘어난 21조 1천억 원을 배정하였습니다.

특히, 광역경제권 활성화를 위한 30대 선도 프로젝트에는 내년부터 모두 50조원을 투입할 계획을 갖고 있습니다. 

넷째, 교육예산은 올해보다 8.8% 늘어난 38조 7천억 원을 편성하였습니다. 고등학생 이하는 학자금을 낼 수 없는 경우 전액을 지원하는 등, 돈이 없어 교육을 받지 못하는 사람이 없도록 할 것입니다. 

다섯째, 맞춤형 복지예산은 올해보다 9.0% 늘어난 73조 7천억 원을 배정하였습니다. 무상보육과 기초노령연금, 장기요양보험을 각각 확대했습니다. 어려울수록 정부는 서민 생활을 세심하게 배려하는 데 힘을 쏟을 것입니다.

여섯째, 지속가능한 발전과 녹색성장을 뒷받침하기 위해 올해보다 23.7% 늘어난 3조 8천억 원을 편성하였습니다. 그린ㆍ신재생 에너지 기술 개발과 보급에 중점을 두었습니다.

마지막으로, 어려운 경제 여건을 감안해서 공무원 보수와 정원을 모두 동결하였습니다. 이는 경제위기 극복을 위해 공무원부터 솔선수범하자는 강력한 의지를 담은 것입니다. 이처럼 정부는 국민의 소중한 세금을 한 푼이라도 아껴 쓸 수 있도록 나라살림을 알뜰하게 꾸려 나가겠습니다. 예산이 확정되어야 재정집행계획도 세울 수 있습니다. 경제난을 극복하기 위해 조속히 예산을 확정해 주시기 바랍니다.

사랑하는 국민 여러분!

존경하는 국회의장과 국회의원 여러분!

저는 대통령으로서 이 엄중한 상황을 헤쳐 나갈 역사적 책임을 통감하고 있습니다. 난국을 슬기롭게 돌파하는 데 저의 모든 것을 바치겠습니다. 여기 계신 여러분께서도 한 축을 담당해주셔야 합니다. 정파의 차이를 넘어 국익을 중심으로 힘을 모아주시기 바랍니다. 그래야만 국민들도 기꺼이 동참하게 될 것입니다. 지금 세계 각국은 금융위기에 초당적으로 기민하게 대응하는 성숙한 모습을 보이고 있습니다. 

우리도 10년 전 외환위기 때 여와 야가 흔쾌히 힘을 합친 전례가 있습니다. 이번 정기국회도 한 달여밖에 남지 않았습니다. 그러나 국회가 처리해야 할 일은 어느 때보다도 많이 밀려 있습니다. 저는 이 자리에서 이번 정기국회의 남은 회기를 어쩌면 비상국회의 자세로 임해 주시길 간곡히 호소합니다.

18대 국회가 훗날, 세계적인 경제위기를 도약의 기회로 이끈 위대한 국회로 길이 기억될 수 있기를 진심으로 기대합니다. 저와 정부도 비상한 각오로 온 힘을 다하겠습니다. 

위대한 대한민국 국민 여러분!

나라의 어려움 앞에서 늘 그러셨듯이 다시 한 번 힘과 지혜를 모아주시기 바랍니다. 지금이야말로 국익을 먼저 생각할 때입니다. 중소기업과 대기업은 동반자가 되어야 합니다. 지금 이 시점에서 노와 사의 화합만큼 더 소중한 것도 없습니다. 수도권과 지방은 상생의 길을 찾아야 합니다. 시민사회와 종교계도 갈등 해소에 적극 나서시기를 기대합니다. 언론의 역할 역시 그 어느 때보다도 중요합니다. 

지금은 모두가 다 어렵습니다. 제 자신 누구보다도 그 사실을 절감하고 있습니다. 그러나 결코 희망의 끈을 놓으면 안 됩니다. 억수같이 장대비가 퍼부어도 구름 위에는 언제나 찬란한 태양이 빛나기 마련입니다.

이 고비를 대도약의 전환점으로 삼아야 합니다. 우리는 할 수 있습니다. ‘할 수 있다’는 자신감은 위기를 딛고 발전해 온 우리 역사의 원동력이었습니다. 대한민국 60년의 자랑스러운 역사가 이를 증명하고 있습니다.

제가 가장 무거운 짐을 지고 앞장서겠습니다. 서로 믿고, 자신감을 가지고, 다함께 힘차게 나아갑시다.

감사합니다."
1310292,이명박,한·미 연합군사령부 창설 30주년 축하 메시지,2008.11.13,국내,기념사,"한ㆍ미 연합군사령부의 창설 30주년을 진심으로 축하합니다.

한반도에서 전쟁을 억제하고 대한민국의 평화와 안정을 유지하는데 결정적 역할을 수행해 온 한미 연합군사령관 월터 샤프(Walter L. Sharp) 대장과 장병 여러분의 노고에 격려와 감사의 말씀을 전합니다. 

한ㆍ미 연합방위체제는 한ㆍ미동맹의 상징이자 ‘한반도 평화수호의 보루’로서 대한민국의 성장과 번영 뿐 아니라 동북아의 세력균형과 질서유지에도 커다란 기여를 해 왔습니다. 

앞으로도 한미 양국은 공동의 이익과 세계 평화를 위해 상호 신뢰관계를 굳건히 하면서 미래지향적 동맹관계를 더욱 발전시켜 나갈 것입니다. 

다시 한 번 주한미군 장병과 가족들에게 깊은 감사를 드리면서, 한미 연합군사령부의 무궁한 발전과 사령관 이하 모든 장병들의 건승을 기원합니다. "
1310308,이명박,TBS e-FM 개국 기념행사 축사,2008.12.01,국내,기념사,"이 자리에 함께 하신 시민 여러분, 반갑습니다. 

국내 첫 영어전용 라디오 방송 TBS e-FM의 개국을 온 국민과 함께 축하합니다. 짧은 시간 동안 성공적으로 준비를 해 온 오세훈 서울시장과 교통방송 관계자 여러분의 노고에 깊은 감사와 격려의 말씀을 드립니다.

영어 전용 라디오 방송의 시작은 우리나라가 세계화시대에 한 발 더 다가섰음을 의미합니다.국내에 거주하는 외국인 수가 100만 명을 넘어섰고, 우리나라를 찾는 외국인도 한 해 600만 명이 넘고, 매년 늘어나는 추세입니다. 그러나 외국인들이 한국에 체류하는 동안 한국에 관한 정보를 충분히 얻지 못해서 많은 불편을 겪고 있다는 것을, 잘 알고 있습니다.

그런 의미에서 이번에 개국하는 TBS e-FM 방송은 한국에 거주하는 외국인들과 한국을 찾아오는 관광객들에게 우리의 문화와 예술, 그리고 다양한 정보를 직접 전달함으로써 큰 도움이 될 것이라고 생각합니다.

세계일류도시들은 이미 외국인을 위한 영어 방송을 한 지가 오래 되었습니다. 우리는 비록 늦은 감이 있지만 오늘 개국되는 TBS e-FM 이 알찬 내용과 신속한 정보로 외국인들이 만족하는 방송으로 성장하기를 기대합니다. 

서울에 이어 다른 도시에서도 하루 빨리 이와 같은 영어 라디오 방송이 개국되어서 전국 어디에서나 영어 방송을 들을 수 있기를 기대합니다. 아울러 이 방송의 개국으로 우리 국민의 영어능력 향상에도 도움이 되었으면 합니다. 

저도 앞으로 101.3 메가헤르쯔에 주파수를 맞추고 e-FM 방송을 자주 듣도록 하겠습니다. 다시 한 번 개국을 축하하면서, 무궁한 발전이 있기를 기원합니다. 

참가하신 여러분, 고맙습니다."
1310310,이명박,제45회 무역의 날 축사,2008.12.02,국내,기념사,"오늘 여러분과 함께 훈장을 받으시고 수출의 탑을 수상하신 여러분들에게 축하를 드립니다.

존경하는 국민 여러분, 기업인과 근로자 여러분!

마흔 다섯 번째 맞는 무역의 날을 국민 여러분과 함께 진심으로 축하해 마지않습니다. 지금 바로 이 시간에도 세계 곳곳에서 수출 증대에 힘쓰고 있는 모든 분들의 노고에 진심으로 감사를 드립니다. 

그리고 오늘 특별수상하신 분들께도 거듭 축하의 말씀을 전합니다.

국민 여러분!

우리 무역 60년은 세계에서 그 유례를 찾아볼 수 없는 도전의 역사였고, 성공의 역사였습니다. 1948년 건어물을 실은 앵도호가 부산을 첫 출항한 이래, 

6~70년대 가발과 합판, 80년대 의류와 전자를 거쳐서 지금은 반도체와 자동차ㆍ조선ㆍ석유화학과 같은 첨단 고부가가치 제품을 세계에 당당하게 수출하고 있습니다. 

1948년 2천만 달러에 불과했던 수출은 1964년 1억 달러에 이르렀고, 1977년에는 대망의 100억 달러를 달성했습니다. 제가 조금 전 들어오기 전에 지난 60년사 사진을 보면서 감개가 무량했습니다. 무려 60년 만에 2만 배 가까이 늘어나서, 올해 우리 수출은 4천억 달러를 넘게 됩니다. 기업가는 수출로 애국한다는 생각으로 세계 시장을 누볐고, 근로자들은 1달러라도 더 보태겠다는 마음으로 밤낮없이 일했습니다. ‘수출만이 살 길’ 이라는 정신으로 우리 모두 힘을 모아 오늘의 대한민국을 만들었습니다.

그 산업역군의 정신은 지금도 살아 있습니다. 세계 경제의 침체에도 불구하고 최근 우리 무역수지는 10월, 12억 달러의 흑자에 이어 11월에도 어렵지만 아마 흑자를 기록할 전망입니다. 미국ㆍ일본ㆍ중국에 국한되었던 교역국도 세계 230여개 국가로 늘어났습니다. 명실상부한 세계 11위 무역대국으로 성장했습니다. 그리고 이제는 수출 5천억 달러, 무역 규모 1조 달러 시대를 활짝 열고, 선진일류국가, 글로벌강국으로 나아갈 것입니다.

이러한 성취는 지금 이 순간에도,열사의 사막과 혹한의 동토를 가리지 않고 세계 곳곳을 누비고 있는 여러분이 있기에 가능했고, 또한 앞으로도 가능할 것입니다. 여러분이야말로 바로 진정한 애국자라고 할 수가 있습니다. 정말 자랑스럽고, 또 고맙다는 말씀을 진심으로 드리고 싶습니다.


존경하는 국민여러분!

그러나 우리 앞에는 만만치 않은 도전과 장애가 기다리고 있습니다. 세계경제는 지금 전대미문의 위기에 처해 있습니다. 금융시장의 불안이 실물경제로 확산되면서, 우리의 주된 수출시장인 선진국들 대부분이 내년에 마이너스 성장이 예상되고 있습니다. 호황을 누리던 개발도상국가들의 성장도 크게 둔화될 전망입니다.

이러한 세계경제의 동반 침체는 수출의존도가 높은 우리 경제에 큰 걱정거리가 되고 있습니다. 여러분도 이미 대비를 하고 있을 것으로 알지만, 내년 상반기가 가장 어려울 것으로 예상되어 여러분의 특별한 비상대책이 요구되는 것입니다.

지금의 위기를 이겨내기 위해서는,보다 적극적인 자세로 수출시장을 뛰어 나서야 합니다. 정부는 수출에 필요한 무역금융을,선제적이고 충분하며, 확실하게 공급을 하도록 하겠습니다. 여러분이 세계 각국으로 안심하고 나갈 수 있도록 수출보험과 보증도 대폭 확대하도록 하겠습니다. 지금 어려움이 있습니다마는 산업생산에서 필요한 자금이 제 때 지원되도록 꼼꼼하게 챙겨 나가도록 하겠습니다.

또한 세계 각국이 이번 경제 위기를 구실로 보호무역주의로 후퇴하지 않도록 최선의 노력을 해서 막아야 합니다. 최근 G-20세계정상회의와 APEC 정상회의에서 저는 자유무역의 필요성과 중요성을 거듭 강조했으며 최소한 향후 1년간 새로운 무역장벽을 만들지 말자는 것을 국제적 합의로 이끌어낸 바 있습니다. 활발한 무역을 통해 경제를 활성화 하는 것이야말로 수출의존도가 높은 우리나라가 살 길이고, 나아가서 세계 경제가 다시 일어날 수 있는 길이기 때문입니다.

사랑하는 국민 여러분!

우리는 어려운 시기마다 특유의 저력을 발휘해 왔습니다. 1970년대 석유 파동 때는 중동 시장을 개척해서 오일 달러를 벌어들였고, 10년 전 외환위기 때는 우리 모두 가진 결혼반지, 돌 반지 까지 내어놓으며, 온 국민이 한마음으로 극복해 냈습니다. 또한 태안 앞바다가 검은 기름으로 뒤덮였을 때는 전국 각지에서 모여든 자원봉사자들이 돌 하나하나, 바위틈 사이사이의 기름때까지 닦아내어 바다를 살렸습니다.

우리에게는 불굴의 의지와 화합의 정신으로 위기를 극복하는 특유의 유전자가 흐르고 있습니다. 이번에도 우리는 이 위기를 지혜롭게 극복하고 반드시 선진일류국가로 도약할 수 있을 것이라고 확신합니다.

지금의 위기를 돌파하기 위해서는 무엇보다 기업인 여러분의 노력이 매우 중요합니다. 지금이야말로 기업가 정신을 발휘해야 할 때가 아닌가 생각합니다. 어려울 때일수록 도전적인 경영을 해야 합니다. 지금 우리가 투자하고 준비하지 않는다면, 결코 이 위기를 기회로 만들 수는 없습니다. 지금은 우리 모두가 거센 바람에 흔들리고 있지만, 이 거센 바람은 우리를 더욱 강하게 만들 것입니다.

주력 산업의 경쟁력을 더욱 높이는 것은 물론 미래를 이끌어 갈 새로운 주력산업과 상품을 만들어 나가야 합니다. 지속적인 무역 성장을 위해서는 미래의 블루오션을 선점하기 위한 신성장동력에 끊임없이 도전하고 투자를 해야 합니다.

앞으로는 친환경적인 기술과 제품, 그린에너지를 생산해내는 역량이,국가와 기업의 성패를 가르게 될 것입니다. 정부도 녹색성장을 뒷받침하기 위해서 이 분야에 대한 예산을 올해보다 23.7%를 늘린 3조 8천억 원을 편성했습니다. 우리가 한 발 앞서 친환경, 고효율의 녹색산업에 투자하고, 대체에너지 개발에 적극 나선다면, 새로운 시장과 경쟁력을 확보할 수 있을 것입니다. 

시장을 다변화 하는 노력에도 더욱 박차를 가해야 합니다. 미국ㆍ일본ㆍ중국 등 전통적인 시장을 뛰어 넘어 러시아와 중앙아시아 그리고 남미, 아프리카에 이르기까지 거침없이 진출하고 있는 우리 기업들의 도전과 능력을 높이 평가합니다.

저는 지난달 남미 순방에서 우리 기업들의 그 노력과 저력을 다시 확인했습니다. 지구의 반대편 남미 국가들에 대기업들은 물론 우리의 중소기업들까지 진출하고 있었습니다. 그 곳에서 저는 천연자원이 풍부한 브라질과 개발 경험이 풍부한 우리나라를 연계하는 3대 융합산업 프로젝트를 제안하였습니다. 

제가 만난 남미 각국의 정상들은 우리와의 경제협력을 바라고 있었고 이번 정상회담을 통해서 그 분위기가 만들어졌다고 생각을 합니다.

광대한 땅, 풍부한 자원, 그리고 많은 인구를 가진 남미는 우리에게는 매력적인 시장입니다. 더욱 적극적인 노력을 기울인다면 플랜트, 조선, 자동차시장은 물론 더욱 다양한 분야에서 우리 기업의 진출 기회가 늘어날 것입니다. 아울러 이 위기를 함께 이겨내기 위해서, 대기업과 중소기업이 상생하고 노사가 상생 하는 문화를 확립하는 데에도 우리 모두 힘써야 합니다.

존경하는 국민여러분, 기업인과 근로자 여러분!

저는 이 자리에서 분명히 말씀드립니다. “여러분이 있기에 우리에겐 희망이 있고, 대한민국의 미래는 밝습니다.” 저는 기업인과 근로자 여러분의 역량을 믿습니다. 우리가 제2의 무역중흥의 정신으로 무장해서 지금의 위기를 기회로 살려나간다면, 대한민국의 성공신화는 앞으로도 분명히 계속될 것입니다. 

다시 한 번 무역의 날을 진심으로 축하드리면서 여러분 모두의 건승을 기원하며 내년도에도 여러분이 약진할 수 있기를 기대합니다. 

감사합니다."
1330076,이명박,부산 영어FM라디오(Busan e-FM)방송 개국 기념사,2009.02.27,국내,기념사,"
부산시민 여러분, 그리고 이 자리에 함께하신 내빈 여러분, 반갑습니다!
 
오늘 부산 영어FM라디오방송 개국을 진심으로 축하합니다.
 
그동안 방송 개국을 성공적으로 준비해 온 허남식 부산시장과 관계자 여러분의 노고에 깊은 감사와 격려의 말씀을 드립니다.
 
지난해 12월 1일 서울에서 TBS e-FM방송이 서비스를 시작한 지 3개월 정도가 지났는데, 외국인의 경우 방송 내용에 대한 만족도가 아주 높고, 내국인의 경우 영어 교육에 관심이 많은 것으로 나타나고 있습니다. 부산 역시 이에 못지않은 관심과 성과를 얻게 될 것이라 기대합니다. 영어 전용 라디오방송 의 시작은 우리나라가 진정한 세계화 시대에 한 발 더 다가섰음을 의미합니다.
 
국내에 거주하는 외국인 수가 100만 명을 넘어섰고, 우리나라를 찾는 외국인도 한 해 600만 명을 넘어 매년 늘어나는 추세입니다. 그러나 그분들이 한국에 관한 정보를 충분히 얻지 못해서 많은 불편을 겪고 있다는 것을 알고 있습니다.
 
그런 의미에서 영어FM라디오방송은 국내 거주 외국인들과 한국을 찾아오는 관광객들에게 우리의 문화와 예술, 그리고 다양한 정보를 직접 전달함으로써 한국을 알리는 데 큰 도움이 될 것이라고 생각합니다. 특히 이번 부산 영어FM라디오방송 개국은 부산을 찾아오는 130만 명의 외국인들에게 다양하고 유용한 정보를 전달할 것이라 기대합니다.
 
아울러 우리 국민의 영어 능력 향상에도 많은 도움이 되었으면 합니다. 세계일류도시들이 이미 오래 전부터 외국인을 위한 영어방송을 한 것과 비교한 다면 우리는 상당히 늦은 감이 있습니다.
 
하지만 오늘 부산과 4월 광주에 이어 대전・대구・울산 등의 지역이 영어방송 개국을 검토 중이어서 곧 대한민국 전역에서 영어 라디오방송을 들을 수 있을 것이라 기대합니다.
 
다시 한 번 개국을 축하하면서, 부산 영어FM라디오방송의 무궁한 발전을 기원합니다.
 
감사합니다."
1330126,이명박,박영석 원정대 쾌거 축하 메시지,2009.05.21,국내,기념사,"정말 장하고 자랑스럽습니다. 박영석 원정대의 쾌거를 온 국민과 함께 축하합니다.
 
마침내 에베레스트 남서벽에 ‘코리안 루트’가 열렸습니다. 이 루트는 누구도 밟아 보지 못한 새로운 길로 대한민국의 큰 성취이자 자부심이 될 것입니다.
 
지금 대한민국은 일자리 나누기 운동, 저탄소 녹색성장 등 모든 분야에서 당면한 위기를 극복하고 미래와 문명을 이끌어 갈 새로운 한국형 모델을 만들어 가고 있습니다. 세계는 한국이 보여 주었던 ‘기적의 역사’에 이어 우리가 걸어갈 새로운 ‘코리안 루트’에 주목하고 있습니다.
 
전인미답의 처녀지를 개척하여 마침내 정상에 오른 원정대의 위대한 성취는 당면한 위기와 도전을 극복하고 선진일류국가 건설을 위해 애쓰는 국민 모두에게 큰 격려와 용기를 줄 것입니다.
 
불굴의 신념과 용기를 보여 준 박영석 대장과 대원들 모두에게 거듭 격려와 축하를 보내며, 모두 건강한 모습으로 귀환하기를 바랍니다."
1330211,이명박,공군 창군 60주년 기념식 축사,2009.10.23,국내,기념사,"존경하는 국민 여러분, 자랑스러운 6・25전쟁 출격 조종사와 예비역, 그리고 사랑하는 공군 장병 여러분!
 
온 국민과 더불어 ‘대한민국을 지키는 가장 높은 힘’ 공군 창군 60주년을 진심으로 축하합니다. 국민과 국가, 그리고 세계 평화를 위해 제 역할을 다해온 우리 공군의 기여를 높이 평가하며 감사드립니다. 하루도 쉬지 않고 조국의 하늘을 지켰고, 전역 후에도 나라 발전을 위해 애쓰고 계신 공군 전우회 예비역들께도 감사의 마음을 전합니다.
 
이계훈 공군참모총장을 중심으로 대한민국 하늘 수호의 최일선에서 혼신의 노력을 다해 온 공군 장병 여러분의 노고를 높이 치하합니다.
 
사랑하는 공군 장병과 예비역 여러분!
 
우리 공군은 60년 전 불과 1,600여 명의 병력과 20대의 항공기로 창설 되었습니다. 창군 다음해 벌어진 6・25전쟁을 맞아 참전용사들은 조국을 구하기 위하여 맨손으로 폭탄을 투하하며 적의 진격을 막았습니다.
 
여러분의 선배 조종사들은 단 1주일의 훈련을 받은 후 무스탕 전투기를 몰고 현해탄을 넘어와 참전하였고, 첫 출격부터 혁혁한 전공을 세웠습니다. 이처럼 여러분 선배들의 고귀한 희생과 헌신이 밑거름이 되어 오늘의 대한민국이 존재할 수 있었습니다. 이제 우리 공군은 동북아 최강의 전투기인 F-15K와 국산 훈련기인 T-50을 운영하는 최정예 공군이 되었습니다. 국민의 신뢰와 사랑 속에서 세계 10대 경제대국이자 G20 회원국에 어울리는 정예화된 선진 공군으로 발전하고 있음을 높이 평가합니다.
 
믿음직한 공군 장병 여러분!
 
우리의 미래 안보환경은 여전히 유동적이고 불안정합니다. 북한의 위협은지금도 계속되고 있으며, 북한 핵 문제 역시 아직 해결되지 않고 있습니다. 우리의 소중한 원칙과 가치를 수호하기 위해서는 우리 군이 어떠한 위협과 도전에도 단호하게 대처할 수 있어야 합니다. 국가의 안전을 보장하고 국민의 생명과 재산을 보호하는 데 한 치의 소홀함도 없어야 할 것입니다. 현대전에서는 강한 공군력 없이 승리를 보장할 수 없습니다. 특히 미래 전장에서는 공군력의중요성이 더욱 증대될 것입니다. 미래의 공군은 지금보다 더 강한 공군이 되어야 합니다.
 
지금 세계 각국은 우주 공간을 활용하기 위해 치열한 노력을 하고 있습니다. 우주 공간은 우리에게 더욱 중요한 영역이 될 것입니다. 우리가 이제 우주센터를 세우고 우리 땅에서 인공위성을 발사했지만, 앞으로 항공우주 분야 강국을 향한 도전은 더욱 힘차게 계속될 것입니다. 앞으로 우리 공군은 우리가 개발한 한국형 전투기로 하늘을 지키게 될 것입니다. 공군이 그 중심에 서서 항공우주 시대를 선도해 주기 바랍니다.
 
존경하는 국민 여러분, 사랑하는 공군 장병 여러분!
 
오늘 공군이 새로운 60년으로 도약하기 위한 역사적인 순간에 함께하고 있습니다. 우리의 하늘과 우주를 우리가 지배할 수 있도록 미래 항공우주군 건설을 위해 힘을 모아 나갑시다. 군통수권자로서 우리 공군이 명예롭고 자랑스럽게 조국의 하늘을 지킬 수 있도록 적극 지원하겠습니다.
 
“하늘을 지배하는 자가 세계를 지배한다.”라고 했습니다. 언제나 자랑스럽고 든든한 공군 장병들에게 무한한 신뢰를 보냅니다. 우리 조국과 후손들의 미래를 위해 하늘을 무대로 더욱 열정을 다해 주기 바랍니다.
 
다시 한 번 공군 창군 60주년을 축하하며, 이 자리에 참석하신 모든 분들의 건승을 기원합니다.
 
감사합니다."
1330220,이명박,조계종 33대 총무원장 취임법회 축사,2009.11.05,국내,기념사,"존경하는 대한불교조계종 법전 종정 예하와 원로 고승대덕 스님, 그리고 불자 여러분께 인사를 올립니다.
 
자승 스님께서 불교계 내외의 존경과 기대 속에 33대 총무원장으로 취임하시는 데 대해 진심으로 축하드립니다.
 
스님께서는 그동안 종단의 발전과 불교의 중흥을 위해 많은 공헌을 해 오셨습니다. 이번 선거에서 스님은 불교계의 대승적 추대를 통해 선출되었고, ‘열린 종단, 청정 종단’ 실현을 공약하는 등 화합과 변화를 이끌 적임으로 기대를 모으고 있습니다. 원융화합(圓融和合)의 큰 원력을 지닌 스님께서 취임한 것은 조계종단의 발전은 물론 불교계가 더욱 화합하고 융성하는 계기가 될 것이라고 생각합니다.
 
내년에 우리는 G20 정상회의 의장국이자 주최국으로서 세계 중심으로 도약할 수 있는 기회를 맞이했습니다. 우리의 국 격을 높이고, 의식과 제도의 선진화를 이루는 천재일우의 계기로 삼아야 할 것입니다.
 
지금 우리 안에 남아 있는 갈등과 대립을 조화롭게 극복하고, 모자라고 부족한 부분을 채우려는 노력이 시급한 때입니다. 서로 차이를 넘어 널리 화합을 이루라는 불교의 원융무애(圓融無碍) 사상은 바로 지금 우리에게 꼭 필요한 대승적 통합과 상생의 가르침이라 생각합니다.
 
대자비(大慈悲)의 마음으로 어려운 이웃과 사회를 돌아보고 서로를 존중하고 타협해 나가시겠다는 총무원장 스님 말씀은 우리의 의식을 높이고 제도를 바꾸어 새로운 도약을 이루는 데 큰 힘이 되리라 믿습니다.
 
이제 과거를 뒤로하고 새로운 화합과 협력의 문을 열 때입니다. 원융무애와 상생의 정신을 지표로 삼아 선진일류국가와 더 큰 대한민국을 만들어 가기위해 모두가 힘을 모았으면 합니다.
 
다시 한 번 자승 스님의 총무원장 취임을 축하드리면서, 앞으로 불교의 발전에 큰 빛을 더해 주시기를 바랍니다.
 
참석하신 모든 분들께 부처님의 자비와 광명이 늘 함께하시기를 기원합니다.
 
감사합니다."
1330399,이명박,제40차 라디오·인터넷 연설 - 감사의 기쁨과 행복을 나누는 희망의 5월,2010.05.03,국내,기타,"안녕하십니까, 대통령입니다!
 
정말 아름다운 계절 5월입니다. 어린이날, 어버이날, 스승의 날이 있는 5월을 맞아 오늘은 감사하는 마음에 대해서 이야기하고 싶습니다.
 
저는 지난 주말, 상하이 엑스포 개막식에 다녀왔습니다. 저는 중국 방문의 첫 일정으로 공항에서 바로 상하이 임시정부 청사를 찾았습니다. 좁은 골목의 고색창연한 건물에서 낡은 태극기와 함께 조국의 독립을 위해 몸바친 애국선열들의 모습을 뵈었습니다.
 
루쉰공원의 매헌기념관에서는 수류탄과 권총을 들고 조국의 독립과 자유를 회복하겠다고 다짐하는 윤봉길 의사의 당당한 모습을 뵐 수 있었습니다. 우리의 애국선열들은 아무런 독립의 희망이 없었던 그 캄캄했던 시절에 오직 나라와 겨레에 대한 뜨거운 사랑으로 일생을 바치셨습니다. 낯선 땅, 낯선 하늘에서 비바람을 맞아 가며 오늘의 우리 대한민국이 있게 하셨습니다. 안팎으로 나라가 어려운 이때에 일신의 안위를 버리신 그 사심 없는 희생과 의로운 정신을 되새기며, 깊은 감사의 마음을 갖지 않을 수 없습니다.
 
그러나 조금만 눈여겨보면 오늘날 우리 사회 곳곳에도 숨은 애국자가 참으로 많다는 것을 알 수 있습니다. 먼 곳이 아니라 가까운 곳에 우리가 감사해야 할 많은 사람과 일이 있습니다. 자식 잘되기를 바라는 마음 하나로 온갖 어려움을 견뎌 온 이 땅의 모든 부모님께 깊이 감사드립니다.
 
제 어머님도 그런 분이셨습니다. 젊은 시절 학생운동 때문에 제가 투옥되었을 때 어머님께서 면회를 오셨습니다. 그때 어머님의 심정이 어떠했겠습니까. 그러나 어머님은 제가 용기를 잃고 꺾일까 봐 “나는 네 소신이 옳다고 생각한다. 네 소신대로 행동하거라. 그리고 책임 있게 행동하거라.”라고 말씀하셨습니다.
 
어머님은 제가 감옥에서 나온 몇 달 뒤 병세가 악화되어 돌아가셨습니다. 어머님 생전에 새옷 한 벌 못 해 드린 것이 늘 가슴이 아픕니다. 저는 일생 동안 아픈 마음을 참고 꿋꿋이 저를 믿고 격려해 주셨던 어머님의 말씀을 헛되게 하지 않으려고 노력하며 살아왔습니다.
 
제 부모님만 그런 게 아니라 우리 부모님 모두가 그런 분들이십니다. 5월 어버이날을 맞아 그분들의 사랑과 희생에 감사를 드립니다.
 
우리 사회에는 나눔의 미덕을 실천하는 고마운 사람이 많습니다. 대전에 사는 전정숙 씨는 새벽부터 음료 배달을 해서 월 100여만 원의 수입을 올립니다. 그런데 그 수입을 다시 쪼개 중학생들에게 장학금을 주고 있습니다. 전정숙 씨는 “너무 적은 액수인데 다른 사람들에게 알려지는 게 부끄럽다.”라고 합니다만, 참으로 눈물겨운 정성이기에 더욱 감사합니다.
 
형편이 좋은 것이 아니라 어려운 중에서도 자기가 가진 것에 감사하고, 조금이나마 이웃과 나누고자 하는 그 마음이 정말 보물과 같습니다. “작은 손길이 몇몇 학생에게라도 희망과 용기를 줄 수 있으면 좋겠다.”라는 그 간절한 소망은 우리 사회를 더욱 따뜻하게 할 것입니다.
 
최근 교육계가 여러 비리 문제로 국민에게 큰 실망을 안겨 주었습니다만, 우리에게는 그에 못지않게 참된 스승이 참으로 많습니다. 저는 우리 선생님들에 대해 깊은 존경심과 긍정적인 생각을 가지고 있습니다. 정말 아이들을 위해 헌신하는 선생님이 많습니다. 춘천에 있는 성수여고 선생님들은 ‘스승의 날’에 학생들에게 장학금을 지급해 왔습니다. 월급에서 십시일반으로 모아 형편이 어려운 제자들을 도운 것입니다. 스승의 은혜에 감사드리는 스승의 날에 성수여고 선생님들은 도리어 더 큰 은혜를 제자들에게 베풀었습니다. 남양주에 있는 덕소고등학교 정원종 선생님은 어려운 가정환경과 장애를 비관해 유서까지 쓴 제자를 사랑으로 보듬어 대학까지 진학시켰습니다. 학생 한 명 한 명에 대한 인간적 애정과 헌신이야말로 우리 교육의 참다운 희망이라는 것을 보여 주셨다고 생각합니다. 우리 부모님을 대신해 감사드리고 싶습니다.
 
저에게도 잊을 수 없는 스승이 계십니다. 집안 형편이 어려워 고교 진학을 포기해야 했던 저에게 선생님은 “너는 할 수 있다.”라며 용기를 주셨고 야간고등학교를 추천해 주셨습니다. 그분이 계셨기에 오늘의 제가 있는지도 모르겠습니다. 제자들을 위해 헌신하는 이 땅의 모든 선생님께 머리 숙여 감사를 드립니다.
 
직원과 고객을 한 가족처럼 아끼는 고마운 일터도 참 많습니다. 전북 완주군에 있는 마음사랑병원은 직원을 위한 훌륭한 휴양・복지시설을 운영함은 물론이고 평생학습과 해외연수, 동호회 활동을 통해 직원들의 자기 계발을 돕는 것으로 알려져 있습니다. 병원에는 꽃과 나무를 가득 심고 모든 시설을 환자중심으로 편리하게 만들었습니다. 이곳의 인사말은 “사랑합니다.”라고 합니다. 의사와 간호사, 환자가 모두 가족처럼 웃고 지내니 다소 어려운 일도 신이 나고 치료도 훨씬 잘 이루어질 것은 분명합니다. 우리 사회에 이런 일터가 더욱 많아지기를 진심으로 소망합니다.
 
역사를 돌이켜 봐도 우리가 감사해야 할 분이 얼마나 많습니까. 대한민국 건국에 헌신한 애국자들, 공산주의의 침략에 맞서 자유 대한민국을 수호한 참전용사들, ‘한강의 기적’을 이뤄 낸 산업화의 역군들, 민주화를 위해 헌신한 주역들 모두 감사드립니다. 오늘날 우리의 번영과 행복은 모두 당신들이 흘린 피와 땀을 밑거름으로 해서 피어난 꽃입니다.
 
그런 모든 분 가운데 지금 이 순간 우리가 가장 감사해야 할 사람들이 있습니다. 바로 우리 곁에 있는 이웃들입니다. 외환위기로 나라경제가 어려워 무너질 때 금 모으기까지 하며 한마음으로 위기를 극복해 냈습니다. 다시 한 번 세계적인 금융위기가 닥쳤을 때도 우리 국민은 일치단결해 세계에서 가장 빠르고 성공적으로 위기를 극복해 가고 있습니다.
 
이제 우리 경제는 거의 정상궤도에 올라 금융위기 전 수준으로 회복되고 있습니다. 수출과 내수는 물론이고 일자리도 조금씩 늘어나고 있습니다. 참 반가운 일입니다. 조금만 기다리면 서민경제도 나아질 것이 분명합니다. 이 점을 높이 평가해 무디스 등 세계적인 신용평가회사들이 다른 나라 신용등급은 낮추면서 대한민국 신용등급은 상향 조정을 했습니다.
 
그동안 어려움 속에서도 정부를 신뢰하고 함께해 주신 국민 여러분께 다시 한 번 깊이 감사를 드립니다. 천안함 순국장병 유가족들이 보여 주신 성숙된 태도에도 감사를 드립니다. 유가족 여러분은 깊은 슬픔 속에서도 아픔을 함께해 주신 국민에게 고맙다고 하셨습니다. 이렇게 서로에게 감사하는 마음이 우리 사회를 더욱 성숙하게, 따뜻하게 만들어 나갈 것입니다. 우리는 이미 더 큰 대한민국입니다. 모두가 감사함으로써 희망을 찾았고 하나가 되었기 때문입니다.
 
국민 여러분!
 
긍정은 발전의 원동력이며, 감사는 우리 사회를 따뜻하게 만들어 주는 원천입니다. 긍정하고 감사해 하는 사람에게는 위기마저도 새로운 도약을 위한 기회가 됩니다. 우리 모두가 감사의 기쁨과 행복을 나누는 5월이 되었으면 좋겠습니다.
 
사랑하는 국민 여러분, 감사합니다."
1330328,이명박,현충일 추념사,2010.06.06,국내,기념사,"존경하는 국민 여러분, 국가유공자와 유가족 여러분, 그리고 내외 귀빈 및 청소년 여러분!
 
오늘 이 자리에는 제2연평해전과 천안함 전사자 유족, 그리고 한주호 준위 유족도 함께하고 있습니다.
 
오늘 우리는 제55주년 현충일을 맞아 조국을 위해 귀한 목숨을 바친 순국선열과 호국영령을 기리고자 이 ‘겨레의 마당’에 모였습니다. 높은 자긍심으로 고난과 역경의 세월을 견뎌 온 국가유공자와 유가족 여러분께 깊은 존경과 위로의 말씀을 드립니다.
 
또한 머나먼 이국땅에서 인류의 자유와 세계 평화를 위해 젊음을 바친 유엔군 장병에게도 머리 숙여 감사의 마음을 표합니다.
 
사랑하는 국민 여러분!
 
20세기 초 우리의 민족사는 가시밭길로 점철된 고난의 역사였습니다. 100 년 전 한일 강제병합으로 나라를 잃었고, 60년 전에는 6・25전쟁으로 온 나라가 잿더미가 되었습니다. 그러나 우리의 애국선열과 호국영령들은 역사의 거센 도전에 맞서 싸웠습니다. 유관순 열사는 “나라에 바칠 목숨이 오직 하나밖에 없는 것만이 이 소녀의 유일한 슬픔”이라며 순국하셨습니다. 안중근 의사는 “나는 천국에 가서도 우리나라의 국권 회복을 위해 힘쓸 것”이라고 말씀하셨습니다.
 
포탄을 안고 장렬히 산화한 육탄 10용사들, 공산 치하에서 싸우다 꽃잎처럼 스러져 간 무명의 유격대원들, 낙동강 전선과 백마고지에서 펜 대신 총을 들고 목숨이 다할 때까지 싸우고 또 싸웠던 젊은 학도의용군들, 그들은 조국을 위해 가장 고귀한 생명을 바쳤습니다.
 
당신들의 이름은 불멸입니다. 이 나라 이 민족을 사랑했기에 죽음조차 두려워하지 않았던 당신들에게 한없는 존경과 감사를 표합니다.
 
존경하는 국민 여러분!
 
오늘 우리는 순국선열과 호국영령들 앞에 대한민국의 자랑스러운 역사를 알리고자 합니다. 우리는 모진 비바람 속에서 조국 독립을 위해 싸운 순국선 열들을 기억하며, 이 땅 위에 자유민주주의 국가를 세웠습니다. 적의 총탄에 쓰러져 간 호국영령들을 가슴에 묻고, 그 땀과 눈물로 오늘의 번영된 조국을 일구었습니다. 이제 우리 대한민국은 전후에 독립한 국가 중 드물게 산업화와 민주화를 모두 성공시킨 나라가 되었습니다. 그러나 우리에게는 못다 한 꿈이 있습니다. 아직도 빈곤과 억압 속에 고통 받는 북녘 동포와 함께 자유와 평화, 그리고 번영을 누리는 통일 조국의 꿈입니다.
 
또한 우리에게는 더 큰 소망이 있습니다. 산업화와 민주화를 넘어 선진화 된 조국을 향한 바람입니다. 모든 국민이 다 함께 잘 살고 높은 품격을 갖춘 나라, 자연과 사람이 조화를 이룬 나라, 바로 선진일류국가의 희망입니다. “우리 스스로 잘 살고, 인류 전체가 의좋게 즐겁게 살도록 하는 일” 이것은 백범 김구 선생의 소원이자 우리의 마지막 꿈입니다. 조국의 영광된 앞날을 염원한 선열들의 뜻을 이어 우리는 세계에 우뚝 서 는 나라, 성숙한 세계국가를 반드시 이룰 것입니다.
 
존경하는 국가유공자와 유가족 여러분!
 
나라 위한 여러분의 고귀한 헌신을 우리는 결코 잊지 않을 것입니다. 국가를 위해 희생한 분들은 정부가 끝까지 책임을 지겠습니다. 정부는 국가를 위한 희생이 정당하게 보상받고 정신적 귀감으로 존경받는 사회를 실현하기 위해 새롭게 ‘국가보훈발전 기본계획’을 수립하고 있습니다.
 
이를 통해 보훈 대상자와 보훈가족, 유공자에 대한 보상을 강화하고, 모든 부문에서 내실을 다지겠습니다. 독립유공자와 6・25 전사자 유해를 발굴하는 일에도 정성을 다할 것입니다.
 
존경하는 국민 여러분!
 
우리 국민은 국난이 닥칠 때마다 단결해서 이겨 내는 투혼을 발휘했습니다. 치마에 돌을 담아 날랐던 행주산성의 부녀자들, 국채 보상을 위해 금주・금연을 하고 가산을 내놓았던 백성들, 그리고 1997년 금융위기 때 장롱 속의 금붙이까지 나라 살림에 보탠 우리 이웃들, 지난해 유례없는 세계적인 금융위기를 맞아 일자리를 나누며 함께 힘을 모은 기업과 근로자들, 이 모두가 나라 사랑으로 하나가 되었던 소중한 이들입니다.
 
저는 지난 천안함사태 때도 우리 국민의 아낌없는 나라사랑을 목격했습니다. 어린아이부터 노인에 이르기까지 모든 국민이 한마음으로 전몰장병을 애도하고 유가족을 위로했습니다. 지체장애인과 국민기초생활보장 수급자로 어렵게 살아가면서도 ‘나라에 힘을 보태고 보답하기 위한 마음’으로 성금을 기탁 하신 분도 있었습니다.
 
89세의 김용철 옹은 평생 모은 재산 90억 원을 국가안보를 위해 써 달라며 나라에 기부했습니다. 그러면서 김 옹은 “인생은 유한하지만 국가는 무한하다. 이 대한민국에 태어나 잘 살았다.”라며 나라가 고맙다고 하셨습니다. 이처럼 한마음 한뜻으로 지극한 정성을 모은 국민께 대통령으로서 머리 숙여 감사의 인사를 드립니다.
 
사랑하는 국민 여러분!
 
녹음이 우거져 가는 6월, 조국 산하 곳곳마다 아로새겨진 선열들의 뜨거운 나라사랑을 거듭 새기게 됩니다. 정부는 어떠한 역경 속에서도 나라를 지키고 경제를 살리는 일에 한 치의 흔들림 없이 매진해 나갈 것입니다.
 
그것이 이곳에 계신 순국선열과 호국영령, 그리고 나라를 위해 목숨 바친 무명용사들께 보답하는 길이라 생각합니다. 나라 위해 모든 것을 바친 그 마음은 우리 역사 속에 영원히 살아 숨 쉴 것입니다. 그 큰 뜻을 본받아 우리 모두 한마음으로 선진일류국가를 향해 나아갑시다. 
 
감사합니다."
1330401,이명박,제42차 라디오·인터넷 연설 - 국민이 원하는 변화의 목소리를 귀담아듣겠습니다,2010.06.14,국내,기타,"안녕하십니까, 대통령입니다!
 
토요일 밤 월드컵 경기를 보면서 우리 모두는 매우 기뻤습니다. 국내외 모든 국민이 함께 응원하면서 하나가 되었습니다.
 
오늘은 정규 라디오 연설의 기회를 빌려 지방선거 이후 몇 가지 현안에 대해서 국민 여러분께 진솔하게 말씀드리고자 합니다.
 
먼저 국정을 책임지고 있는 대통령으로서 이번 선거를 통해 표출된 민심을 무겁게 받아들이고 있습니다. 앞으로도 국민이 원하는 변화의 목소리를 더 귀담아듣도록 하겠습니다. 마침 8월 25일이면 제 임기의 반을 지나게 됩니다. 저 자신 후반기 국정을 어떻게 운영할 것인가에 대해 큰 틀의 고민을 거듭하고 있습니다.
 
정책의 우선순위도 재점검하겠습니다. 청와대와 내각의 시스템을 더 효율적으로 개편하는 한편 그에 맞는 진용도 갖추겠습니다. 당정 및 국회와의 관계를 원만하고 생산적으로 이끌 수 있는 방법도 모색하겠습니다. 젊은 세대와의 소통을 강화하기 위한 방법도 새롭게 찾아볼 것입니다.
 
여야를 떠나 이번에 당선된 지방자치단체장들과 지역발전과 국가발전을 위해서 협력할 방안도 강구하겠습니다. 이런 문제들에 대한 방침이 정해지는 대로 후반기 국정운영의 방향에 대해 상세히 국민 여러분께 밝힐 기회를 갖겠습니다.
 
존경하는 국민 여러분!
 
세상은 지금 너무 빨리 변하고, 국제정세의 불확실성도 매우 커지고 있습니다. 이런 때일수록 국정의 중심을 확실히 잡고 치밀하게 대처해 나가는 것이 중요합니다.
 
이 점은 분명히 말씀드리고 싶습니다. 역사의 큰 흐름에서 대한민국은 지금 바른길로 가고 있다는 사실을. 정치적 갈등이 있고, 여러 가지 사회적 문제가 표출되고 있지만 대한민국은 선진화를 향해 뚜벅뚜벅 앞으로 나아가고 있습니다.
 
국민 여러분께서도 느끼시겠지만 국제사회에서 한국의 위상은 뚜렷이 높아졌습니다. 경제도 OECD 국가 가운데 가장 놀랄 만한 성과를 내고 있습니다. 전대미문의 세계 금융위기 속에서 그동안 우리 국민은 각 분야에서 정말 최선을 다해 주었습니다.
 
세계가 위기를 극복한 한국의 사례를 모범적으로 보는 것도 우연한 일은 아닙니다. 근로자들도, 기업들도, 공직자들도 고통과 희생을 무릅쓰고 힘을 모았습니다. 참으로 감사한 일입니다.
 
규제・공기업・노사・교육 등 각 분야의 선진화 개혁도 이제 본 궤도에 진입 했습니다. 개혁의 성과는 나중에야 나타나고 그 과정은 고통과 불편을 동반하게 마련입니다. 개혁 과정에서 고통과 불편을 참아 준 분들께도 한편 미안하고 한편 감사한 마음입니다.
 
선진화를 위한 국정은 흔들림 없이 일관되게 추진해야 합니다. 정권을 위해서가 아니라 대한민국을 위해서 그렇게 해야 합니다. 저는 대한민국이 추구해야 할 가치와 정체성, 비전에 입각한 국정 기조는 확고하게 유지해 나갈 것입니다.
 
안보는 더욱 그렇습니다. 다른 것은 모두 정쟁의 대상이 될 수 있을지 몰라도 안보만은 그럴 수 없습니다. 천안함 군사도발을 계기로 우리가 힘을 모아 국제사회와 함께 북한의 잘못에 단호히 대응하고, 안보 태세를 확고히 구축하지 않는다면 제2, 제3의 천안함 도발은 언제든 일어날 수 있습니다.
 
이번 사태를 통해 나타난 군의 여러 문제도 이번 기회에 바로잡겠습니다. 책임질 일을 한 사람은 책임지도록 하겠습니다. 그와 동시에 이미 진행해 온 국방 선진화 개혁에 박차를 가하고 육군, 해군, 공군, 해병대 전력을 유기적이며 효율적으로 통합해 선진 강군을 만들도록 하겠습니다. 국민 여러분께서는 이 변화의 과정에서 우리의 군을 더 많이 격려하고 사랑해 주시기 바랍니다.
 
사랑하는 국민 여러분!
 
요즘 저는 ‘따뜻한 국정’의 필요성을 더욱 절감하고 있습니다. 이미 금융위기 속에서 우리 정부는 친서민 중도실용의 기치를 내걸고 ‘서민을 따뜻하게, 중산층을 두텁게’ 하기 위한 정책을 추진해 왔습니다.
 
하지만 아직 친서민 중도실용 정책이 생활 현장에서는 체감이 덜 되고 있음을 잘 알고 있습니다. 이제 본격적인 경제 회복기를 맞아 친서민 중도실용 정책의 실효성을 높이는 데 힘을 모으고자 합니다.
 
지금 대기업과 중소기업까지는 이미 위기 이전 수준으로 회복이 되었고, 지속적인 성장 궤도에 올랐습니다. 금년 하반기쯤 되면 자영업자와 서민 중산층도 경기 회복을 체감할 수 있을 것입니다.
 
상반기 우리 경제의 성장률이 OECD에서 가장 높은 수준이라는 것도 반가운 일이지만, 더욱 반가운 것은 4~5월에 일자리가 본격적으로 늘기 시작했다는 점입니다. 투자도 소비도 진작되고 있습니다. 청년 일자리도 드디어 늘어나고 있습니다. 정부는 젊은이들에게 더 많은 일자리가 생기고 경기 회복의 온기가 윗목까지 퍼져 갈 수 있도록 최선을 다할 것입니다.
 
국민 여러분!
 
국민통합은 이 순간에도 절실히 요구되는 과제입니다. 안타깝게도 우리 현실에서는 정책적 사안이 정치적 사안이 되어 국론 분열이 극심해지는 경우가 빈번해지고 있습니다.
 
특히 세종시와 4대강 문제가 그렇습니다. 세종시 문제는 다시 한 번 강조합니다만 정권의 정치적 이해관계를 따지지 않고 국가 백년대계를 생각해서, 그리고 지역발전을 위해서 더 좋은 방향으로 수정을 추진한 것입니다. 이에 대해서는 지금도 확신을 가지고 있습니다.
 
국정의 효율을 생각하든, 국가경쟁력을 생각하든, 통일 후 미래를 생각하든, 행정부처를 분할하는 것은 두고두고 후회할 일을 만드는 것입니다. 하지만이 때문에 국론 분열이 지속되고 지역적 정치적 균열이 심화되는 것을 더 이상 방치할 수는 없습니다. 더욱이 빈틈없는 안보를 위해서나 살아나는 경제를 위해서나 국민 단합이 매우 중요한 때입니다. 하루라도 빨리 투자를 시작해야 하는 기업들도 더 이상 기다리게 할 수는 없습니다.
 
이제는 국회에서 결정해 주실 것을 요청합니다. 관련 법안들은 이미 지난 3월에 제출되었으므로 국회가 이번 회기에 표결 처리해 주시길 바랍니다. 국회의원 한 분 한 분이 여야를 떠나 역사적 책임을 염두에 두면서 현명한 판단을 내려 주시기를 바랍니다. 정부는 국회가 표결로 내린 결정을 존중할 것입니다.
 
4대강 사업은 생명 살리기 사업입니다. 물과 환경을 살리는 사업입니다. 해마다 땜질식 수질 개선 사업과 재해 복구에 들어가는 막대한 비용을 근본적으로 줄일 수 있는 사업입니다. 4대강 사업은 미래를 위한 투자이지만 먼 훗날이 아니라 바로 몇 년 뒤면 그 성과를 볼 수 있는 사업입니다.
 
경부고속도로에서 인천국제공항과 고속철도에 이르기까지 국책사업은 그 때마다 많은 반대에 부딪혀 어려움을 겪었습니다. 그러나 지금은 어떻습니까. 바로 그 사업들이 대한민국 발전의 견인차가 되었습니다. 4대강 사업도 그렇게 될 것입니다.
 
정부의 소통과 설득 노력이 부족하다는 지적에 대해서는 겸허히 받아들이겠습니다. 더 많이 토론하고 더 많은 의견을 수렴하겠습니다. 환경을 위해 유익한 의견은 반영하겠습니다. 4대강 수계에 있는 지방자치단체들의 의견도 다시 한 번 수렴하겠습니다.
 
존경하는 국민 여러분!
 
국정을 책임진 정부와 여당은 국민의 뜻을 잘 헤아려야 할 의무가 있습니다. 선거는 졌을 때 더 큰 교훈을 얻어야 합니다. 그러기 위해서는 모두가 남의 탓을 하기 전에 ‘내 탓’이라는 마음을 가져야 합니다. 저를 포함해서 청와대와 정부 모두가 자기 성찰의 바탕 위에 변화를 두려워하지 말고 과감히 변화하도록 할 것입니다.
 
지금이 여당도 변화할 수 있는 좋은 기회입니다. 시대를 주도하는 젊고 활력 있는 정당으로 변모할 수 있도록 지혜와 힘을 모아야 합니다. 그러면서도 우리가 지켜야 할 원칙과 가치는 확고히 해야 합니다. 상황에 좌우되는 변화가 아니라 미래를 만들어 가는 변화여야 합니다.
 
대한민국의 미래는 밝고 희망적입니다. 세계가 우리를 그렇게 보듯이 대한민국은 계속 앞으로 나아갈 것입니다. 저는 이번 주 국민 여러분과 함께 “대～한민국”을 외치며 우리 대표팀을 응원할 것입니다. 또 한번의 승전보와 함께 유쾌한 한 주 보내시기를 바랍니다.
 
감사합니다."
1330353,이명박,제23차 세계산림과학대회 세계총회 환영사,2010.08.23,국내,환영사,"존경하는 내외 귀빈 여러분!
 
대한민국에 오신 것을 진심으로 환영해 마지않습니다. ‘제23차 세계산림과학대회 세계 총회’가 한국에서 열리는 것을 다시 한 번 축하드리면서, 총회 준비에 애쓰신 이돈구 회장과 많은 관계자 여러분께 감사의 말씀을 드립니다.
 
대한민국은 전쟁과 가난 속에서도 헐벗은 산을 짧은 시간에 울창한 숲으로 가꾸어 냈습니다. 그래서 이번 총회가 서울에서 열리게 된 것에 남다른 감회를 느낍니다.
 
이 자리에 함께하신 세계 100여 개국에서 오신 귀빈 여러분! 다시 한 번 환영의 말씀을 드립니다.
 
산림은 생명의 근원입니다. 산림은 인류 삶의 터전이자 최초의 에너지원이며, 물과 공기를 정화하는 지구의 허파라고 할 수 있습니다. 또한 기후변화의 거대한 도전 속에서 유엔 기후변화협약이 유일하게 인정하는 ‘이산화탄소 흡수・저장원’이자 사막화를 막는 보루이기도 합니다.
 
그러나 매년 한반도의 절반에 해당하는 숲이 사라지고 있습니다. 브라질 아마존 숲에서만 1분마다 축구장 3개 크기의 열대우림이 사라진다고 합니다. 숲은 화석연료에서 나오는 온실가스의 15%를 흡수할 수 있습니다. 이 때문에 지난 연말 코펜하겐에서 세계 정상들은 ‘산림전용과 훼손방지를 통한 온실가스 감축계획’에 합의한 바 있습니다.
 
저 역시 며칠 전 광복절 경축사를 통해 녹색성장의 시대에는 나와 내 가족뿐 아니라 아마존의 숲과 북극곰까지 배려하는 성숙한 실천이 필요함을 다 시 한 번 강조한 바 있습니다. 살아 있는 모든 생명을 내 몸처럼 아끼는 것이야 말로 인류가 살길이라고 생각합니다.
 
존경하는 내외 귀빈 여러분!
 
대한민국 국토 역시 한때 붉은 민둥산이었습니다. 그러나 우리는 불과 두 세대 만에 붉은 산을 푸른 산으로 바꾸었습니다. 나무 대신 연탄으로 땔감을 바꾸고 산에 나무를 많이 심은 결과라고 하겠습니다. 지금 대한민국은 국토 중 산림 비율이 OECD 국가 중 네 번째로 높다고 합니다. 우리의 경험은 경제개발과 환경보호가 함께 갈 수 있다는 것을 잘 보여준다고 생각합니다.
 
대한민국은 2년 전 저탄소 녹색성장을 국가비전으로 선포했습니다. 화석연료를 대체할 새로운 에너지를 개발하고, 저탄소형 교통수단과 건물을 보급하는 계획을 갖고 있습니다. 또한 자원을 아끼는 생활습관을 정착시키고자 정책적으로 많은 노력을 하고 있습니다.
 
온실가스 배출량을 줄이기 어려운 기업 등에는 대신 산림을 조성하게 하는 ‘산림탄소상쇄제도’를 시범 도입했습니다. 한국기업은 국내뿐 아니라 멀리 남미와 인도네시아에서도 나무를 심어 가꾸고 있습니다.
 
이러한 노력을 통해 우리는 지구는 물론 경제도 함께 살릴 수 있다고 믿습니다. 실제로 녹색성장 비전 선포 후 신재생에너지 분야의 일자리는 3배, 매출은 4배 늘었습니다.
 
산림 분야에서도 사회적 기업이 속속 탄생하고 있습니다. ‘숲 가꾸기’ 사업으로 연간 5만 명의 새 일자리를 만들었고, 숲 가꾸기 부산물을 활용한 바이오매스 사업도 본격화하고 있습니다. 숲과 물은 그 자체로 인간에게 큰 선물입니다. 조금 전 이돈구 회장께서도 말씀하셨습니다만, 서울시장 시절 저는 도심에 물과 숲이 어우러진 공원을 만들었습니다.
 
어제 여러분이 나무를 심은 서울 숲은 과거 대규모 개발 사업이 예정되어 있던 곳이었습니다. 그 계획을 바꿔 숲으로 조성했습니다. 당장의 개발이 가져다줄 이익보다 10년, 20년, 30년 뒤 숲이 가져다줄 효용이 훨씬 크다고 판단했기 때문입니다.
 
이제 서울은 도심 한가운데 푸른 숲이 우거지고, 맑은 물에 은어가 헤엄치는 도시가 점차 되어 가고 있습니다. 아스팔트와 시멘트에 익숙하던 시민은 푸른 숲에서 맑은 공기를 마시며 자연이 주는 진정한 휴식을 누리고 있습니다.
 
존경하는 내외 귀빈 여러분!
 
인류는 지속가능한 발전을 위해 산림을 해치고자 하는 탐욕을 스스로 억제해야 합니다. 인간과 지구가 조화롭게 발전하는 ‘지구 책임적 체제(Planetconscious System)’를 함께 만들어 가야 합니다.
 
산림은 인류의 생존을 위한 ‘생명유지 시스템’이자 ‘새로운 성장 동력원’이 라고 할 수 있습니다. 지구환경을 지키기 위한 3대 협약인 기후변화협약, 생물 다양성협약, 사막화방지협약도 산림의 보존과 발전을 공동과제로 삼고 실천할 때 성공할 수 있다고 확신합니다.
 
대한민국도 적극적으로 협력하겠습니다. ‘아시아 산림협력기구’를 설립해 산림보전의 경험과 기술을 이웃 나라들과 함께 나누고자 합니다. 또한 최근 발족한 글로벌 녹색성장연구소를 통해 녹색성장에 대한 국제적 협력도 다져 나갈 것입니다.
 
이번 총회는 ‘환경과 성장이 조화되는 산림의 미래’가 주제입니다. 어떻게 하면 사라져 가는 지구의 숲을 더 늘릴 수 있는지, 숲의 질을 높일 수 있는지, 이에 대한 방안을 진지하게 논의하리라 믿습니다. 이번 회의에서 풍성한 결실을 기대해 마지않습니다. 이번 총회를 위해 유엔기구에서, 또 세계 각국에서 전문가들이 함께하셨습니다.
 
여러분이 한국을 방문하는 동안 서울 숲 외에 대한민국의 숲을 보시겠지만 대한민국의 문화와 역사도 함께 느낄 수 있는 기회가 있었으면 합니다.
 
여러분, 한국에 체재하는 동안 뜻있고 보람 있는 시간이 되기를 바랍니다. 다시 한 번 여러분 모두의 한국 방문을 환영합니다.
 
감사합니다."
1330448,이명박,제14차 아·태 대법원장회의 참석자 초청 만찬사,2011.06.14,국내,환영사,"존경하는 이용훈 대법원장과 아시아·태평양 지역 각국의 대법원장, 로아시아(Law Asia) 사법분과위원회 의장단과 배우자 여러분!
 
아름다운 계절에 한국에 오신 것을 진심으로 환영합니다. 이번 제14차 아·태 대법원장회의 주제는 ‘21세기 사법의 현재와 미래’입니다. 특히 사법 분야의 IT 활용에 대한 심도 있는 논의가 이루어진 것으로 알고 있습니다.
 
한국은 지난 1986년부터 IT 기술을 기반으로 한 사법정보화에 노력해 왔습니다. 그 결과 사법 업무가 매우 투명하고 신속해져 법제도에 대한 국민의 신뢰가 크게 높아졌습니다. 투명하고 효율적인 법제도, 공정한 법치주의야말로 사회의 안전판이자 국가의 기틀입니다.
 
기술은 중요한 수단이지만 법의 최고 미덕은 언제나 인간을 잊지 않는 것이 라고 생각합니다. 대한민국 역사에는 매우 훌륭한 왕이 있었습니다. 특히 15세기 조선의 명군 세종대왕은 원통하고 억울한 일을 없애 사람이 살아가는 즐거움을 갖도록 하는 것이 법의 목적이라고 말씀하신 바 있습니다.
 
이처럼 법은 사람들의 상처와 아픔까지 감싸 안는 것이라고 하겠습니다. 따라서 좋은 법 제도와 함께 깊은 인간성이 필요한 것입니다.
 
법의 목적은 하나지만 인류의 다양한 관습과 과제에 관해서는 많은 대화가 이루어져야 한다고 봅니다. 사람과 물자와 문화가 자유롭게 이동하는 글로 벌 시대에는 그 필요성이 더욱 커지고 있습니다.
 
이번 회의를 통해서 한국을 비롯한 아·태 지역 국가들이 서로의 고유한 경험과 지식을 함께 나눌 수 있길 바랍니다. 한국은 앞으로도 국가 간 사법협력 체제 구축에 힘쓰고 국제적 기여도를 높여 나갈 것입니다.
 
사법부의 최고 수장으로서 사법 정의와 권위를 수호하고 계신 아·태 지역 대법원장 여러분께 진심으로 경의를 표합니다.
 
이번 한국 방문이 유익하고 뜻깊은 시간이 되길 바랍니다. 아울러 한국의 역사와 문화를 체험하는 소중한 기회도 가지시기를 바랍니다.
 
감사합니다."
1330540,이명박,제70차 라디오·인터넷 연설 - 전국 방방곡곡 보석처럼 빛나는 여행지가 많습니다,2011.07.25,국내,기타,"안녕하십니까, 대통령입니다!
 
올여름 유난히도 길던 장마가 끝나고, 이제 휴가를 많이들 떠나시리라 생각합니다. 하지만 올해도 여러 사정으로 휴가를 못 가시는 분 또한 많이 계실 줄 압니다. 피부로 느끼는 경기가 좋아져서 모두가 휴가를 갈 수 있으면 좋겠습니다.
 
올해 우리 경제상황은 다른 주요 국가들과 비교하면 비교적 괜찮다고 말씀드릴 수 있습니다. 수출은 호조세고, 경제성장률도 OECD 평균을 크게 웃돌고 있습니다. 그렇지만 전 세계가 겪고 있는 일자리 문제나 물가 문제는 우리 역시 예외가 아닙니다. 그나마 수출에 의존하는 기업은 나은 편이지만, 내수에 종사하는 분들은 아직도 많이 어렵습니다. 그래서 서민의 삶 역시 힘이 든 게 사실입니다.
 
체감경기가 좋아지려면, 무엇보다 내수시장이 살아나야 합니다. 최근 반가운 소식도 있습니다. 대한상공회의소, 전국경제인연합회, 중소기업중앙회와 한국관광공사가 협력해서 ‘국내휴가 활성화를 위한 공동캠페인’을 벌이고 있다고 합니다.
 
이와 함께 삼성, 현대 같은 대기업도 ‘여름휴가 국내에서 보내기 운동’을 벌인다고 들었습니다. 국민관광상품권을 나누어 주기도 하고, 숙박시설 이용을 지원하기도 하는 것으로 압니다. ‘1사 1촌’을 맺었던 사람들이 농촌을 찾아가는 것도 참 좋을 것 같습니다.
 
내수 활성화에 대한 절박함이 이심전심으로 통한 것 같아 무척 다행스럽게 생각합니다. 국내에서 휴가를 보내는 것은 지역경제와 서민경제를 살리는데 큰 보탬이 될 수 있습니다. 여름휴가를 국내에서 보내고자 하는 마음들이 국민 사이에 전해지는 것 같습니다. 사실 저도 같은 마음입니다.
 
제가 이런 말씀을 드릴 수 있는 것은 최근 몇 년 사이 국내에 좋은 여행지가 무척 많아졌기 때문입니다. 얼마 전까지만 해도 국내 여행지라고 하면 제주도・부산・동해안 같은 몇 곳이 모두였습니다. 그러나 지금은 완전히 달라졌습니다. 올레길・둘레길 등 걸어서 여행하기에 좋은 생태관광길도 많이 생겼습니다. 강원 인제 냇강마을에서는 직접 뗏목을 만들어 탈 수도 있다고 합니다. 경북 동해안에도 망양해수욕장을 비롯한 좋은 해수욕장이 참 많습니다. 부산
자갈치시장같이 지역명물인 전통시장에 들러 보는 것도 정겨운 경험이 될 것입니다.
 
경남 남해 해바리마을에 가면 갯벌에서 조개를 캘 수 있습니다. 전남 여수 금오도를 비롯해서 남해안의 많은 섬은 이미 새로운 관광명소로 떠올랐습니다.

전북 임실 치즈마을에서는 나만의 수제피자를 만들어 볼 수 있다고 합니다. 충남 태안 볏가리마을에 가면 염전에서 밀대를 밀며 소금을 만드는 체험도 할 수 있습니다.
 
충북 보은의 법주사에서 템플 스테이를 하는 것도 좋은 경험이 될 것입니다. 수도권에서도 한강을 따라 다양한 체험을 할 수 있는 곳이 무척 많아졌습니다. 이제는 우리나라에도 생태관광, 농촌체험, 가족과 함께 걷기와 같은 관광자원이 많이 있습니다.
 
젊은이라면 자전거로 전국 일주에 도전해 보면 어떨까 합니다. 올 하반기면 4대강 살리기 사업이 사실상 마무리되면서 한강과 금강・영산강・낙동강을 따라 총 1,600km, 장장 4,000리에 이르는 자전거길이 만들어집니다.
 
제가 얼마 전 남아프리카공화국 더반에 갔는데 그곳에서 만난 IOC위원들이 우리나라에 세계 최장의 자전거길이 생겼다고 하면서 많은 것을 물어 왔습니다. 외국 젊은이들이 줄지어 우리나라를 찾을 날도 머지않았습니다.
 
관광산업은 제조업에 비해 일자리가 두 배 이상 늘어납니다. 물론 경제적 파급효과는 말할 것도 없습니다. 지금과 같이 서민경제, 지역경제가 어려울 때 큰 도움이 될 것입니다. 통계에 따르면 온 국민이 하루씩만 더 국내여행을 늘리면, 지역경제에 2조 원 정도가 더 흘러들어 가고, 일자리 4만여 개가 생긴다고 합니다.
 
우리 국민은 지난해에만 1,200만 명 이상이 해외여행을 다녀왔습니다. 그러나 우리나라에 온 관광객은 800만 명이 조금 넘습니다. 국내관광 비중이 프랑스는 65%, 캐나다는 80%가 넘습니다. 반면에 우리나라는 50% 정도에 그치고 있습니다.
 
외국관광객을 유치하는 것도 중요하지만, 우리 국민이 국내여행에 더 많은 관심을 갖게 하는 것 역시 중요합니다. 올여름엔 우리 공직자들도 가족과 함께 꼭 휴가를 가도록 권유하고 싶습니다. 이미 청와대 직원들에게 모두 휴가를 다녀오라고 했습니다. 사실 올 들어 구제역과 수해 때문에 휴일에도 계속 일한 공직자가 참 많습니다.
 
각계각층에서 그동안 휴일 없이 일해 온 분이 많이 계실 텐데, 올여름에는 부디 가족과 단란한 시간을 보내서 재충전의 기회를 가지시면 좋겠습니다. 저도 오랜만에 가족과 함께 휴가를 꼭 가려고 계획을 세워 놓았습니다.
 
국민 여러분 모두 즐거운 여름휴가 보내시기를 바랍니다. 특히 휴가길 안전에도 각별히 유의해 주시길 부탁합니다.
 
감사합니다."
1330477,이명박,장애인문화예술국민대축제 축하 메시지,2011.09.28,국내,기념사,"여러분, 안녕하십니까. 여러분 모두를 사랑합니다. 2011 장애인문화예술축제 개막을 온 국민과 함께 축하합니다.
 
행사 준비에 애쓰신 채종걸 한국장애인연맹 대표와 이정선 조직위원장, 그리고 장애인 가족과 자원봉사자, 모든 관계자에게 감사의 말씀을 전합니다.
 
우리는 한 달 전 2011 대구 세계육상선수권대회에서 남아프리카공화국 피스토리우스 선수의 눈부신 활약을 보았습니다. 무릎 아래가 결손된 그는 일반 선수들과 당당히 겨루면서 모든 사람에게 큰 희망과 감동을 주었습니다.
 
장애인문화예술축제는 장애인과 비장애인의 벽을 넘어서, 모두에게 감동을 선사하는 도전의 한마당입니다. 석창우 화백은 사고로 두 팔을 잃었지만, 동서양의 화풍을 넘나드는 독창적인 작품으로 세계적 명성을 얻고 있습니다.
 
누구나 꿈을 이룰 수 있어야 합니다. 꿈을 이루기 위해 각자가 최선을 다하고, 꿈이 이루어지도록 서로 돕는 것이야말로 공생발전의 참모습이라고 생각합니다. 장애인이 살기 좋은 나라, 장애인에 대한 편견이 없는 나라가 진정한 선진일류국가입니다.
 
정부는 모든 장애인이 불편 없이 살 수 있도록 하는 데 최선을 다하고 있습니다. 지난해엔 중증장애인의 생활 안정을 위해 장애인연금제도를 도입한바 있습니다. 올해는 장애인 지원예산을 지난해보다 8%를 늘렸습니다. 그리고 10월부터는 장애인이 자유롭게 일상생활을 할 수 있도록 돕는 ‘활동지원제도’를 시행할 예정입니다.
 
내년부터는 소득 수준과 상관없이 만 6세까지의 모든 장애아동에게 양육 수당을 지급하는 것을 긍정적으로 검토하고 있습니다. 일자리야말로 최고의 복지라는 생각에서 장애인 일자리를 많이 만들고 있습니다. 정부는 모두가 차별 없이 잘사는 따뜻한 사회를 만들기 위해 더욱 노력하겠습니다.
 
저는 가끔 장애인 예술가의 전시회와 공연을 가 보곤 합니다. 그때마다 작품에 깊은 통찰력과 혼이 깃들어 있음을 느낍니다. 이번 축제도 많은 사람에게 남다른 감동과 기쁨을 선사하는 소중한 행사가 되길 바랍니다.
 
여러분 사랑합니다.
 
감사합니다."
1330483,이명박,바르게살기운동 전국회원대회 축사,2011.10.06,국내,기념사,"사랑하는 전국의 62만 바르게살기운동중앙협의회 회원 여러분!
 
2011년 바르게살기운동 전국회원대회의 개최를 진심으로 축하합니다. 오늘 국가·사회에 기여한 공로로 정부 포상을 받는 분들에게도 축하 인사를 드립니다.
 
1989년에 창립된 바르게살기운동중앙협의회는 성숙한 시민의식의 요람이었습니다. 진실·질서·화합의 3대 이념을 바탕으로 봉사와 나눔을 실천하고 법질서 확립을 선도해 우리 사회를 따뜻하고 건강하게 만드는 데 크게 기여해왔습니다.
 
전국 곳곳의 회원 여러분은 일상 속에서 법질서를 준수하고 녹색생활을 실천해 성숙하고 품격 있는 나라를 만드는 데 노력해 왔습니다. ‘다문화가정 한마음대회’를 개최해 낯선 문화에서 생활하고 있는 분들에게 소중한 소통의 자리를 제공하고, ‘사랑의 김장 나누기 행사’를 통해 어려운 이웃에게 따뜻한 도움의 손길을 내밀었습니다. 안보의식을 높이고, 서울 G20 정상회의의 성공적 개최를 위해서도 노력했습니다. 우리 사회의 화합과 국격 제고를 위한 여러분의 헌신에 깊은 감사를 드립니다.
 
존경하는 내외 귀빈 여러분!
 
그동안 우리나라는 눈부신 성장과 발전을 거듭했습니다. 식민지와 전쟁의 상처를 극복하고 도전과 성취의 현대사를 이루었습니다. 그 결과 세계 10대 경제대국으로 성장했고, 동·하계 올림픽과 월드컵, 세계육상선수권대회를 모두 개최하는 세계 여섯 번째 국가가 되었습니다.
 
지난해 서울 G20 정상회의를 성공적으로 개최하며 세계중심국가의 일원으로 우뚝 섰습니다. 녹색성장을 통해 기후변화에 대응하기 위한 지구촌의 노력을 선도하고 있습니다.
 
이런 자랑스러운 결과는 여러분을 포함한 우리 국민 모두의 땀과 열정이 만들어 낸 것입니다. 이제 우리는 이런 성취의 자신감을 바탕으로 더욱 내실 있는 발전을 추구할 때입니다.
 
진정한 선진일류국가로 도약하자면 외형적 성장을 넘어 윤리와 도덕성에 기반한 내실 있고 균형된 발전을 지향해야 합니다. 하지만 우리 사회에는 아직 선진화를 가로막는 불공정한 제도와 관행이 많습니다.
 
저는 지난해 광복절 경축사에서 선진일류국가의 윤리적·실천적 인프라로 ‘공정한 사회’의 비전을 제시했습니다.
 
바르게살기운동의 새 목표 또한 ‘법질서 확립과 공정사회 실천’이라고 들었습니다. ‘바르게 사는 사람이 성공하는 사회’가 바로 공정한 사회가 꿈꾸는 세상입니다. 저는 올해 광복절 경축사에서 ‘공생발전’의 국정 비전을 제시했습니다. 숲에서는 치열한 경쟁도 벌어지지만, 서로가 서로에게 도움을 주며 생태계를 살려 나아갑니다. 거듭되는 글로벌 경제위기 속에서도 모든 국민이 골고루 잘사는 나라를 만들기 위해서는 서로에게 도움이 되는 ‘윈-윈 관계’를 만들어 가야 하겠습니다.
 
그러자면 우리 사회도, 우리 경제도 새로운 단계로 진화해야 합니다. 법과 원칙이 바로 서고 나눔과 봉사도 더 활발해졌으면 좋겠습니다. 이를 위해 정부는 물론 사회 전 부문과 시민의 자발적인 참여와 노력을 기대합니다. 특히 사회 지도층부터 모범을 보이고 베푸는 ‘노블레스 오블리주’의 실천이 중요합니다.
 
지금까지 헌신과 봉사, 사회화합과 발전을 이끄신 여러분이 앞으로도 더욱 솔선수범해 주시기 바랍니다.
 
오늘 대회를 준비한 서한샘 중앙회장 직무대행과 관계자 여러분의 노고에 감사하며, 회원 여러분과 가정에 늘 건강과 행복이 함께하기를 기원합니다.
 
감사합니다."
1330496,이명박,제66주년 경찰의 날 축사,2011.10.21,국내,기념사,"오늘 예순여섯 번째 맞는 경찰의 날을 온 국민과 함께 축하해 마지않습니다.
 
전국 13만 경찰관과 전·의경 여러분, 그동안 정말 수고 많았습니다. 또 이 자리에는 경찰 가족 여러분이 함께 와 계십니다. 여러분에게도 축하를 드립니다.
 
올여름에는 100년 만에 큰 폭우가 쏟아져 피해가 많았습니다. 피해복구 현장에 가 보니 우리 경찰과 젊은 전·의경들이 자기 일처럼 구슬땀을 흘리면서 열심히 일하고 있었습니다. 그런 모습을 보면서 많은 감동을 받았습니다.
 
현장 최일선에서 시민의 안전을 지킨 공로로 오늘 포상을 받은 김호윤 치안감과 유공자 여러분, 일선 경찰 여러분, 그리고 가족 여러분께 진심으로 축하의 말씀을 드립니다. 경찰 여러분이 맡은 바 임무를 다할 수 있도록 묵묵히 뒷바라지해 온 경찰 가족 여러분에게 깊이 감사합니다. 그동안 임무를 수행하다가 생명을 바친 애국경찰 영령 앞에 머리를 숙이며, 유가족에게도 깊은 위로의 말씀을 드립니다.
 
사랑하는 경찰관 여러분!
 
우리 경찰은 광복과 함께 태어나 좌우대립의 혼란 속에서 나라를 지킨 건국의 든든한 보루였습니다. 이제 우리 대한민국은 세계 10위권의 경제대국이 자 완전한 민주주의 국가로 세계 속의 대한민국이 되었습니다. 험난한 현대사에서 우리 경찰은 법질서를 수호하고 사회 혼란을 극복하는 데 중추적 역할을 담당함으로써 경제발전과 민주화에 크게 이바지했습니다.
 
지난해 경찰은 ‘공정 경찰’ ‘서민 경찰’ ‘과학 경찰’을 새로운 좌표로 삼아 자기 혁신에 노력해 왔습니다. 적극적인 쇄신과 실천의 결과로 치안에 대한 국민의 만족도가 매우 높아졌습니다.
 
이제 우리 경찰은 세계로부터도 높이 평가받는 선진일류국가 경찰로 성장하고 있습니다. 지난해 G20 정상회의 때는 시민의 불편을 최소화하면서도 빈틈없는 경호를 펼쳐 시민들의 높은 평가와 함께 세계 정상들의 찬사를 받았습니다.
 
세계 유수 언론에서는 한국 경찰을 ‘친절함의 대명사’로 꼽기도 했습니다. 우리 경찰은 세계 최고 수준의 강력범죄 검거율로 외국인도 마음 놓고 생활할 수 있는 글로벌 시대 ‘안전한 한국’을 만들어 가고 있습니다. 우리 경찰 모두가 합심하고 노력해 이룬 성과를 높이 평가하고 치하합니다.
 
이제 우리 경찰은 이런 성과를 바탕으로 한 단계 더 도약해야 합니다. 국민이 더 편안하게 안심하고 생활할 수 있도록 ‘국민 공감 치안’을 더욱 강화해 주길 바랍니다.
 
2008년 경제위기 이후에 서민들의 생활이 상당히 어려워졌습니다. 나는 올해 광복절 경축사에서 공생발전을 국정운영의 목표로 제시했습니다. 서민이 마음 놓고 생업에 종사할 수 있도록 돕는 것이 바로 경찰이 실천할 수 있는 공생발전입니다.
 
그동안 경찰은 법질서를 준수하면서도 국민 불편을 적극 개선해 왔습니다. 복잡했던 운전면허 취득을 간소화했습니다. 9일이나 걸리던 면허 취득시간을 단 이틀로 줄였습니다. 이 덕분에 비용도 절반 이하로 줄었습니다. 국민의 경제적·시간적 부담을 줄이면서도 꼭 필요한 안전 조치와 교육은 확대해서 교통사고는 오히려 지난 3년 평균보다 절반이나 감소했습니다.
 
명절이나 공휴일에 전통시장 인근 지역에 주·정차를 할 수 있도록 한 것도 높이 평가할 만합니다. 지난해에는 명절에만 허용하던 것을 올해부터는 공휴일까지 확대해서 많은 사람이 더욱 편리하게 전통시장을 이용하게 했습니다. 전통시장 활성화와 소상공인의 생업에 큰 도움이 되었을 것으로 생각합니다. 

이런 작은 배려가 서민생활에 큰 도움을 주었고, 국민이 경찰을 더욱 사랑하는 계기가 되었습니다.
 
국민의 이웃이자 친구로서 앞으로도 계속 국민생활과 직결된 문제부터 먼저 해결하고 예방하는 치안을 펼쳐 주길 바랍니다. 강도·절도 같은 강력사건뿐 아니라 민생침해 범죄에 대한 대응체계도 보다 치밀하게 구축해야 합니다. 대부분 서민이 피해를 입고 있는 전화 금융 사기나 불법 다단계 판매가 최근 더욱 기승을 부리고 있습니다. 민생과 직결되는 이런 범죄를 철저히 단속·처벌해서 서민의 권익을 지켜 주어야 합니다.
 
정보화에 따른 인터넷 악성댓글과 사이버 범죄, 전자상거래 사기와 같은 해악도 심각합니다. 시대 변화와 함께 한층 지능화·고도화되는 범죄에 대처하기 위해서는 우리 경찰도 이에 상응하는 과학경찰의 면모를 더욱 확립해야 합니다.
 
장애인, 아동, 여성 같은 사회적 약자를 돕는 치안에 힘써 주시길 바랍니다. 사회적 약자에 대한 범죄는 우리 사회의 부끄러운 단면입니다. 이런 범죄는 그 어떤 범죄보다도 철저히 대처하고 뿌리를 뽑아야 합니다. 사회적 약자에 대한 보호와 관심이야말로 선진사회의 출발점입니다.
 
인권·반부패 치안에 대해서도 더욱 힘써 주시길 바랍니다. 인권과 관련해 우리 국민이 경찰에 거는 기대는 계속 높아지고 있습니다. 우리 경찰은 인권 보호에 노력하고 있지만, 날로 교묘해지는 범죄와 싸워야 하는 상황에서 어려움도 클 것입니다. 그럴수록 국민 보호라는 본래의 사명을 명심하고 인권보호에 최선을 다하는 선진경찰이 되어 주시길 바랍니다.
 
불법과 비리에 대해서는 단호하게 공권력을 집행해야 합니다. 선진사회와 비교할 때 우리의 부패지수는 아직도 높은 편입니다. 우리 사회의 가장 고질적 비리는 토착비리, 교육비리, 권력비리라고 할 수 있습니다. 이 3대 비리는 ‘공정 사회’의 가장 큰 걸림돌이라고 할 수 있습니다. 그동안 많은 성과를 거두어왔지만 이 3대 비리를 더욱 철저히 뿌리 뽑아서 공정사회를 앞당기는 데 경찰이 기여해 주시길 바랍니다.
 
경찰 내부 개혁을 지속적으로 추진하는 것도 중요한 과제입니다. 이제 경찰은 명실상부한 수사의 한 주체가 되었습니다. 자율이 커진 만큼 책임도 무거워졌습니다. 우리 경찰은 그동안 성과와 능력에 기반한 투명하고 공정한 승진, 보직 배치에 노력해 인사 공정성 면에서 많은 성과를 거두고 있습니다. 그러나 이에 안주하지 말고 더욱 노력해 주시길 당부합니다.
 
이전보다는 빈도수가 많이 줄었습니다. 그러나 경찰 스스로 비리를 저지르거나 직접 범죄에 가담하는 일까지 일어나서 국민에게 때로는 큰 실망을 주고 있습니다. 이는 성실히 근무하는 수많은 경찰의 명예를 크게 떨어뜨리는 일이라고 할 수 있습니다.
 
경찰은 이런 문제를 스스로 철저히 예방하고 그 어떤 범죄보다도 엄단해야 합니다. 선발 시 인성 조사에 더욱 만전을 기하고, 평소 소양교육에도 계속 노력해 주길 바랍니다. 경찰 제복을 입은 것에 큰 긍지와 자부심을 갖는 문화를 정착시키길 바랍니다.
 
사랑하는 13만 경찰과 전·의경 여러분!
 
언제나 범죄 위협과 격무에 시달리면서도 책임감 하나로 성실하게 근무하는 여러분의 수고와 헌신을 잘 알고 있습니다. 올해 7월 자신의 생명을 던져 급류에 휩쓸린 한 시민을 구조한 고 조민수 명예순경을 생각합니다. 그 비보를 듣고 우리 국민 모두가 가슴 아파했습니다. 여러분이 힘들게 일한 만큼 그에 상응하는 예우를 제대로 해 주지 못해 늘 안타깝게 생각합니다.
 
정부는 여러분의 처우와 환경을 개선하는 데 지속적인 노력을 기울여 나갈 것입니다. 격무 해소를 위해 인력을 증원하고, 직급 구조를 개선해서 계급별 불균형을 줄여 나갈 것입니다. 경찰 업무의 특수성을 고려한 수당체계도 앞으로 검토해야 할 과제 중 하나입니다. 국민의 생명과 재산을 지키는 안전과 인권의 수호자가 되어 주시길 다시 한 번 부탁합니다.
 
특히 내년은 총선과 대선이 있고 세계 50여 개국 정상이 우리나라를 찾는 서울 핵안보정상회의, 100개국 이상이 참여하는 여수세계박람회 같은 대규모 국제 행사가 개최됩니다. 국가적으로 매우 중요한 행사가 연이어 있는 만큼 여러분의 맡은 바 책임이 더욱 막중해졌습니다.
 
나는 지난해 서울 G20 정상회의에서 보여 준 우리 경찰의 높은 사명감과 세계 최고 수준의 업무 수행능력을 믿습니다. 안전과 법질서가 바로 선 선진일류국가를 만드는 데 여러분의 더 많은 협력을 당부드립니다.
 
경찰청 개청 20주년과 제66주년 경찰의 날을 맞아 모든 국민과 함께 다시 한 번 축하합니다.
 
여러분과 가정에 늘 행복과 건강이 함께하길 기원해 마지않습니다.
 
감사합니다."
1330501,이명박,한·미 FTA 비준동의에 관한 국정 연설,2011.10.28,국내,국회연설,"존경하는 국민 여러분, 박희태 국회의장과 의원 여러분!
 
오늘 대한민국 민의의 전당 국회에서 국정 현안인 한·미 FTA에 대해 설명하고 이해를 구하는 자리를 갖게 되어 대단히 기쁘게 생각합니다.
 
이번 미국 국빈방문 때 저는 시카고에 들렀습니다. 그곳에서 1893년 우리나라가 역사상 처음으로 시카고 만국박람회에 참여했고, 거기에 우리 옷・병・풍・활・화살 등을 전시했다는 사실을 알았습니다.
 
1960년대 경제발전을 시작했을 때 우리나라 주요 수출품은 우리 어머니와 누이들 머리카락을 잘라 만든 가발과 젊은 여공들이 밤새워 만든 봉제품뿐 이었습니다. 오늘날 세계 모든 나라 박람회에는 우리의 최첨단 제품들이 전시됩니다. 자동차・선박・전자제품・휴대전화 등 첨단제품을 비롯해 등산복에서 전기밥솥에 이르기까지 전 세계 방방곡곡, 5대양 6대주에 우리 제품이 없는 곳이 없습니다.
 
맥아더 장군이 100년이 지나도 일어설 수 없을 것이라 했던 그 참혹한 전쟁의 폐허와 지독한 가난을 딛고 우리는 일어섰습니다. 자본, 자원, 경험, 기술 그 어느 것도 없었던 대한민국이 먹고살 수 있는 길은 수출입국, 무역대국의 길밖에 없었습니다.
 
우리는 통상대국 대한민국의 꿈을 안고 중동의 사막에서, 아프리카 오지에서 뛰며 땀과 눈물로 무역대국을 건설했습니다. 우리의 꿈은 아직 끝나지 않았습니다. 우리의 경제영토는 더욱 확장되어야 합니다. 통상대국 대한민국의 꿈은 아직도 진행형입니다.
 
존경하는 의원 여러분!
 
지난 10월 12일, 저의 미국 국빈방문 동안 미 의회는 압도적 지지로 한·미 FTA 이행법안을 통과시켰습니다. 협상을 시작한 지 6년 만이지만, 한·미 FTA는 미국이 체결한 11개 FTA 중 최단기간 내에 상하원을 통과했습니다.
 
저는 오바마 대통령 초대로 워싱턴의 한국 식당 우래옥에서 저녁 식사를 하던 중 그 소식을 들었습니다. 많은 분이 노력했지만, 그렇게 빠르게 단숨에 통과될 줄은 몰랐기에, 오바마 대통령도 놀라고 저도 놀랐습니다.
 
미 의회는 한국 대통령 방문 기간에 FTA를 통과시키자는 중론에 따라서 상·하원이 토론을 병행하고 하원이 통과시키면 바로 상원 투표에 들어갈 수 있도록 배려했습니다. 반대하는 상·하원 의원들까지 표결에 참가했습니다. 반대표를 던진 한 상원의원은 저를 만나 “나는 반대표를 던졌지만, 매우 축하한다.”고 말했습니다.
 
또 다른 의원은 “상·하 양원이 초당적으로 FTA를 통과시킨 것은 양국 경제뿐 아니라 이미 견고한 한미동맹을 훨씬 더 강력하게 만든 것”이라고 높이 평가했습니다. 지난 17대 국회 당시 한·미 FTA를 추진하는 데 앞장서고 협력했던 많은 여야 의원께서 이 자리에 함께 계십니다.
 
지난 18일 한 간담회에서 저는 “노무현 전 대통령은 재임 때 한·미 FTA 협상을 주도한 분으로 역사에 분명히 기록되어야 한다.”고 말한 바 있습니다. 이전 한미 양국 정부가 지난한 협상과정을 거쳐 두 나라 사이에 든든한 나무를 심었습니다. 현 정부는 바로 그 나무의 열매를 맺고자 합니다. 그 열매는 미래 대한민국과 미국, 두 나라 국민이 거두게 될 것입니다.
 
존경하는 의원 여러분!
 
역사를 보면 담을 쌓은 나라는 망하고, 길을 닦은 나라는 융성했습니다. 우리가 만일 통상국가의 길을 가지 않고 폐쇄적인 자족 경제의 길로 갔다면 오늘의 대한민국은 없었을 것입니다.
 
1970년대 저는 기업인으로 국산 자동차 수출 촉진을 위해 미국 전역을 다녔습니다. 그때 저를 만난 교민들은 “그동안 미국 사람들이 한국을 가발만 파는 후진국으로 알다가 자동차를 파는 훌륭한 나라라고 놀란다.”면서 기뻐했습니다. 요즘 미국에선 한국 상품이 가장 좋은 상품을 파는 매장을 채우고 있습니다. 우리 국민 모두가, 또한 전 세계 우리 동포 모두가 저와 똑같이 오늘의 대한민국을 자랑스럽게 생각할 것입니다.
 
옛날에는 전쟁과 무력으로 영토를 넓혔습니다. 21세기 영토를 넓히는 길은 경제영토를 넓히는 것뿐이며, 경제영토는 바로 FTA를 통해서 넓힐 수 있습니다.
 
한·미 FTA를 체결하면 우리는 세계 3대 경제권인 미국, EU 27개국, ASEAN 10개국과 모두 FTA를 체결한 유일한 나라가 됩니다. 이미 인구 10억의 인도와도 FTA를 체결했습니다. 국토는 작지만 경제영토는 세계 최대 수준으로 넓어지는 것입니다. 미국·EU는 물론 중국·일본 등 주변국보다 네 배나 넓은 전 세계 61%가 우리 경제영토입니다.
 
거듭되는 글로벌 경제위기 속에서도 우리 수출은 넓어진 경제영토를 무대로 약진을 거듭하며 경제회복을 이끌었습니다. 지난해 우리나라 수출의 78%는 미국과 EU 외의 지역에서 이루어졌습니다. 다변화된 우리의 수출 시장은 글로벌 경제위기 속에서 더욱 강한 저력을 발휘하고 있습니다.
 
이처럼 통상은 세계 경제위기가 심각한 오늘날 새로운 성장동력입니다. FTA로 우리 국격도 높아졌습니다. 대한민국이 경제만으로 평가받던 시대는 지났습니다. 반 롬푸이 EU 상임의장은 한·EU FTA 체결 이유로 “대한민국과 EU가 가치를 공유하고 있다.”는 사실을 꼽았습니다.
 
공동의 가치란 민주주의, 시장경제, 인권, 법치입니다. EU는 아시아에서는 처음으로, 미국은 싱가포르에 이어 두 번째로 우리나라와 FTA를 맺었습니다. 이처럼 우리 국격이 높아지면 대한민국 이미지가 높아지고, 이는 곧 산업과 제품의 경쟁력 상승으로 이어집니다.
 
한·미 FTA는 또한 우리에게 다양한 실제적 이익과 효과를 가져다줄 것입니다. 지난해 미국 수입시장 규모는 1조 9,000억 달러로 중국·일본을 합친 규모와 같습니다. 한·미 FTA가 발효되면 우리는 주요 경쟁국에 앞서 세계 최대 단일국가시장인 미국시장을 선점할 수 있게 됩니다.
 
미국 의회의 한·미 FTA 비준 이후 중국과 일본은 상황 전개를 예의주시하면서, 한국과의 FTA 체결에 더 큰 관심을 기울이고 있습니다. 대외경제정책 연구원을 비롯한 10개 국책연구기관의 분석에 따르면, 협정 발효 후 10년 동안 우리 경제는 모두 5.7%의 경제성장 효과가 있을 것으로 예상됩니다. 제조업의 대미 수출은 매년 13억 8,000만 달러씩 늘어나고, 제조업 무역수지 흑자도 매년 5억 7,000만 달러씩 증가할 것입니다.
 
가장 중요한 일자리도 크게 늘어납니다. 향후 10년간 서비스업 27만 개, 제조업 8만 2,000개해서 모두 35만 1,000개의 일자리가 창출될 것입니다. 지적재산권 관련 직종, 국제변호사, 통상전문가 등 우리 젊은이들이 선호하는 유망직종의 인력 수요도 증가할 것입니다.
 
우리 기업 또한 실질적 혜택을 볼 것입니다. 우선 우리의 대표적인 대미 수출품목인 자동차 부문 수출이 호조를 보일 것입니다. 우리 자동차의 품질 경쟁력은 지속적으로 개선되어 왔습니다. 여기에 관세가 철폐되는 시너지 효과가 더해지면 우리 자동차업계의 대미 수출은 물론 영업 이익도 크게 늘어날 것입니다.
 
대기업만 아니라 중소기업의 이익도 매우 큽니다. 관세가 인하되면 직접 수출은 물론 대기업 납품을 통한 간접수출도 늘어날 것입니다. 실제로 중소기업의 절반 이상이 FTA가 체결되면 대미 수출이 확대되어 매출이 증가할 것으로 보입니다. 미국 중간재 수입비용이 감소해 제조원가가 절감되고 각종 수수료도 면제되어 수출비용이 절약될 것입니다. 특히 자동차 부품은 발효 즉시 관세가 철폐되므로 관련 중소기업에는 엄청난 기회가 될 것입니다. 현재 자동차부품 업체는 5,000여 개이고 종사자는 30여만 명이나 됩니다.
 
한·미 FTA는 침체된 섬유업계에도 재도약의 기회를 부여할 것입니다. 관세 철폐로 중국, 베트남 같은 경쟁국에 비해 가격 경쟁력을 확보할 수 있습니다. 특히 높은 기술이 필요한 인조섬유 같은 고품질·기능성 제품 시장에서 고율관세 철폐로 수출이 확대될 것입니다. 이런 업종은 대부분 대기업과 중소기업이 긴밀한 협력 관계에 있습니다.
 
이처럼 한·미 FTA는 대기업과 중소기업을 망라한 우리 경제 전체에 긍정적인 효과를 발휘할 것입니다. 특히 미국 진출을 원하는 일본, 중국 등의 기업이 한국에 투자를 크게 늘릴 것이고, 그에 따라 일자리도 많이 생길 것입니다.
 
지금까지 말씀드린 사항이 장밋빛 희망이 아니라는 것은 이미 체결한 FTA의 성과가 입증합니다. 지금까지 우리나라는 칠레·싱가포르·EFTA·ASEAN·인도, EU, 페루와 협정을 맺었습니다. 협정 체결 후 교역량이 지난 8년간 칠레와는 4.6배, 6년간 EFTA와는 3.2배, 싱가포르와는 1.8배, 5년간 ASEAN과는 1.6배, 2년간 인도와는 1.4배 늘었습니다.
 
한·EU FTA도 발효된 지 3개월밖에 되지 않았지만 그 효과가 나타나고 있습니다. 유럽 경제의 침체 속에서도 FTA로 혜택을 보게 된 품목 수출이 19% 늘어나 EU에 대한 수출 증가를 견인하고 있습니다. 특히 대표적인 수혜품목인 자동차(111%), 석유제품(104%), 자동차부품(26%) 수출이 크게 늘었습니다.
 
더욱 중요한 사실은 무역수지 흑자가 확대되었다는 것입니다. 2010년 FTA 발효국과의 무역수지 흑자는 협정 체결 전 70억 달러에서 188억 달러로 세 배 가까이 늘었습니다. FTA는 우리 경제 시스템뿐 아니라 사회 전반의 수준과 경쟁력도 한 단계 높일 수 있는 중요한 계기가 될 것입니다.
 
그동안 우리나라가 추진했던 FTA를 통해 FTA가 우리에게 ‘기회의 장’이 된다는 사실을 더욱 확실히 알 수 있습니다. 지금 우리의 많은 기업과 상품은 이미 세계일류 수준입니다. 그 기업과 상품, 그리고 우리의 인재가 세계에서 가장 넓고 발전한 경제시장인 미국을 향해 자유롭게 나아갈 수 있는 계기가 바로 지금 우리 눈앞에 있습니다.
 
존경하는 의원 여러분!
 
한·미 FTA를 우려하는 목소리가 있다는 것도 잘 알고 있습니다. 지난해 말 추가협상으로 두 나라 간 이익의 균형이 깨졌다는 말이 있습니다. 자동차 분야에서의 양보에 비해 얻은 것이 별로 없다는 지적입니다.
 
FTA 비준이 지연된 2년 동안 우리 자동차의 미국시장 점유율이 두 배 이상 늘자 미국 측은 재협상을 요청했습니다. 지난해 우리는 미국에 51만 대의 자동차를 수출해서 미국 시장의 4% 이상을 차지했지만, 국내에 수입한 미국차는 1만 3,000대로 우리 시장의 0.5%에 불과합니다. 협상에는 서로의 이익을 고려하는 균형이 필요합니다. 자동차업계에서도 협상 타결이 더 큰 이익이 된다며 환영하고 있습니다.
 
영세한 우리 양돈업계와 중소 제약업계가 경쟁력을 키우기 위해 필요한 시간을 확보하는 성과도 있었습니다. 정부는 한·미 FTA 체결로 인한 피해 보완을 위해 총 22조 1,000억 원의 재원을 마련해 지난 2008년부터 집행하고 있습니다. 특히 경쟁력 강화를 위해 농축산업 시설 현대화 사업의 예산을 두 배 가까이 늘렸습니다.
 
자금·세제 지원대책도 마련했습니다. 농수산업과 축산업의 경우 수입 증가로 가격이 기준 이하로 떨어지거나 재배나 사육을 중단하게 될 경우에는 정부가 적극 지원하게 해 놓았습니다. 매출액, 생산량이 감소한 기업은 융자와 컨설팅 지원을 받을 수 있습니다.
 
정부 출범 이후 시행하고 있는 축산업 발전대책과 한·EU FTA 보완대책을 합하면 총 26조 2,000억 원에 달하는 농축수산업 지원대책이 마련되어 있습니다. 이에 더해 지난 6월부터는 한·미 FTA 관련 피해 보완을 위해 여야와 정부가 협의체를 구성해 의견을 수렴하고 있습니다.
 
국회 농림수산식품위원회가 제시한 예산·세제지원 확대 등 여러 요구사항에 대해서도 적극적으로 검토해 반영하고 있습니다. 앞으로도 미비점이 있으면 여야 논의에 따라 보완해 나갈 것입니다.
 
하지만 저는 단순히 피해를 보상하는 것보다 경쟁력을 강화해 세계시장으로 나아가게 하는 것이 더욱 중요하다고 생각합니다. 어떤 분은 우리 농어업에 희망이 없다고도 합니다. 하지만 저는 이번 기회를 농어업이 새롭게 도약하는 기회로 만들어야 한다고 생각합니다.
 
우리 기업들도 초기에는 경쟁력이 매우 약했습니다. 그러나 이제는 세계적인 경쟁력을 가지게 되었습니다. 우리 농어업도 경쟁력을 가질 수 있고, 우리 농어업인에게는 그렇게 할 수 있는 능력이 있습니다.
 
한·칠레 FTA 비준 당시 우리 포도산업이 막대한 타격을 받을 것으로 우려했지만 국내 포도 생산액은 오히려 증가했습니다. 그동안 우리 농업인이 시설과 재배기술을 발전시켜 당도가 높고 더 맛있는 포도를 생산해 냈기 때문입니다. 우리 농어업은 수출산업으로 거듭나고 선진화해야 합니다. 이미 그러한 변화가 시작되었습니다.
 
농어업은 이제 단순히 생산만 하는 1차산업이 아니라 제품을 가공하고 다양한 서비스를 제공하는 2차, 3차산업이 결합된 복합산업으로 바뀌고 있습니다. 지난해 우리나라 농식품 수출액은 59억 달러로 2009년보다 11억 달러 증가했고, 올해는 76억 달러를 목표로 하고 있습니다. 인건비가 대단히 높은 덴마크가 우리나라에 삼겹살을 수출하는데 우리라고 노력하면 왜 그렇게 할 수 없겠습니까.
 
저는 확신합니다. 농업을 고부가가치 수출산업으로 육성할 수 있습니다. 젊은이들이 새롭게 도전하는 산업으로 만들 수 있습니다. FTA를 오히려 이러한 대전환의 계기로 삼는 발상의 전환이 필요합니다.
 
일부의 우려와 달리 한·미 FTA로 소상공인의 추가 부담은 거의 없을 것으로 생각합니다. 한·미 FTA는 우리가 이미 체결한 다른 무역협정의 개방 수준과 같기 때문입니다. 미국 기업이 소상공인 영업 부문에 들어올 가능성도 거의 없습니다.
 
우리 국회는 전통시장과 골목상권을 보호하기 위해 기업형 슈퍼마켓(SSM) 규제를 강화한 「유통산업발전법」과 「대・중소기업 상생협력 촉진에 관한 법률」을 통과시켰습니다. 정부도 우리 소상공인과 전통시장의 경쟁력 확보를 위해 올해 7,000여억 원의 예산을 투입, 지원하고 있습니다.
 
공공기관의 중소기업 제품 구매여건을 더욱 개선하고, 소상공인의 업종별 경쟁력 제고 방안도 면밀히 검토, 시행할 것입니다. 또한 창업교육, 컨설팅, 상권 정보 제공 등을 통해 과밀업종보다 유망한 신사업을 하도록 유도하고 있습니다. 이것은 FTA에 대한 피해대책이나 보호대책이라기보다 우리 서비스산업의 경쟁력 강화와 선진화를 위한 정부의 일관된 노력입니다.
 
우리나라 서비스산업 생산성은 아직 주요 선진국에 비해 많이 낮은 수준입니다. 서비스산업은 그 자체로도 중요하지만, 서비스하는 상품의 파급 효과 때문에 더욱 중요합니다. 유명한 외국 커피전문 브랜드들은 커피와 함께 문화도 팔고 있습니다. 이를 통해 높은 수익을 올립니다. 이제 해외시장에 진출하는 국내 커피브랜드들도 생겼습니다. 같은 물건을 팔아도 서비스에 따라 얼마나 팔릴지, 얼마에 팔 수 있을지가 크게 달라집니다.
 
디지털 강국인 우리는 세계 최고의 기술로 교육·문화·의료·교통·물류·음식·숙박·금융 등 다양한 서비스산업의 발전을 이끌어 낼 수 있을 것입니다. 특히 한류가 전 세계로 뻗어 나가는 지금은 우리의 문화·예술·관광 등 서비스산업이 세계에 진출하기에 매우 유리한 때입니다.
 
정부는 서비스산업에 대한 세제지원 확대, 규제개혁, R&D 촉진 등에 집중할 것입니다. 한·미 FTA를 계기로 서비스산업 선진화에 일층 박차를 가하겠습니다.
 
존경하는 의원 여러분!
 
이번 한·미 FTA는 한미 두 나라를 넘어 세계에도 매우 긍정적인 메시지가 될 수 있다고 생각합니다. 세계 경제위기에도 불구하고 자유무역이 나아갈 길이라는 의지를 분명히 했기 때문입니다. 세계 경제에 위기가 올 때 위기의 해법은 교역과 통상의 확대라는 것을 역사는 증명합니다.
 
1930년대 대공황이 찾아왔을 때 세계 각국은 홀로 살길을 찾아 경쟁적으로 보호무역주의와 블록화의 길로 나아갔습니다. 대공황의 그늘은 더욱 깊어졌고 결국 세계대전의 비극을 초래했습니다. 2008년 세계 금융위기는 대공황에 버금가는 전대미문의 경제위기였습니다. 그러나 그 해법은 달랐습니다.
 
전례 없는 지구적 경제위기 앞에서 세계 GDP의 85%를 차지하는 20개국 정상이 워싱턴에 모였습니다. 저는 2008년 워싱턴 G20 정상회의에서 무역·투자와 관련한 새로운 장벽의 동결과 자유무역을 강력하게 주장했습니다. 이 Stand-Still 제안은 정상공동성명에 반영되어 세계적 공조의 길을 여는 데 기여했습니다.
 
2009년 런던 G20 정상회의는 동결 원칙을 위반한 보호주의 조치의 ‘원상회복’을 결의했습니다. 파국적 위기를 피할 수 있었고, 이런 가운데서도 우리나라는 경제위기를 가장 모범적으로 극복한 나라가 되었습니다. 하지만 세계 경제는 2008년 세계 금융위기에 이어 다시 글로벌 재정위기로 어려움을 겪고 있습니다. 재정 고갈로 정부의 여력이 제한된 가운데 결국 통상의 확대에서 성장동력을 찾을 수밖에 없습니다.
 
다자간의 보편적인 무역자유화가 보다 이상적이지만, 현재로서는 FTA가 가장 실제적인 통상 확대 방법입니다. 다자간 도하개발어젠다 협상은 각국의 이해 대립으로 2006년 이후 진전이 없기 때문입니다. 다자주의가 난관에 부딪힌 지금 FTA 이외에 자유로운 경제영토를 개척하는 길은 없습니다.
 
한·미 FTA로 대한민국은 세계 최대의 단일시장에 진출했고, 미국은 21세기의 가장 역동적인 성장 지역인 아시아에 교두보를 마련했습니다. 한·미 FTA는 서로에게 더 많은 일자리, 더 많은 기회를 제공하는 윈-윈 협약이라고 생각합니다.
 
한·미 FTA 체결은 세계 경제의 위기를 극복하는 길은 보호 무역이 아니라 자유무역이라는 강력한 메시지를 세계에 던질 것입니다. 저는 한·미 FTA가 세계 경제의 성장에는 물론 동북아시아의 번영과 평화에도 크게 이바지할 것이라고 믿습니다.
 
한·미 FTA로 한미 관계는 안보동맹을 맺은 지 60년 만에 경제동맹을 더해 더욱 굳건한 동맹으로 거듭날 것입니다. 경제적 번영을 위해서는 평화가 필요하며, 튼튼한 한미동맹은 주변국에 위협이 되는 것이 아니라 역내 안정과 평화에 기여함으로써 더 깊은 동북아 경제통합의 디딤돌이 될 것입니다.
 
존경하는 의장, 그리고 의원 여러분!
 
세계 경제는 지금 어느 때보다 불안정한 모습을 보입니다. 위기가 장기화 될 수 있다는 우려도 높아지고 있습니다. 이럴 때일수록 우리는 통상 대국의 길을 가야 합니다. 한·미 FTA는 그 상징이자 실질적 계기입니다. 오늘 우리가 시작한 FTA 효과는 다음 정부에서 나타날 것이고, 우리 미래 세대가 그 결실을 거둘 것입니다.
 
한·미 FTA는 국가와 국민을 위해 과거와 현재 정부, 그리고 국회가 함께 추진해 온 일입니다. 여와 야가 따로 한 일이 아닙니다. 한·미 FTA와 관련해 앞으로도 국민의 의견을 폭넓게 수렴하고 국회와 적극 협의해 추가대책을 검토해 나가겠습니다.
 
저는 우리 국회에서 이 비준동의안이 조속히 통과되기를 간절히 기대합니다. 진정한 국익을 생각하는 애국심이 우리를 하나로 만들 것입니다.
 
의원 여러분의 미래지향적 결단이 대한민국의 앞날을 활짝 열 것입니다.
 
감사합니다."
1330510,이명박,미국 NPR 라디오 인터뷰,2011.11.09,국내,기타,"NPR 라디오¹? 인터뷰질문 미국 방문이 어떠셨습니까. 미국 언론이 한미 관계, 이명박 대통령과 오바마 대통령이 얼마나 가까운 관계인지를 많이 보도했는데요대통령 좋았습니다. 한미는 역사적으로 오랜 군사동맹 관계인데 이제 새로운 단계로 들어가는 것 같습니다. 미래 가치를 공유하고 국제 문제를 논의하는 데 테러·반테러 문제를 비롯해 핵확산?기후변화, 이런 여러 가지까지 공유하는 동맹 관계로 발전했습니다. 오바마 대통령과의 관계에 대해 언급하셨는데, 오바마 대통령이 동양적 면모도 좀 있는 것 같습니다. 겉으로는 부드럽지만 마음이 아주 강한 편인데, 여러 문제를 놓고 견해를 같이하는 동질감을 갖고 있습니다. 서로 대화가 잘되는, 그런 관계이기 때문에 매우 가까운 사이로 보는지도 모르겠습니다.질문 대통령의 자서전을 읽었습니다. 인생역정을 살펴보면서 감명을 받았습니다. 어린 생활에 대해서 말씀해 주시고, 빈곤이 대통령의 세계관에 어떤 영향을 미쳤는지도 알려 주십시오.대통령 내가 어렸을 때는 한국 사회 전체가 가난했었습니다만 우리 가정은 그중에서 좀 더 가난했다고 볼 수 있습니다. 형제가 많았고요. 우리가 살던 동네는 바로 이웃집에 거지가 살았을 정도입니다. 우리가 거지보다 형편이 나았던 것은 아니지만 옆집 사람은 구걸을 했고 우리는 구걸하지 않았다는 차이가 있을 것입니다. 옆집은 남의 것을 얻어서 자식을 먹였고, 우리 부모는 자립심을 키워 주고 희망을 주었습니다. 그런 차이가 있는 것 같습니다.그런데 보통의 경우 아주 가난하게 자라면 성인이 되어서도 가난의 티가 성격에 반영이 되고 그러는데 우리는 그런 것이 전혀 없습니다. 왜냐하면 어렸을 때 어머니가 항상 가난 속에서도? 사실 밥을 제대로 못 먹고 배고플 때 대신에 물을 마시게 했지만, 남을 배려하게 하고, 이웃집에 어려운 일 있으면 도와주게 했습니다. 남을 도와주되 어떤 것도? 빵 한 조각도 얻어먹지 못하게 하고, 어릴 때부터 남을 배려하고 봉사하라고 배웠기 때문에 가난의 티가 없는 것 같습니다. 우리 동네는 가난에 찌들었지만, 조그마한 방 한 칸에서 지내는 우리 부모는 행복하고 기도하는 모습이었습니다. 나는 가난한 이웃의 영향을 받지 않고, 따뜻하고 사랑이 넘치는 부모의 영향을 받은 것이 다행이라고 생각합니다.질문 대통령께서는 학생시절에 학생운동으로 감옥에 수감되신 적이 있고 현대 회장으로서도 심문받은 적이 있습니다. 기독교 신앙이 어떤 힘이 되었는지 궁금합니다. 특히 대통령하면서 신앙이 북한을 상대할 때 어떠한 영향을 주는지 말씀해 주세요.대통령 기본적으로 기독교 정신의 영향을 받은 것은 사실입니다. 어머니로부터 어렸을 때부터 기독교의 영향을 받았습니다. 어렸을 때는 일자리를 구해 월급을 받는 것이 큰 소망이었습니다. 첫 일자리로 현대에 들어가 거기에 서 젊은 나이에 CEO가 되었고, 기업이 커 가는 과정에서 많은 일자리를 만드는 데 기여했다는 점에서 보람을 느꼈습니다. 가난한 젊은이에게 일자리라고 하는 것은 행복이고 복지가 된다고 생각했습니다.서울시장을 거쳐 대통령이 되어서, 이제 세계 경제가 두 번째 심각한 위기를 맞이하는 이 시점에도 여전히 일자리를 많이 만들어 젊은이들에게 희망을 줘야 한다, 가난한 사람들에게 희망을 줘야 한다고 생각합니다. 삶을 통해 터득한 것이지만, 사회에 재산을 내놓은 것도 우리 어머니가 남을 위해서 일하라고 하신 말씀을 지킨 것이기 때문에, 어머니와의 약속은 어떻게 보면 신앙적인 약속이라고 할 수 있습니다.북한 문제도 여러 가지 복잡한 문제가 있지만 북한 어린이들에게는 먹을 것을 제대로 먹도록 도와줘야 한다는 생각을 지금도 갖고 있습니다. 가난 속에 서도 훌륭한 부모를 만났다는 것이 큰 행운입니다. 하루 세 끼 빵을 주지 못했고 교육도 제대로 시켜 주지 못했고, 새 옷 한 번 입혀 주지 못했던 부모지만, 아버지는 정직하고 성실하게 살 것을 본인이 직접 삶으로 보여 주셨고, 어머니는 철저한 기독교적 봉사?사랑, 이런 가르침을 많이 주셨기 때문에 내가 그 영향을 많이 받은 것 같습니다.질문 자서전을 보면 대통령직에 대해서 거의 언급을 안하셨던데 특별한 이유가 있나요. 어떠한 업적으로 기억되고 싶으신지요. 10·26 보궐선거 결과 야당이 서울시장 선거에서 이겼는데, 이로 인해 대통령님 정책에 변화가 있지 않을까요.대통령 이 책은 기본적으로 정치인이 되기 이전의 이야기를 썼습니다. 이다음에 책을 쓴다면 그 이후 스토리가 나올 것입니다. 한국은 보궐선거가 거의 매년 있습니다. 보궐선거에서는 집권정당이 이길 때도 있고 질 때도 있습니다. 가장 큰 이유는 한국 국민이, 특히 젊은이들이 우리 정치와 우리 사회 전반의 변화를 요구하기 때문이 아닌가 생각합니다. 아마 서울시장 선거에서도, 사실은 야당 후보라고도 할 수 있지만 NGO, 정당에 소속되지 않은 사람이 당선되었다고도 할 수 있습니다. 이는 우리 사회 새로운 변화를 요구하는 국민의 뜻이 반영된 것이라고 봅니다.질문 기자이기 때문에 이 질문을 안 드리면 직무유기일 것 같은데, 한나라당 25명 초선의원이 공개 사과를 요구하고, ‘747 공약’ 철회를 요구했는데, 사과할 의향이 있으신지요.대통령 나 역시 서울시장에 당선될 때 야당 시장으로 당선되었습니다. 그 때에도 변화에 대한 욕구가 당선 요인이었다고 생각합니다. 지금 한국뿐 아니라 세계 모든 나라가 청년 일자리 문제나 빈부 격차로 비슷한 변화 요구를 받는 것이 사실입니다. 미국도 마찬가지이고 유럽도 마찬가지입니다. 우리 사회도 비교적 수치적으로는 실업률이라든가 경제성장률에서 나은 편이지만 우리 국민도 그런 점에서 불만이 있습니다.대학생들이 일자리를 당장 구할 수 없고, 또 일자리 가진 사람들도 세계 경제가 어려우니까 내가 언제 일자리를 잃을지 모른다는 그런 불안감을 갖고 있는 것은 사실입니다. 25명의 의원도 그러한 생각을 가진 젊은 의원이 대부분이고, 답변을 안 하는 것으로 답변을 보내고 있지만, 그것을 깊이 생각하지 않는 것은 아닙니다.질문 북한에 대해서 질문드리겠습니다. 어제만 해도 정부가 WHO를 통한 북한 의료 지원을 공식 발표했습니다. 최근에 류우익 통일부 장관을 새로 임명했고, 남북대화도 최근에 몇 차례 이뤄진 것으로 알고 있습니다. 이러한 모든 변화가 북한의 천안함, 연평도 사건에 대한 사과가 전혀 없는 상태에서 일어나는 것이라서 혹자는 기존 대북정책이 방향 전환되는 것으로 받아 들이기도 하는데요.대통령 결론적으로 말하면, 우리 정부의 대북정책에는 변화가 없습니다. 우리 대북정책은 처음부터 매우 유연한 정책이었습니다. 북한이 잘못한 것은 잘못을 인정하게 하고, 또 북한이 평화를 원하면 더 적극적으로 이야기하자고 하는 그 원칙은 지금도 변함이 없습니다. 그리고 북한 어린이를 위한 약품과 영양제를 보내는 것은 처음부터, 천안함 사건 났을 때에도 그것만은 제재 조치에서 제외하겠다고 발표를 했습니다.연평도 포격 도발이 발생했을 때 잠시 멈췄지만 그 이후에도 계속 원칙대로 해 나가고 있고, 이런 의미에서 WHO를 통해서 의약품을 보내는 것입니다. 우리는 원칙을 지키고 있으며 이것은 상당한 성과가 있다고 봅니다. 성과가 없는 게 아니라 눈에 보이지 않는 성과가 있다고 말할 수 있습니다.질문 어떤 변화인가요.대통령 눈에 보이는 변화는 더 기다리면 나타난다고 생각합니다. 나는 지금도 항상 열린 마음을 갖고 있습니다. 북한이 진정한 마음으로 대화를 하고자하고, 한반도 평화에 기여하고자 한다면 우리는 언제든지 어떠한 형태의 대화도 할 준비가 되어 있습니다. 이런 사실을 북한도 잘 알고 있을 것이라고 생각합니다. 그리고 나는 북한이 중국이나 베트남으로부터 배워서 그렇게 변화를 하면 경제적으로 번영할 수 있다는 것을 항상 주장하고 있습니다.질문 그런 정책으로 인해 북한이 중국?러시아 쪽으로 자꾸 붙게 되는, 그렇게 됨으로써 한국이 소외되는 결과로 이어지는 것은 아닌지요.대통령 그 질문은 사실 적합하지 않습니다. 저는 북한을 향해 중국을 배우라고 하고, 중국에 자주 가 보라고 합니다. 그건 중국정부도 알고 있습니다. 중국은 북한하고 특별한 관계를 맺고 있고, 많은 대화를 하기 때문에 경제적으로 조금 중국에 경도되었다고 하지만 그 점은 전혀 염려하지 않습니다. 오히려 중국을 배우는 기회다, 이렇게 생각하기 때문에 “경도되었다, 한국이 소외된다.”는 건 아니라고 봅니다. 저는 북한이 자꾸 소외되는 걸 걱정하는 것입니다. 북한은 중국이나 러시아마저 관계가 끊어지면 기댈 데가 없습니다.중국과 러시아와의 관계는 오히려 북한을 국제사회로 나오게 하는 하나의 길일 수도 있습니다. 중국과 러시아와 우리는 북한 문제에 대해 늘 대화를 합니다. 정상 간에도 늘 대화를 합니다.질문 미국 방문을 성공적으로 잘 마쳤는데, 최근 한국에서 한·미 FTA 통과가 어려워지고 있어 많은 어려움이 있는 것 같습니다. 대통령은 한·미 FTA가 한국 국회를 통과 못하는 게 개인적으로 실패라고 생각하시는지요. 한국국민을 좀더 적극적으로 설득할 필요가 있다고 생각하시는지요. 아니면 한국내의 여러 반미 정서 때문에 어려움이 있는 것입니까.대통령 FTA는 원칙적으로 우리 국민 다수가 지지를 보내고 있고, 집권 여당도 찬성하고 특정 집단 내의 많은 다수가 찬성하고 있습니다. 또 한국의 기업인들이, 중소기업을 하든 대기업을 하든 모두가 환영하기 때문에 결국은 통과될 것이라고 기대합니다. 여야 간에 FTA 문제를 놓고 논쟁을 하는 것은 FTA 자체보다도 정치적 논쟁이라고 보기 때문에 다소 진통은 있지만, 내년 1월부터 발효될 수 있을 것으로 기대하고 있습니다.질문 혹시 FTA도 한국 내 반미 정서 때문에 영향을 받는지요. 한미정부 관계가 최근에 최상의 수준에 올라와 있다고 많은 사람이 평가하는 반면에 사람 대 사람 간 교류에 대해서는 부정적 견해도 있는 것 같은데요.대통령 한미 관계는 기본적으로 국민과 국민, 인적 교류로 아주 좋습니다. 또 젊은 세대도 다 좋아하고요. 그러나 반미적 사고를 가진 사람은 수가 적지만 행동을 강하게 표시하기 때문에 (Louisa Lim 기자도) 언론인 출신이지만, 그것이 항상 언론에 나와 그렇습니다. 사실 정부 간 교류뿐만 아니라 인적 교류도 좋다고 이야기할 수 있습니다. 소수의 반미적 사고를 가진 사람들이 FTA문제에 영향을 좀 주고 있지만, 민주주의 사회라고 하는 것은 언제든지 다양한 생각을 갖고 나타낼 수 있으니까요.다수 집단이 어떻게 가느냐 하는 것이 중요하지만, 민주주의 국가에서는 소수의 의견이 어디든지 있을 수 있기 때문에 소수의 의견도 참고합니다. 미국도 한·미 FTA를 반대하는 의원이 많지만 다수가 찬성하기 때문에 되는 것입니다.질문 한국은 민주화된 나라인 데다 국민의 교육 수준이 상당히 높고, 인터넷도 전 세계적으로 가장 잘 연결이 되어 있는데, 국가보안법이 여전히 존재합니다. 이것을 외국인이 보면 의아하다는 생각이 듭니다. 국민의 교육 수준이 높은데 이 법을 계속 존속해야 할 필요성이 있는지요. 대통령 미국도 남북한과 같이 분단되어 있으면 그런 법을 가질 것입니다. 남북이 분단된 특수한 사정 때문에 그런 것이 아니겠습니까. 지구상에는 우리처럼 가까운 거리에 강력하게 무장한, 호전적인 정권이 있는 나라가 있다는 사실을 직시한다면 다소 이해할 수 있다고 봅니다. 앞으로 남북 관계가 보다 더 발전하게 되면 이것은 자연스럽게 그에 맞도록 변화를 가져올 것이라고 생각합니다. 참고로 저도 학교 다닐 때에는 그 법을 반대했습니다.질문 그래서 대통령의 인생역정이 참 흥미롭습니다. 많은 사람이 대통령께서 쓰신 책을 보고는 대통령의 인생역정이 한국의 발전과도 유사하게 이루어졌다고 하는데, 여기에 대해서 어떻게 생각하십니까.대통령 나 자신이 한국의 전후 세대나 마찬가지인데, 아주 가난했던 그런 나라가 이제 선진국 문턱까지 왔습니다. 아시다시피 나는 가난한 사람이었고, 미국 선교사가 가져온 헌 옷을 얻어 입기 위해 줄을 섰던 사람 중 하나였습니다. 그랬던 내가, 개인적으로도 어느 정도 부유한 쪽에 속하고, 또 국가적으로도 그렇게 되었습니다. 그리고 지금 대한민국정부는 다른 나라를 원조하는 입장입니다. 개인적으로도 재단을 만들어서 남을 돕고 있지만, 국가적으로도 다른 나라를 돕는 입장으로 바뀌었습니다. 나와 같은 삶을 살아온 사람이 한국에 많이 있습니다.질문 이번에 나온 자서전은 도전을 극복하는, 그래서 승리한 인생역정이 주제라 할 수 있겠는데, 퇴임한 이후의 책에는 무엇을 쓰실 것인가요.대통령 지금 나온 책은 미국을 포함해 세계의 젊은이들에게 희망을 주고 싶고, 좌절하지 말고 도전하라는 메시지를 주고 싶어서 썼습니다. 그리고 다음 책에는 대한민국이 글로벌한 나라가 되었기 때문에 그 과정에서 세계 정상들과 일하면서 세계가 앞으로 가야 할 길, 세계가 공동으로 도전해야 할 과제에 대해 많은 고민을 했습니다. 앞으로 쓴다면 그런 것에 대해 쓰고 싶습니다. 질문 빌 게이츠 등 관련 재단과 협력하는 것으로 알고 있습니다.대통령 대통령직을 수행하면서 자문기구가 만들어졌는데, 세계 각국의 지도자들로 구성되었습니다. 빌 게이츠 회장도 그중 한 분이지요. 사실은 얼마전 에티오피아에 가서 봉사 활동을 하게 된 것도 빌 게이츠 회장이 나에게 권유한 것이 계기가 되었습니다. 그래서 에티오피아에 가서 이틀 동안 국가 정상으로서가 아니라 개인으로 봉사를 했습니다.빌 게이츠 회장도 아프리카에 가서 직접 봉사하고 어린이들을 위한 백신사업을 하고 있습니다. 여러 가지 측면에서 나와 같은 생각을 갖고 있기 때문에 앞으로도 이런 문제에 대해서는 계속 협력하며 관계를 갖고자 합니다.질문 미국의 피스코(Peace Corp) 같은 것을 생각하시는 것인가요.대통령 월드 프랜즈 코리아(World Friends Korea : 민?관통합 한국정부 파견 해외봉사단)라고 해서 이미 시작했습니다. 벌써 약 6,000여 명이 세계 각국에 나가 봉사하고 있습니다. 피스코와 같은 맥락입니다. 지금 시대에 맞는 봉사를 하고자 하는데 앞으로 한 2만 명까지 계속 확대하려고 합니다. 물론 대한민국의 ODA 자금도 계속 확대해 가고 있고요.질문 NPR과 인터뷰를 해 주셔서 큰 영광으로 생각합니다. 참고 :: 1) 미국 전역 공공 라디오 방송"
1330549,이명박,제79차 라디오·인터넷 연설 - 내복을 입으면 마음까지 따뜻해집니다,2011.11.28,국내,기타,"안녕하십니까, 대통령입니다!
 
찬바람이 불면서 낙엽도 다 지고, 겨울 문턱에 성큼 들어선 것 같습니다.
 
부쩍 추워진 날씨에 시장에서 장사하시는 분들, 밖에서 일하시는 분들이 고생이 많을 것으로 생각합니다.
 
이제 김장철이 다가왔습니다. 저 어렸을 때는 집에서 메주도 쑤고 처마에 시래기도 말리면서 겨울나기를 준비했던 기억이 납니다. 요즘도 가정에서 김장과 겨울나기 준비에 바쁘실 것 같습니다.
 
정부는 이달 초부터 김장채소 수급안정대책반을 운영하고 있습니다. 양념값은 많이 올랐습니다만 배추값이 많이 떨어져서 전체 김장 비용은 지난해보다 덜 든다고 하니 그나마 다행입니다. 배추는 생산농가 피해가 적도록 출하시기를 조절하고, 양념 재료는 수입 물량과 농협 계약재배 물량 공급을 확대해 나가겠습니다.
 
사랑하는 국민 여러분!
 
올 한 해를 되돌아보면, 거듭되는 세계 경제위기 속에 중산층의 삶도 쉽지 않았고 서민들의 생활은 한층 더 어려워졌습니다.
 
장사하시는 분들도 장사가 잘 안 돼서 참 힘들 것입니다. 일자리를 찾고 있지만 아직 구하지 못한 채 또 한 해를 보내야 하는 젊은이들을 생각하면 정말 가슴이 아픕니다. 더욱이 올겨울은 장기 한파가 계속되고, 폭설이 내릴 가능성이 크다고 합니다. 날씨가 추우면 혼자 사시는 노인, 소년소녀가장 모두들 생활이 더욱 어려워집니다.
 
정부는 사회의 취약계층이 겨울을 조금이나마 따뜻하게 날 수 있도록 동절기대책을 시행하고 있습니다. 정부는 2008년 이래 가구당 17만 원어치 연탄을 쿠폰 형식으로 계속 지원하고 있습니다만, 소년소녀가장, 조손가구에 대해서는 난방용 유류를 올해부터 조금 더 확대해서 지원하도록 하겠습니다.
 
올해 8월부터 시작한 저소득층 전기요금 정액 할인도 계속해서 시행하도록 하겠습니다. 정부로서는 또 한 가지 큰 걱정거리가 있습니다. 어떻게 하면 전력 부족 없이 올 겨울을 날 수 있을 것인지 고민입니다. 정부는 발전소 건설을 포함해서 전력공급을 늘리기 위해 최선을 다해 왔지만, 급증하는 전력수요를 따라가기가 벅찬 실정입니다.
 
우리나라는 전력소비 증가율이 다른 나라에 비해 매우 높습니다. 경제성장률을 훨씬 뛰어넘습니다. 특히 최근 몇 년간 겨울 전기수요가 한여름 전기수요보다도 더 늘어나는 현상이 일어났습니다. 예상대로라면 올 겨울 전기 부족으로 비상사태를 맞을 가능성이 있는 것도 사실입니다.
 
단 몇 시간 만이라도 정전 사태가 일어난다면 상상도 못할 피해가 발생할 수 있기 때문에, 그런 일이 있어서는 결코 안될 것입니다. 전력 문제는 단순한 에너지 절약 차원이 아니라 위기관리 차원에서 국민 모두 절박한 심정으로 엄중하게 받아들여야 할 것입니다.
 
사랑하는 국민 여러분!
 
예상되는 전력난에 대처하기 위해서 정부는 다양한 대책을 세워 놓았습니다만, 국민 여러분의 협조가 절실합니다.
 
지난여름 원전사고로 대규모 전력난을 겪고 있던 일본을 방문했을 때 보니 정부와 기업, 국민이 서로 협의해서 치밀한 절전을 실천하고 있었습니다. 요일별로 번갈아 일하며 전력수요를 분산하는 한편 절전용 가전제품을 개발하고 에어컨 사용을 자제하고 모두 선풍기를 이용했다고 합니다. 그 결과 당초 일본정부의 목표치보다 훨씬 많은 전기를 절감했다고 합니다.
 
우리도 마음만 먹으면 일본보다 더 잘할 수 있다고 생각합니다. 1997년 외환위기 때 국민 스스로 금모으기 운동에 나선 나라는 전 세계에 우리밖에 없습니다.
 
우리 생활에서 전기를 아낄 수 있는 방법은 많습니다. 저도 최근 실내온도를 낮췄습니다. 그래서 자연스레 내복을 챙겨 입게 되었는데, 처음에만 조금 불편했지 금방 익숙해져서 지금은 아주 따뜻하고 편안합니다.
 
난방온도를 1℃만 낮춰도 7%가량 난방 에너지를 절약하는 효과가 있다고 합니다. 이렇게 사무실과 가정에서 난방온도를 조금씩 낮추고, 심야에 불필요한 조명을 끄고, 에너지 효율이 높은 전기제품을 사용하면 기대 이상의 효과를 낼 수 있습니다.
 
정부도 국민생활에 불편이 없도록 최선을 다하겠습니다만, 기업과 시민단체, 국민 여러분의 자발적이고 적극적 참여를 부탁드립니다.
 
사랑하는 국민 여러분!
 
올해도 이제 한 달밖에 남지 않았습니다. 아무쪼록 건강하시고, 한 해를 잘 마무리하시기를 바랍니다.
 
감사합니다."
1330526,이명박,대한불교조계종 지관 대종사 영결식 추도 메시지,2012.01.04,국내,기타,"대한불교조계종 가산(伽山) 지관(智冠) 대종사의 입적에 깊은 애도를 표합니다.
 
지관 대종사께서는 한국 불교의 유구한 법맥을 이은 우리 시대의 대표적 학승(學僧)이자 율사셨습니다. 대한불교조계종 제32대 총무원장으로서 종단화합과 발전을 이끄셨고, 불교계 최초의 공익기부재단인 ‘아름다운 동행’의 설립을 주도해 자비와 나눔의 정신을 실천하셨습니다.
 
특히 세계 최대의 불교 사전인 「가산불교대사림」은 탁월한 선지식이신 대종사의 학문이 집약된 빛나는 업적이자 필생의 소원이셨습니다. 평소 “이 책 집필을 다 마친 뒤 부처님께 고하고 세상을 떠나겠다.”고 하시던 말씀을 저는 기억합니다.
 
그러나 미처 다 마치기 전에 입적하셨으니 안타까운 마음 금할 길 없습니다. 부디 후대 손에 의해서라도 조속히 완간되어 대종사의 오랜 염원이 이루어지길 바랍니다.
 
대종사께서는 종교 간 화합에 힘쓰셨고 종교가 다른 저와도 깊은 인연을 맺으셨습니다. 늘 만날 때마다 “건강해야 한다.”고 염려해 주셨고, 대통령에 당선되었을 때는 “마음을 비우고 참으면서 오직 나라를 위해 열심히 일해 달라.”고 당부하셨습니다.
 
이제 대종사는 입적하셨지만 그분이 남긴 발자취는 우리 곁에 영원히 남아 있을 것입니다. 저 역시 당부하신 대로 세계에서 빛나는 대한민국, 모든 국민이 편안한 나라를 만들기 위해 혼신의 힘을 다할 것입니다.
 
오늘 이 자리에 모이신 사부대중 여러분과 함께 대종사의 큰 뜻을 추모하며, 생전에 보여 주신 화합과 평화의 정신이 사바세계에 널리 구현되기를 기원합니다.
 
감사합니다."
1330552,이명박,제82차 라디오·인터넷 연설 - 물가안정에 온 힘을 쏟겠습니다,2012.01.16,국내,기타,"안녕하십니까, 대통령입니다!
 
저는 지난주에 중국 국빈방문을 마치고 돌아왔습니다. 수교 20주년을 맞는 두 나라 관계는 그동안 눈부시게 발전해 왔습니다. 매년 양국 국민 650만 명이 오가고 있고, 교역액도 미국과 일본을 합한 것보다도 많은 2,200억 달러를 넘었습니다.
 
이번 방문 기간 동안 저는 후진타오 주석과 원자바오 총리를 각각 만나 최근 한반도와 동아시아 정세에 관해서 매우 유익한 회담을 가졌습니다. 중국 측에서도 이번 회담에 그 어느 때보다도 깊은 관심을 갖고 임했습니다. 또한 큰 성과가 있다고 평가도 했습니다.
 
양국 정상은 북한 비핵화를 포함해서 한반도 평화와 안정을 위한 공동 목표를 확인하고, 이를 위해 함께 노력해 나가기로 했습니다.
 
중국 어선의 불법조업에 대해 저는 최근과 같은 불상사가 두 번 다시 일어나지 않도록 중국정부가 효과적인 조치를 취해야 한다고 강조했습니다. 후진타오 주석도 이에 동의하고, 앞으로 중국 어민들에 대한 철저한 관리와 교육을 더욱 강화하겠다고 약속했습니다.
 
한·중 FTA와 관련해 중국은 조속한 협상 개시를 요청해 왔습니다. 다른 나라와 달리 한·중 FTA는 경제는 물론 안보와도 밀접하게 관련돼 있습니다. 하지만 공식 협상이 개시되더라도 우선적으로 농산물과 민감한 부분에 대해 사전에 합의가 이뤄져야 다음 단계 협상을 진행할 수 있습니다. 이러한 우리의 확고한 입장에 대해 중국도 동의했습니다.
 
또한 중국이 의료・실업・산재 등 새로운 사회보험법을 제정함에 따라 중국 내 우리 기업과 주재원이 연평균 4,500억 원을 부담하게 되었습니다. 이를 면제하기 위해서 긍정적으로 협의하기로 했습니다.
 
이제까지 우리 기업은 중국에 활발하게 진출하는 반면에 중국 기업들의 한국 투자는 거의 없었습니다. 이번 만남에서 후진타오 주석과 원자바오 총리는 중국 기업들도 한국에 적극적으로 투자하기로 했다는 의사를 전해 왔습니다.
 
중국 기업들이 한국에 투자하면 우리는 일자리를 늘릴 수 있고, 중국 기업은 세계시장으로 널리 진출할 기회를 얻게 됩니다.
 
여수 세계박람회를 맞아 중국은 올해를 ‘한국 방문의 해’로 정했습니다. 저는 올해 더욱 많은 중국 국민이 한국을 방문해 줄 것을 요청했고, 중국정부도 이에 적극 협력하기로 했습니다.
 
사랑하는 국민 여러분!
 
연초 신년 국정 연설에서 저는 ‘서민생활 안정’을 경제 분야 새해 국정목표로 말씀드렸습니다. 정부는 특히 서민생활과 직결된 물가안정에 최우선적으로 힘쓰고자 합니다.
 
지난해 물가상승률은 4%였지만, 생활 물가가 높아서 서민들 고통이 많았습니다. 기획재정부 새해 업무보고 때 물가에 관해 주부 박신희 씨의 목소리를 직접 들어 봤습니다. “진짜 장보기가 무서워요. 1만 원짜리를 가지고 가면 살 것이 없습니다. 두부나 콩나물, 조금 더해서 뭐 하나 사면 1만 원이에요. 그러면 사들고 올 게 없어요.”
 
지난해는 국제 원자재 가격 상승, 그리고 기상이변으로 생필품과 식료품 가격이 많이 올랐습니다. 이 때문에 국민 여러분의 기대만큼 정부의 물가대책 효과가 나타나지 않아서 참으로 안타깝게 생각합니다.
 
성장도 매우 중요하지만, 올해는 어떤 일이 있어도 3%대 초반에서 물가를 안정시켜 서민들이 피부로 직접 그 효과를 느낄 수 있도록 하겠습니다. 물가관리 책임실명제를 도입해서 서민생활과 밀접한 생필품은 소관 부처 고위 공무원이 직접 책임지고 수급을 관리할 것입니다. 또한 FTA 효과로 값이 저렴해지는 수입 품목의 시장 유통 실태를 집중 점검해서, 소비자들에게 실질적인 혜택이 돌아가도록 하겠습니다. 음식점・미용실 같은 개인서비스업에 대해서는 선진국처럼 가격표를 바깥에 내걸도록 하는 ‘옥외가격표시제’를 도입하겠습니다.
 
기획재정부 손정준 주무관의 설명입니다.
 
“국민과 머리를 맞대고 정책을 만들어 보자는 취지로 물가안정 아이디어 공모전을 냈습니다. 반응이 무척 뜨거웠는데요, 아이디어만도 1,000건이 넘었습니다. 이 중에 인천에 사시는 분께서 제안하신 옥외가격표시제가 소비자들이 음식점이나 미용실을 선택할 때 큰 도움이 될 것으로 보고 추진을 했습니다. 사실 저도 여자친구에게 한턱 쏘려고 식당에 들어갔다가 가격표를 보고 주눅이 들어서 나온 경험이 있습니다.”
 
공공요금 인상에 대한 우려도 클 것입니다. 치킨집을 운영하는 성진욱 씨 이야기입니다.
 
“우리라고 치킨값을 올리고 싶었겠어요? 재료비 올라, 전기요금, 가스요금 이런 게 죄다 오르니 어떻게 버티겠습니까. 전기나 가스 같은 이런 공공요금은 정부가 좀 나서서 잡을 수 있는 거 아닌가요?”
 
사실 전기요금을 비롯한 공공요금이 원가에 미치지 못해 공기업 적자가 누적되는 게 현실입니다. 정부로서도 참으로 고민스럽습니다. 하지만 공공요금을 서민생활과 직결된다는 점을 고려해서 인상을 최소화하겠습니다.
 
서민들이 내는 공공요금은 이미 인상을 동결하거나 낮은 요금을 받고 있습니다. 지난해 12월 전기요금 인상 때 서민과 영세상인, 농민들이 쓰는 전기요금은 동결했습니다. 도시가스요금도 서민층에게는 최대 15%까지 낮게 받고 있습니다.
 
사랑하는 국민 여러분!
 
설 명절이 한 주 앞으로 다가왔습니다. 정부는 지난 12월 29일부터 설 성서품과 주요 생필품 40개 품목을 중점 관리하고 있습니다.
 
세계적인 경제위기 속에서도 우리 경제는 나름대로 다른 나라에 비해 좋은 성과를 올리긴 했습니다만, 지난해 서민의 살림살이가 참 어려웠습니다. 그것을 생각하며, 저 또한 잠 못 이루고 고민하는 날이 많았습니다. 정부는 올 한 해 물가 안정에 온 힘을 쏟겠습니다.
 
사랑하는 국민 여러분!
 
온 가족이 함께 모여 따뜻한 정을 나누는 설 명절 보내시기 바랍니다. 추운 날씨에 고향 오가는 길, 안전하고 편안하게 다녀오십시오. 남들 쉴 때 쉬지 못하는 소방대원과 경찰관 여러분, 늘 고마운 마음을 갖고 있습니다.
 
국민 여러분, 모두 따뜻한 설 맞으시기를 바랍니다.
 
감사합니다."
1330650,이명박,제86차 라디오·인터넷 연설 - 서울 핵안보정상회의에 국민 여러분의 따뜻한 성원과 협조를 부탁드립니다,2012.03.19,국내,기타,"안녕하십니까, 대통령입니다!
 
세계 평화와 인류의 안전을 지키기 위한 서울 핵안보정상회의가 일주일 앞으로 다가왔습니다. 오는 3월 26일부터 이틀 동안 53개국 정상을 포함한 전 세계 지도자가 ‘핵무기 없는 세상’을 만들기 위해 서울에서 모입니다.
 
지난 2010년 서울 G20 정상회의가 경제위기 해법을 모색하는 경제에 대한 최상위회의였다면, 이번 핵안보정상회의는 70억 인류의 평화와 안전 문제를 다루는 세계 안보 최상위 회의라 하겠습니다. 단일 주제를 놓고 모이는 세계 역사상 가장 큰 규모의 정상회의를 우리나라에서 개최하게 되어 정말 자랑스럽습니다.
 
우리는 북한의 끊임없는 핵위협 속에서도 확고하고 일관된 핵 비확산 원칙을 지켜 왔습니다. 또한 원자력을 평화적으로 사용하고 있는 모범 국가 중 하나입니다. 이런 점이 국제사회에서 크게 인정받아 이번 회의를 개최할 수 있게 된 것으로 생각합니다.
 
우리나라는 지난해 부산 세계개발원조총회를 포함한 대규모 국제회의를 성공적으로 개최하면서 이제 새로운 세계 질서 확립을 선도하는 나라로 확고히 자리를 잡아 가고 있습니다.
 
국제사회에서 핵안보의 중요성이 대두된 것은 지난 9・1테러가 계기였습니다. 테러범이 시민들의 삶터를 무차별 공격하면서, 일상의 터전과 전장의 구분이 무의미해졌습니다. 테러 가운데서도 가장 가공할 테러가 바로 핵무기를 사용한 핵 테러입니다. 핵 테러는 이제 인류 생존을 위협하는 가장 심각한 위험 요소가 되었고, 북한을 목전에 둔 우리도 핵 테러 위협에서 자유롭지 않습니다.
 
현재 전 세계에는 핵무기 13만여 개를 만들 수 있는 핵물질이 산재해 있습니다. 핵안보정상회의는 바로 이런 핵물질이 위험한 테러 집단의 손에 들어가지 않도록 사전에 막기 위한 것입니다. 또한 전 세계 핵물질의 양을 최소화하고 관리를 강화해서 궁극적으로 ‘핵무기 없는 세상’을 만드는 데 그 목적이 있습니다. 여러 참가국이 이번 회의 기간 동안 이와 관련해 구체적인 공약을 제시할 것입니다.
 
지난 워싱턴 회의가 핵안보에 관한 인식을 함께하는 선언적 성격을 띠었다면, 이번 회의에서는 ‘서울 정상 선언문’을 통해 보다 진전되고 구체적인 실천 내용이 나올 것으로 예상합니다. 특히 방사성 물질에 대한 각국 정부의 관리를 강화하고, 핵물질의 불법거래를 막기 위한 국가 간 협력 방안이 담길 것입니다.
 
핵위협에 직접 노출된 우리나라가 세계 핵안보 논의의 중심에서 서게 된 것은 큰 의미가 있다고 하겠습니다. 또한 북한 비핵화에 대한 국제사회의 지지기반을 넓히는 데에도 큰 역할을 할 것으로 생각합니다.
 
외교안보연구원 전봉근 교수의 말입니다.
 
“2012년 한반도 정세에 대한 우려가 큰 상황에서 세계 정상들이 서울에 모여 핵안보를 논의한다는 것 자체가 한반도 정세 안정화에 도움이 될 수 있습니다. 또 이번에 논의하는 불법 핵거래 방지나 고농축 우라늄 사용 금지 같은 내용이 직접 북한을 겨냥하지는 않아도 북한에 적용되는 내용이기 때문에 북한에 경고 메시지를 보내고 압박하는 효과가 있을 것입니다.”
 
사랑하는 국민 여러분!
 
핵안보정상회의는 평화롭고 안전한 세상을 만들어 인류가 행복하게 살아갈 수 있도록 하는 데 목표가 있습니다. 세계 모든 나라가 이 회의에 적극 참여하는 것도 바로 이 때문입니다. 하지만 일부 국내 단체가 이런 취지를 잘못 이해하고, 이번 회의를 반대하는 것은 매우 안타까운 일이라 하겠습니다. 우리는 의장국으로서 강한 사명감과 책임의식을 갖고 이번 회의를 성공적으로 치러 내야 하겠습니다. 국민 여러분의 따뜻한 성원과 적극적인 협조를 부탁드립니다.
 
다음은 41세 직장인 윤일승 씨의 말입니다.
 
“지난 G20 때도 승용차 자율 2부제를 해서, 내 차는 놔두고 지하철 이용했거든요. 이번 회의는 규모나 의미가 더 큰 회의라고 하니, 더 적극적으로 참여해야죠. 또 회의 끝나고 28일 하루는 회의장을 원형대로 공개한다고 들었어요. 제가 아홉 살, 여섯 살 두 아이 아빠인데, 애들 데리고 한번 가보려고요. 애들 꿈이 더 커지는 기회가 되지 않겠어요”
 
정부는 ‘국민과 함께하는 핵안보정상회의’를 위해 회의 기간 동안 시민의 불편이 없도록 최선을 다하겠습니다.
 
행사장인 삼성동 코엑스에는 수백 명의 행사지원요원과 자원봉사자가 지금도 회의 준비에 구슬땀을 흘리고 있습니다.
 
“강의실에서 배울 수 없는 국제 정치나 외교 안보에 관한 실무를 경험할 수 있어 저에게는 더할 나위 없이 소중한 기회죠. 우리 국민도 이번 핵안보정상회의를 계기로 핵안보에 관해 좀 더 관심을 갖고 핵으로 인한 사고나 테러에 경각심을 가질 수 있게 되길 바랍니다.”
 
자원봉사자로 활동하는 대학생 이은아 씨의 이야기입니다. 정부도 남은 기간 동안 준비에 더욱 만전을 기하도록 하겠습니다.
 
사랑하는 국민 여러분!
 
핵안보정상회의가 열리는 3월 26일은 천안함 피격 2주년이 되는 날이기도 합니다. 사랑하는 아들과 남편, 아버지를 잃고 여전히 깊은 슬픔을 안고 사는 유가족 여러분께 다시 한 번 위로의 말씀을 드립니다.
 
천안함 46용사와 고(故) 한주호 준위의 고귀한 희생이 헛되지 않도록 우리는 더 굳건한 안보의식으로 내 나라와 내 가족을 지켜 낼 것입니다. 서울 핵안보정상회의를 계기로 우리는 한반도 평화뿐 아니라 세계 평화를 지키는 데에도 더욱 앞장설 것입니다.
 
문화가 다르고, 인종도 다르고, 생각도 다르지만, 전 인류가 바라는 단 한 가지 소망이 있다면 그것은 바로 평화입니다.
 
감사합니다."
1330595,이명박,[칠레 방문] 칠레 대통령 주최 국빈 만찬사,2012.06.22,해외,환영사,"짧은 기간에 세 번째 만남입니다만, 아주 가까운 친구로 느껴지게 하는 것이 피녜라 대통령의 특별한 능력이 아닌가 생각합니다. 세실리아 모렐 영부인도 한국에서도 뵐 기회가 있었는데, 만날수록 가까워짐을 느낍니다. 우리 집사람도 칠레에 간다고 하니까 세실리아 모렐 여사를 만나는 데 대한 기대감을 많이 드러냈습니다.
 
사실 제가 많은 나라를 방문합니다만, 특히 이번 칠레 방문은 ‘내가 칠레에 오길 잘했다.’고 생각합니다. 양국의 미래를 위해서 아주 좋은 기회를 갖게 되었다고 보기 때문입니다.
 
FTA로 인해 한국 사람들이 칠레의 생산품, 특히 와인 같은 생산품을 생활 속에 가깝게 접하게 되었다고 이야기합니다만, 사실 그 이전부터 한국 사람들은 문화·예술적으로 칠레와 칠레 사람을 잘 이해해 왔습니다.
 
특히 젊은 세대에서 가브리엘라 미스트랄이라는 작가를 잘 아는 사람이 많고, 이 사람의 시를 좋아하는 사람이 많습니다. 파블로 네루다라는 시인에 대해서도 마찬가지입니다. 한국 사람들은 그의 시를 좋아하고 또 기억합니다. 이 두 시인은 저도 잘 알고 있습니다.
 
내외 귀빈 여러분!
 
제가 칠레를 방문한다고 하니까 한 음악인은 “클라우디오 아라우라는 음악가를 아느냐”고 물었습니다. “잘 모르겠다.”고 했더니 그분이 “칠레의 모차르트와 같은 사람이다.”고 알려 주었습니다.
 
칠레에 간다고 하니까 또 어떤 미술인은 “칠레의 미술가 중에 로베르토 마타라는 분을 아느냐”고 물었습니다. 제가 “좀 안다.”고 말하고 싶었는데, 사실은 모르기 때문에 “모른다.”고 정직하게 이야기했습니다.
 
이렇게 한국 사람들이 칠레의 미술가·음악가를 기억한다는 것은 양국 관계가 아주 건강한 관계를 기반으로 한다는 사실을 의미한다고 생각합니다.
 
우리가 경제 협력을 하고 양국이 도움을 주고받으면서 발전하려면, 그 이전에 양국이 서로 역사와 문화를 이해하는 문화·예술적인 바탕이 있어야 합니다.

그래야 경제 협력을 할 때 오래 지속적으로 서로에게 도움을 주면서 발전할 수 있다고 생각합니다. 따라서 양국이 이러한 조건을 갖추었다는 것은 곧 미래를 위해서 아주 탄탄한 기반을 다진 것이라고 생각합니다.
 
피녜라 대통령은 어느 지도자 못지않은 경제 이론가이면서 실물경제에서도 대가라는 점에서 이론과 실제를 다 겸비한 지도자라고 생각합니다.
 
칠레는 세계경제가 아주 혼란스럽고 안정되지 않은 시기에도 2010년에 5% 이상, 2011년에는 6% 이상 성장했습니다. 세계에서 특히 OECD 국가 중에서 아마 가장 높은 성장률을 달성했을 거라고 생각합니다. 피녜라 대통령의 강력한 리더십 덕분이라는 점을 저는 아주 높이 평가하고 싶습니다.
 
이번 멕시코 로스카보스에서 열린 G20 정상회의에 칠레 대통령이 초대해서 참여했습니다. 세계경제는 지금 여러분도 알다시피 유럽 재정위기로 어려운 때이고, 예측이 상당히 힘듭니다. 이런 때일수록 세계는 보호무역주의로 가선 안된다, 역시 자유무역을 지켜야 한다는 것에 대해서 칠레 대통령은 한국과 생각이 같습니다.
 
그러나 남미 국가 중 일부는 보호무역주의로 가려 하기 때문에 걱정스럽습니다. 이것은 잠시 자기 나라 산업을 보호할지 모르지만 길게 보면 도움이 되지 않다는 사실을 우리는 잘 알고 있습니다.
 
그러한 자유무역에 대한 지적을 피녜라 대통령께서 G20 정상회의에서 발언해 주셨습니다. 양국은 민주주의에 대한 가치, 시장경제와 자유무역에 대한 가치를 함께하기 때문에 양국 관계의 문제뿐 아니라 글로벌한 여러 이슈에 대해서도 같은 생각으로 같은 목소리를 낼 수 있습니다.
 
이런 의미에서 저는 한국과 칠레 양국의 관계는 상호 보완적이고, 서로가 도움을 받고 도움을 주는 그러한 관계로 발전할 수 있다고 생각합니다.
 
특히 칠레는 태평양 연안 국가이기 때문에 아시아 국가의 관문이라고 할 수 있습니다. 대한민국은 남미의 관문을 칠레로 삼고, 칠레도 아시아의 관문을 대한민국으로 인정하면서 양국이 앞으로 역할을 키워나갈 필요가 있다고 생각합니다.
 
피녜라 대통령이 한국을 여러 면에서 높이 평가해 주셨습니다. 고맙긴 하지만 우린 아직도 보완하고 개선하고 노력해야 할 부분이 많다는 점을 고백합니다.
 
내외 귀빈 여러분!
 
제가 한 가지를 이야기하면, 대한민국에는 네 개의 큰 강이 있습니다. 그런데 비가 여름 한두 달 사이에 대부분 내려 홍수가 나기 쉽고, 보통 때는 강물이 마릅니다. 그래서 1년 열두 달 물이 흐르도록 하기 위해 지난 4년 동안 강 개조를 해서 올해 초 완성했습니다. 그 덕분에 지난해 200년 만의 폭우에도 홍수를 막을 수 있었으며 올해에 가뭄이 들었을 때도 그 강에 보관된 물을 활용할 수 있었습니다.
 
또 이 강을 따라서 전국으로 갈 수 있는 1,800km의 자전거 전용도로를 올해 초에 완성했습니다. 요즈음 너무 많은 젊은이가 대부분의 시간을 컴퓨터 앞에서 게임을 하면서 보내는데, 자전거를 타고 야외에서 활동하는 것이 건강을 위해서도 좋을 것입니다.
 
젊은 사람뿐 아니라 나이 드신 분도 은퇴 후 건강을 위해 자전거를 타면 좋을 것이고, 노인들이 건강해지면 국가적으로도 의료비가 적게 들 것이라는 생각도 합니다. 올해 휴가 때는 저도 도전하려고 요즘 주말마다 자전거를 타고 연습하고 있습니다.
 
오늘 우리를 초청해 주신 피녜라 대통령 내외분과 정부 관계자 여러분, 칠레 국민에게 진심으로 감사하다는 말씀을 드립니다. 저의 방문이 양국 발전에 도움이 되면 좋겠습니다.
 
피녜라 대통령과 세실리아 모렐 여사 가정의 건강과 여러분의 건강, 그리고 양국의 깊은 우정을 위해 건배를 제의합니다."
1400023,박근혜,한국청소년적십자 창립 제60주년 및 Global Peace 전국합동입단선서식 축하 영상 메시지,2013.05.21,국내,기념사,"한국청소년적십자 창립60주년 기념식 및 Global Peace 전국합동입단선서식 개최 축하 동영상
   
여러분, 안녕하십니까? 
한국청소년적십자 창립 60주년을 진심으로 축하합니다.
   
입단 선서식을 갖는 신입단원 여러분께도 축하의 말씀을 드리면서 앞으로 활발한 활동을 기대합니다. 
   
60년 전 전쟁의 폐허 속에 출범한 청소년적십자는 헌신과 봉사를 통해 우리 사회 곳곳에서 희망의 새싹을 키워냈습니다. 
   
황폐한 국토를 되살리기 위한 1만 그루 나무심기부터 정신문화 운동에 이르기까지, 우리 사회에 나눔과 사랑의 정신을 확산시켜 왔습니다.
   
그동안 펼쳐온 한국청소년적십자 여러분의 활동에 감사드립니다. 
   
여러분, 우리나라의 미래는 청소년 여러분의 어깨에 달려있습니다. 저는 청소년 여러분이 꿈과 끼를 마음껏 발휘하여 그 꿈이 이뤄질 수 있도록 최대한 뒷받침하겠습니다.
   
우리 청소년적십자 단원 여러분께서도 각자의 소질과 역량을 키우는 일에 최선을 다해서 나라를 위해 일하는 큰 인재가 되어주기 바랍니다. 
   
한국 청소년적십자의 지난 60년이 그러했듯이, 앞으로도 건강한 청소년 문화를 선도하면서, 우리 사회에 나눔과 봉사의 정신이 널리 퍼지도록 해서 작은 어려움이라도 나누는 일에 앞장서 주시기 바랍니다. 
   
감사합니다. "
1400036,박근혜,제18회 여성주간 기념식,2013.07.02,국내,기념사,"제18회 여성주간 기념식
   
여러분
올해로 열여덟 번째‘여성주간’을 맞아서 여러분과 함께 여성주간 행사를 갖게 된 것을 뜻깊게 생각합니다. 
   
그 동안 여성의 권익 향상과 양성평등 사회의 구현을 위해 노력해 오신 많은 분들의 노고에 감사드리며, 오늘 수상을 하신 분들께도 축하의 말씀을 드립니다.
   
저는 대한민국의 오늘을 만들기까지 우리 여성들의 희생과 헌신이 큰 역할을 했다고 생각합니다.
가족을 위해 자신의 꿈마저 포기하셨던 어머니들의 헌신과 일과 가정을 위해 1인 2역, 3역을 해온 여성들의 노력 덕분에 대한민국의 발전은 가능할 수 있었습니다. 
   
국민 여러분, 지금 세계는 여성의 잠재력을 얼마나 발휘하느냐가 국가의 미래와 경쟁력을 좌우하는 시대에 살고 있습니다. 
   
이미 선진국들은 70%가 넘는 여성들이 경제활동에 참여해서 국가 발전의 핵심 동력이 되고 있습니다.
   
우리나라가 선진국으로 도약하기 위해서는 무엇보다 여성들이 역량을 최대한 발휘할 수 있도록 해야 합니다.
   
저는 여성의 무한한 잠재력과 가능성이 사회를 위해 발휘될 수 있도록 기회를 부여하기 위해 일과 가정이 양립될 수 있도록 하는데 최선을 다할 것입니다.
   
앞으로 새 정부에서는 확고한 의지를 가지고  여성정책의 새로운 변화와 방향을 제시해 나갈 것입니다. 
   
여성의 사회진출을 위해, 중요한 육아 정책을 위해 아이 돌봄 서비스 확대와 직장 어린이집 확대를 비롯한  보육서비스 개선 정책 등 다양하고 실현가능한 정책을 마련할 것입니다.
   
경력단절 여성을 위한 맞춤형 취업지원서비스를 제공하고, 보다 유연하고 다양한 형태의 일자리를 창출해서 여성들이 경제활동에 적극적으로 참여할 수 있도록 지원할 것입니다. 
   
또한 임신과 출산, 육아와 자녀교육 등 여성의 전 생애주기에 걸쳐 필요한 시기에, 필요한 분들에게, 필요한 지원이 이루어지도록 새로운 시스템을 반드시 구축해 나갈 것입니다. 
   
안전한 사회를 만드는 일은 여성행복의 첫걸음이자 국민의 삶과 밀접한 민생정책입니다. 
   
이번 여성주간의 주제가“여성이 행복하고 안전한 사회”인데, 이는 곧 새 정부가 지향하는 정책입니다.
   
새 정부는 여성들과 아이들이 대한민국 어디를 가든 안심하고 다닐 수 있도록 안전한 치안환경을 확립할 것입니다. 
   
이미, 아동과 청소년 대상 성폭력 범죄에 대한 ‘반의사 불벌죄’ 규정을 폐지했고, 성범죄에 대한 친고죄 조항도 60년 만에 없앴습니다.
   
성폭력 범죄에 대한 형량도 대폭 강화했습니다. 앞으로도 정부는 여성과 가정의 행복을 위협하는 4대 사회악 근절에 총력을 기울여 나갈 것입니다. 
   
여성 여러분, 
저는 지난 역사에서 외롭고 힘든 길을 걸어오신 수많은 여성 지도자들의 희생과 헌신에 진심으로 감사드립니다. 
   
그 분들의 노력이 없었더라면, 아마도 우리 여성들의 사회진출과 역량발휘가 훨씬 늦추어졌을 것입니다. 
   
여성들을 위한 그분들의 헌신과 뜻을 이어, 이제 정부가 나서서 여성이 행복하고 안전한 나라를 만드는데  성심껏 노력할 것입니다. 
   
꿈을 가진 여성들이 더 큰 꿈을 꿀 수 있고, 아이를 가진 여성들이 마음 놓고 일할 수 있는 사회, 이 땅의 모든 여성들이 행복한 삶을 살아갈 수 있도록 최선을 다하겠습니다.
   
다시 한 번 제18회 여성주간 기념식을 진심으로 축하하며, 함께 해주신 모든 분들의 가정에 건강과 행복이 함께 하기를 기원합니다. 
   
감사합니다."
1400056,박근혜,한.베트남 경제협력 만찬 간담회,2013.09.07,국외,환영사,"한-베 경제인 만찬
   
1. 인사말씀
   
호앙 쭝 하이(Hoang Trung Hai) 부총리님, 
부 띠엔 록(Vu Tien Loc) 베트남상공회의소 회장님과 박용만 대한상공의소 회장님, 
함께 하신 베트남과 한국의 경제인 여러분,
   
신 짜오(Xin chao)! 대단히 반갑습니다.
   
한국과 베트남을 대표하는 경제인 여러분과 함께 양국 경제협력의 비전을 나누는 자리에 참석하게 되어 매우 기쁘게 생각합니다. 
   
오늘 자리를 마련해 주신 베트남 상공회의소와 관계자 여러분께 감사드립니다.
   
최근 세계의 경제 전문가와 연구기관들이 소위‘VIP경제권’을 주목하고 있습니다.
   
한국에서도 최근에 저명한 기관에서 ‘VIP경제권을 주목하라’는 내용의 보고서를 발간하기도 했습니다.
   
베트남(V), 인도네시아(I), 필리핀(P)을 뜻하는 VIP 3국이 기존의 브릭스에 이어 새로운 신흥국가로 떠오르고 있다는 것입니다. 
   
우리 대한민국은 오래전부터 베트남의 잠재력과 가능성에 주목했고, 투자와 협력을 통해 함께 새로운 미래를 만들어 왔습니다.
   
제가 아세안지역 국가 중 베트남을 첫 번째 방문국으로 선택하고, 많은 한국 경제인들이 저와 동행한 이유도 베트남과 한국이 함께 만들어갈 미래에 대해 확신하고 있기 때문입니다.
오늘 이 자리가 양국 경제인들의 우정과 협력을 두텁게 하고 새로운 미래로 나가는 소중한 계기가 되기를 바랍니다.
   
2. 한-베트남 협력관계 평가
   
존경하는 양국 경제인 여러분!
   
한국과 베트남은 20여년의 짧은 수교 역사에도 불구하고 양국간 교류협력은 놀라운 발전을 이뤄왔습니다. 
   
두 나라를 오가는 항공기가 매주 100여 편에 달하고 상호 방문자 수는 지난 해 80만 명을 넘어섰습니다. 
   
베트남 젊은이들 사이에서는 K-POP과 한국 드라마 등 한류 열풍이 뜨겁고, 베트남 음식은 한국인들의 입맛을 사로잡고 있습니다. 
   
특히, 양국 사이에 탄생한 5만명의 부부는 한국과 베트남을‘사돈의 나라’ 가깝고 소중한 가족 같은 관계로 이어주고 있습니다.
   
이처럼 두 나라 관계가 마음을 나누고 눈부신 발전을 이룬 배경에는 여러분들이 이끌어 오신 경제협력이 중요한 역할을 했습니다.
   
수교 당시 5억불이 채 안되던 양국간 교역은 20년만에 44배가 늘어나 지난해 216억불을 넘었습니다.
   
2015년까지 교역규모 200억불을 달성하기로 한 목표를 3년이나 앞당긴 것입니다.1)
   
또한 현재 3,000개가 넘는 한국 기업들이 베트남에 뿌리를 내리고 있습니다. 
   
양국간의 협력 잠재력을 생각한다면, 무한한 가능성과 발전이 기대됩니다. 
   
이제 지난 20여년간의 경제협력 성과를 바탕으로 새로운 20년을 활짝 열어가야 합니다.
   
3. 양국간 경제협력 관계의 고도화
   
그 동안 양국 경제협력은 섬유, 신발 등 경공업 분야에 치중해 왔습니다.
   
이제 양국 경제의 발전단계에 맞춰 첨단 고부가가치 분야로 경제협력의 범위가 확대되어야 합니다.
   
이미 곳곳에서 그러한 노력의 싹이 트고 있습니다.
한국이 자랑하는 첨단 스마트폰은 이곳 베트남에서 베트남인들의 손으로 만들어져 전 세계로 수출2)되고 있습니다. 
   
해수 담수화 장비와 발전용 보일러 등 첨단 분야로 한국 기업의 투자가 이어지고 있습니다.
나아가 최근 공동연구가 시작된 원전 건설협력이 구체화되면  베트남 경제의 안정적 성장에 크게 기여할 뿐 아니라, 양국간 경제협력의 새로운 지평을 열게 될 것입니다.
   
이제 이런 미래지향적 협력사업을 에너지와 환경, 기후변화, 정보통신 등 더욱 다양한 분야로 확장해 나가야 할 때입니다.
   
저는 오늘 이 자리가 그러한 논의의 시발점이 되기를 희망합니다.
   
4. 베트남 경제발전 지원 및 상생의 협력구조 구축
   
양국의 경제인 여러분!
   
저는 양국의 경제협력이 지속적으로 발전하기 위해서는 한국이 베트남의 경제발전에 기여하고 베트남의 경제발전이 다시 한국 경제에 새로운 기회를 제공하는 선순환의 협력구조가 구축되어야 한다고 믿습니다.
   
이런 차원에서 한국은 베트남의 경제발전을 적극 지원할 것입니다.
   
베트남은 한국 대외원조(ODA)의 최대 지원대상국입니다. 앞으로도 한국은 베트남이 ｢사회경제발전전략｣3)에 따라 2020년‘현대적 산업국가’로 진입하는데 있어 인프라 구축과 인적자원 개발, 과학기술 발전 등을 지원하면서 함께 노력해 나갈 것입니다. 
   
양국간 교역의 40% 이상을 차지하는 부품소재 산업협력은 그러한 노력의 첫 걸음입니다.
   
한국은 과거 부품소재 수입국에서 세계 5대 부품소재 강국으로 발전한 경험과 기술을 가지고 있습니다.
   
앞으로 한국은 전문인력 양성과 공동기술개발 사업 등을 통해 베트남 정부가 역점을 두고 있는 부품소재 산업 발전을 적극 지원할 것입니다.4)
   
또한, 혁신기업 육성을 위한 인큐베이터 파크를5) 차질없이 건립하고 있고, 베트남 과학기술 연구원(V-KIST)을 설립할6) 계획도 갖고 있습니다. 
   
앞으로도 베트남의 경제발전과 양국의 상생발전에 기여할 수 있는 다양한 협력사업을 추진해 나갈 것입니다. 
   
5. 한-베트남 FTA 체결
   
존경하는 양국의 경제인 여러분!
   
한국에서 가장 인기 있는 베트남 음식중 하나가‘베트남 쌈’입니다.
   
베트남 쌈이 맛을 내기 위해서는 쌈 안에 들어가는 다양한 재료도 중요하지만, 여러 재료가 한 데 어우러져 새로운 맛을 낼 수 있도록 라이스 페이퍼로 재료들을 잘 싸주는 것이 무엇보다 중요합니다.
   
저는 한국과 베트남간의 경제협력도 마찬가지라고 생각합니다.
   
교역과 투자, 개발협력 등 다양한 분야의 협력이 더 큰 시너지를 발휘하면서 안정적으로 발전하기 위해서는 이것을 하나로 묶어내는 제도적 틀이 필요합니다. 
   
저는 FTA라는 제도적 틀로 다양한 분야의 양국 경제협력을 뒷받침해야 할 시기가 왔다고 생각합니다.
   
한-베트남 FTA가 양국의 노력으로 조속히 체결되기를 기대하며, 높고 포괄적인 자유화와 다양한 산업협력의 조화를 이뤄내서, 양국 국민 모두가 FTA의 혜택을 골고루 누릴 수 있기를 바랍니다.
   
양국간 FTA가 빠른 시일 내에 호혜적인 방향으로 체결될 수 있도록 경제인 여러분께서 든든한 후원자가 되어주시기 바랍니다.
   
6. 마무리 말씀
   
존경하는 양국 경제인 여러분!
   
베트남의 국부 호치민 주석께서는 “변하지 않는 것으로 모든 변화하는 것에 대응한다”는 뜻의 “지벗비엔 응번비엔 (以不變 應萬變)”이라는 좌우명을 갖고 있었다고 알고 있습니다.
   
세계 경제는 매순간 변화하고 때로 위기가 찾아오기도 하지만, 한국과 베트남 사이의 우정과 신뢰가 변치 않는다면 어떤 변화와 도전도 능히 함께 대응해 나갈 수 있을 것입니다. 
   
오늘 이 자리에 계신 여러분께서 그 새로운 역사를 만들어내는 주역이 되어주시기 바랍니다.
   
감사합니다. 신 깜언(Xin Cam on)!
   
   
   
   
1) 2009년 양국 정상은 2015년까지 교역규모 200억불을 달성키로 합의 
2) 삼성은 박닝성에 대규모 휴대폰 공장을 설립하여 베트남 수출의 11%(126억불) 차지중
3) ｢2011-2020 사회경제발전전략(SEDS)｣: 2011년 수립된 베트남의 중장기 발전전략. 2020년 ‘현대적 산업국가’ 진입을 목표로 설정
4) 한-베트남 교역중 소재부품 교역은 43% 차지. 산업부는‘13.1월 베트남 산업무역부와 ｢소재부품 분야 협력 MOU｣를 체결하고 소재부품 분야 베트남 전문인력 양성교육 및 양국 간 공동 R&D 사업 추진중 
5) ODA 180억 규모의 인큐베이터 파크 조성중(14년 완공) 
6) KOICA 2014년 신규사업으로 베트남에 과학기술연구원(V-KIST)사업 추진 예정
   "
1400060,박근혜,제60주년 한미동맹의 날 경축연,2013.09.29,국내,환영사,"60주년 한미동맹의 날 경축연 기념사

존경하는 내외 귀빈 여러분,
오늘 ‘60주년 한미동맹의 날’을 여러분과 함께 하게 되어 뜻깊게 생각합니다. 

이 자리에는 6․25 전쟁을 승리로 이끈 영웅들과 양국의 국방장관, 합참의장이 모두 참석해서 한미동맹 60년의 의미와 양국의 밝은 미래와 우정을 볼 수 있는 것 같습니다.

63년 전 발발한 6.25전쟁은 우리 민족에게 지울 수 없는 상처를 남긴 비극이었습니다.

하지만‘고통의 순간에 더욱 빛나는 것이 우정’이라는 말처럼 우리에게는 어려움을 함께 극복한 미국이라는 소중한 친구가 있었습니다.

대한민국 국군과 180만명에 달하는 미군들이   낙동강에서 압록강까지, 무더위와 혹한 속에서 자유와 민주주의를 지키기 위해 기꺼이 생명을 바쳐 싸웠습니다. 

그렇기 때문에 우리는 한미동맹을 피로 맺어진 혈맹(血盟)이라고 부릅니다. 오늘 한미동맹상 수상자로 선정된 고(故) 월튼 워커 장군은 “내가 여기서 죽더라도 끝까지 한국을 지키겠다”며 낙동강 전선을 사수했습니다.

워커장군 뿐만 아니라 전쟁에 참여했던 모든 미군 병사여러분께 경의와 감사를 드립니다.. 

대한민국 국민을 대표하여 위대한 희생과 헌신으로 대한민국을 함께 지켜주신 모든 미군 참전용사 여러분들을 우리는 잊지 않을 것입니다. 

지금 이 순간에도 한미연합군은 자유의 최전선에서 함께 대한민국을 수호하고 있고, 세계 평화유지를 위한 강력한 파트너로서 역할을 다하고 있습니다.   

오늘 이 자리에 모신 모건씨와 볼더스씨 가족은 6.25 전쟁에 참전했던 조부의 뒤를 이어 3대째 주한미군으로 근무하면서 우리와 함께 하고 있습니다. 

대를 이어가며 우정을 쌓아가고 있는 두 가족은 한미동맹의 산 증인입니다.

모건씨와 볼더스씨 가족을 비롯하여 성공적인 한미동맹 60년의 역사를 함께 써오신 모든 분들의 헌신에 감사드립니다.

이제 한미동맹은 지난 60년의 눈부신 성과를 바탕으로 한반도의 평화와 동북아의 협력, 그리고 지구촌의 번영을 향해 새로운 여정을 시작해야 합니다. 

지금 한반도의 평화는 북한의 핵 개발로 또다시 위태로운 시험대에 올라 있습니다.

지난 5월 한미 정상회담을 통해 확인했듯이, 한미 양국은 북한의 핵 보유를 결코 용납하지 않을 것이고, 북한의 잘못된 선택에 대해서는 단호하게 대응해 나갈 것입니다.
 
우리는 북한과 대화의 문을 항상 열어 놓고 있습니다. 하지만 북한은 핵과 경제발전을 병진할 수 있다는 것이 착각이고, 개혁·개방을 통해 국제사회로 나오는 것만이 생존의 길이라는 사실을 분명히 깨달아야 할 것입니다. 

저는 지난 5월 워싱턴에서 한미동맹의 비전을 제시했습니다.

한미동맹은 통일된 한반도와 역내 안정과 번영을 위한 동북아 협력의 핵심축이 되어, 지구촌에 평화와 행복을 제공하는 역할을 해야 합니다. 

한미 양국이 추구하는 공동의 가치와 신뢰를 바탕으로 한반도 평화는 물론 자유와 인권, 평화와 번영이라는 인류공동의 목표를 함께 실현해 나아가길 바랍니다.

다시 한 번 한미동맹 60주년을 진심으로 축하하며, 양국의 발전과 행복 그리고 번영을 기원합니다.

여러분, 지금부터 시작되는 또 다른 60년의 아름다운 여정을 함께해 나갑시다.

감사합니다."
1400066,박근혜,APEC CEO 서밋 기조연설,2013.10.05,국외,기타,"2013 APEC CEO Summit 기조연설 
- 혁신의 비즈니스 : 왜 중요한가? -
(The Business of Innovation : Why Does it Matter?)

1. 인사말씀

위슈누 와르다나(Wishnu Wardhana) 의장님과 CEO 여러분, 안녕하십니까.
세계경제가 위기를 넘어‘복원력과 성장’을 향해 함께 나아가고 있는 이 때에 아태지역 경제를 이끌고 계신 CEO 여러분과 함께 ‘혁신’을 주제로 이야기를 나누게 되어 매우 의미있게 생각합니다. 

2. 왜 혁신인가?

존경하는 CEO 여러분,

세계경제는 2008년 글로벌 금융위기 이후 국제공조를 통해 어느 정도 안정을 찾아가고 있지만 낮은 성장률과 높은 실업 그리고 불균형 성장이 지속되고 있습니다.

이처럼 세계경제의 회복이 지연되고 있는 원인을 흔히 금융위기(financial crisis)의 후유증에서 찾고 있지만, 다른 시각도 있습니다. 

오늘날 혁신의 속도가 산업혁명 이후 약 250년간 지속되어 온 빠른 혁신에 미치지 못하고 있으며, 세계경제 정체의 근저에는 혁신의 정체가 깔려있다는 지적입니다.

금융위기(financial crisis)가 아닌 혁신위기(innovation crisis)가 세계경제 침체의 근본원인이라는 것입니다.

금융위기론과 혁신위기론 중 무엇이 옳은지를 가려내기는 어렵지만, 한 가지 분명한 것이 있습니다.

세계경제의 지속적인 성장을 위한 원천은 혁신밖에 없다는 사실입니다.
글로벌 위기 이후 각국이 시행해온 경기부양정책은 심폐소생술 같은 역할은 할 수 있지만, 아픈 곳을 근본적으로 치유하고 활력을 되찾게 해주지는 못합니다.

혁신만이 새로운 성장동력을 끊임없이 창출하며 일자리를 만들어 나갈 수 있습니다.

3. 혁신을 통한 경제부흥 전략: 창조경제

CEO 여러분, 
한국은 전쟁의 폐허에서 불과 반세기만에 산업화를 이뤄내어 ‘한강의 기적’을 만든 나라입니다.
실패를 두려워하지 않는 도전정신과 끊임없이 변화를 추구했던 혁신을 통해 시련과 위기를 발전의 기회로 만든 것이 한강의 기적을 이룬 원동력이었습니다.

하지만, 세계경제의 저성장 기조와 불확실성 증대 등으로 한국경제도 지금 저성장과 청년실업의 구조적 문제를 안고 있습니다.

그래서 한국 정부는 혁신을 통한 새로운 경제부흥 전략으로 ‘창조경제’를 추진하고 있습니다.

창조경제는 경제주체들의 창의적 아이디어를 바탕으로 과학기술과 IT를 접목하고 산업과 산업, 산업과 문화의 융합을 촉진해 새로운 시장과 일자리를 만드는 것입니다.

한국가수 싸이의‘강남스타일’이란 노래가 뉴미디어인 유튜브를 만나, 짧은 시간에 세계 17억 인구에게 즐거움을 선물하면서 새로운 부가가치를 창출한 것이나, 사양길로 접어든 서커스에 다양한 스토리와 음악, 무대장치 등을 융합해 새롭게 탈바꿈시킨‘태양의 서커스(Cirque Du Soleil)’도 창조경제의 좋은 예입니다.

창조경제는 기존경제와 비교할 때 두 가지 큰 특징이 있습니다.

첫째, 기존경제는 땅에서 광물자원을 캐내어 경제를 발전시켰다면, 창조경제는 사람에게서 창의성을 끌어내어 경제를 발전시킵니다.

그런데, 창의성이라는 자원은 광물과는 달리 아무리 끌어내어도 고갈되지 않고, 환경오염과 같은 부작용도 없으며, ‘수확체감의 법칙’도 적용되지 않습니다.
그렇기 때문에 창조경제에는‘성장의 한계’가 없고 ‘지속가능한 성장’을 달성할 수 있습니다.

둘째, 창의성이라는 자원은 자본이나 광물자원과 달리 모든 나라, 모든 경제주체들에게 보편적으로 내재해 있기 때문에 불균형 성장을 극복하는 원천이 될 수 있습니다.

그 동안 개도국의 빈곤퇴치나 선진국의 취약계층 지원은 SOC나 사회안전망 확충에 치중해 왔지만, 앞으로는 빈곤층이 창의성 계발을 통해 자립하는 데 초점을 맞추면 ‘포용적 성장’의 새로운 지평을 열 수 있을 것입니다.

4. 창조경제 실현의 과제

존경하는 CEO 여러분, 

창조경제의 잠재력과 기대효과는 무궁무진하지만, 이를 실현하기 위해서는 반드시 넘어야 할 장벽이 있습니다.

첫째는 규제의 장벽입니다.

기존의 규제 체제는 산업별로 칸막이를 치는 ‘업종별 규제’를 근간으로 하고 규제방식도‘원칙 금지, 예외 허용’의 포지티브 규제가 대부분입니다.

이런 낡은 규제 프레임은  창조경제의 핵심인 융복합과 신기술, 신산업의 탄생을 가로막습니다.

한국은 이를 극복하기 위해 모든 규제를‘원칙 허용, 예외 금지’의 네거티브 시스템으로 전환하는 것을 원칙으로 삼고, 융복합과 신산업 창출을 가로막는 규제를 과감하게 철폐해 나가고 있습니다.

두 번째는 금융의 장벽입니다.

창조경제 비즈니스는 신아이디어(New Idea), 신기술(New Technology), 신산업(New Industry) 등‘3新(Triple New’s)’을 바탕으로 하고, 창업․벤처기업이 비즈니스를 주도합니다.
그러나, 창조 비즈니스는 경제적 가치평가가 어렵고 고도의 위험이 수반되기 때문에 기존 비즈니스보다 금융접근성이 현저히 떨어집니다. 

특히 금융산업이 발달하지 못한 개도국의 경우, 창업․벤처기업이 신아이디어로 신기술 개발에 성공하고도 자금부족으로 사업화에 실패하는 현상이 창조경제의 큰 장애가 될 수 있습니다.

이와 관련 한국 정부는 융자에서 투자로 자금조달구조 개선, M&A 활성화, 기업 성장단계별 맞춤형 금융정책 제공 등  창업ㆍ벤처 자금생태계의 선순환을 촉진하는 정책을 펼치고 있습니다.

세번째는 교육의 장벽입니다.

기존 교육시스템은 각 분야별로 분절화되어 있고, 표준화된 교육과정을 통해 표준화된 지식을 갖춘 표준형 인재를 배출하도록 설계되어 있습니다.

이런 교육은 표준의 창조적 파괴를 통해 새로운 것을 창조하는  융합형 창의인재를 길러내는 데 한계가 있습니다.

한국 정부는 교육시스템의 혁신을 위해 학문간․전공간 칸막이를 낮춰 융합형 인재를 양성하고, 청년창업 교육을 강화하고 있습니다. 

또한, 획일화된 스펙이 아닌 다양한 능력과 열정으로 인재를 선발하는  스펙초월 채용시스템을 도입하고 있습니다. 

마지막으로, 국경의 장벽입니다. 닫힌 경제에서는 창조경제가 발전할 수 없습니다. 세계경제와 끊임없이 기술․금융․인력을 교류하며 ‘개방형 혁신(Open Innovation)’을 추구해야 창조경제가 가능합니다. 

국가간 경제교류를 가로막는 제도적․문화적 장벽은 창조경제를 가로막는 가장 높은 장벽이 될 수 있습니다. 한국 정부는 세계 각국과 FTA를 지속적으로 추진하면서  강력한 개방형 혁신을 지향하고 있습니다.

존경하는 CEO 여러분,  

지금 이 순간에도 한국은 끊임없는 자기 혁신을 추구하면서 인프라를 건설하고 과학기술을 육성하고 있습니다.

개방과 공유, 협력·소통을 핵심가치로 삼아 정부가 보유한 공공데이터와 지식자산을 개방해 혁신의 씨앗으로 활용하도록 하고 있습니다.

국민 한 사람 한 사람의 창의적인 아이디어가 전문가 멘토링을 통해 사업화로 연결될 수 있도록 사이버 공간에‘창조경제타운’을 오픈하기도 했습니다.

저는 창조경제가 한국뿐만 아니라, 세계 모든 국가가 상호 개방과 협력을 통해 함께 성장할 수 있는 혁신의 패러다임이라고 굳게 믿습니다.

앞으로 한국은 창조경제를 향한 노력을 계속해 가면서 우리의 경험을 세계와 공유해 갈 것이고, 특히 개도국들의 창조경제 역량 제고를 적극 지원해서 세계경제가‘복원력과 성장’을 향해 나아가는 데 기여할 것입니다.

저는 개도국의 창조경제 수요를 기반으로 혁신과 개발모델을 전수하고 역내 동반성장을 함께 실현해 나가기를 기대합니다.

아태지역 경제는 역동성과 활력으로 세계경제의 위기 극복에 크게 기여해 왔고, 앞으로도 지속적인 혁신으로 세계경제 회복의 견인차 역할을 요구받고 있습니다.

아태지역 경제를 대표하시는 CEO 여러분이 모인 이 자리가 지속가능한 성장을 위한 출발점이 되기를 기대하며, 혁신과 창조경제를 위한 풍성한 결실을 얻기 바랍니다.

감사합니다.
"
1400098,박근혜,대덕연구개발특구 제40주년 기념식,2013.11.28,국내,기념사,"대덕연구개발특구 40주년 기념식 축사
   
존경하는 과학기술인과 기업인 여러분, 
자리를 함께 하신 내외 귀빈 여러분,
   
대덕연구개발특구 40주년을 진심으로 축하합니다. 
오늘 이 자리에 서니 저도 감회가 새롭습니다.
   
그 동안 연구실과 강의실 그리고 산업현장에서 우리 과학기술 발전을 위해 헌신해 오신 과학기술인 여러분께 깊이 감사드립니다. 
   
40년 전, ‘과학입국과 기술자립’을 목표로 처음 대덕연구개발특구를 조성했을 때, 우리의 1인당 국민소득은 400달러에 불과했습니다.
   
성공 가능성은 높지 않았습니다. 
   
그러나 과학기술 발전에 대한 정부의 강력한 의지와 과학기술인 여러분의 뜨거운 열정이 만나 세계가 놀라는 기적을 일구어냈습니다.
   
야산과 구릉지, 포도와 배 밭이 전부였던 대덕은  세계적인 과학기술도시가 되었고, 오늘날 대한민국은 과학경쟁력 세계 7위의 과학기술강국 반열에 올랐습니다. 
   
과학기술의 발전과 함께 우리나라는 가내 수공업체제에서 중화학공업과 첨단산업국으로 급속한 발전을 이룰 수 있었습니다. 
   
대덕특구에서 시작한 과학기술이 이제 전 세계의 과학기술 발전에 기여하고 있는 것이 저는 자랑스럽습니다.
   
지금 해마다 수많은 외국인들이 대덕특구를 방문하고 있고, 많은 개도국에서 대덕특구 모델을 전수받고 있습니다.1)
   
저는 대한민국을 오늘의 과학기술강국으로 이끌어 오신 대덕특구인 여러분이야말로 우리나라의 주요한 자산이고 21세기를 이끌어갈 주인공들이라 믿습니다.
   
존경하는 과학기술인 여러분,
   
지금 우리는 중대한 변화의 시기를 맞고 있습니다. 세계적인 경기침체와 고용 없는 성장이 지속되고 있습니다.
   
이 중요한 시기를 슬기롭게, 능동적으로 대처해 나가야만 새로운 희망의 시대를 열어갈 수 있다고 생각합니다.
   
지금 정부는 새로운 발전패러다임으로 창조경제를 추진하고 있습니다.
   
창조경제의 핵심에는 과학기술이 있습니다.
   
과거 우리는 자원도, 자본도 없었습니다. 그런 우리나라가 과학기술에 투자하며 오늘의 성장을 이루었듯이, 이제 다시 한번 과학기술을 중심으로 변화와 혁신을 일으켜 신기술과 신아이디어를 만들고, 신시장과 신산업을 창출한다면, 오늘의 도전을 극복할 수 있다고 저는 확신하고 있습니다.

 
이러한 도전의 여정에 대한민국의 과학기술 1번지 대덕특구가 핵심적 역할을 해 줄 것으로 믿습니다.
   
저는 이제 우리 출연연구원은 민간에서 수행하기 어려운 R&D에 집중하고, 중소ㆍ중견기업이 필요로 하는 기술을 중점 지원해서 대덕특구를 중소ㆍ중견기업의 R&D 전진기지로 만들어야 한다고 생각합니다. 
   
출연연구원의 미활용 특허를 일반에 공개하고, 이를 사업화하는 과정에서 응용기술을 제공하여 중소ㆍ중견기업을 적극 지원하는 창조경제의 허브 역할을 해주시기 바랍니다.
   
정부도 대덕특구를 창조경제의 핵심거점으로 육성하기 위해 최대한 지원할 것입니다. 앞으로 우리 과학기술인들이 마음 놓고 연구에 전념할 수 있는 환경을 만들어갈 것입니다.
   
이를 위해 정부는 국가재정이 어려운 가운데에도 연구개발에 대한 투자를 증액했고, 과학기술인에 대한 지원을 확대하고 있습니다.
   
과학기술인 연금을 단계적으로 확대하고, 과학기술 유공자를 예우하기 위한 법률을 제정하고, 보육시설을 비롯한 과학기술인 복지시설을 확충해 갈 것입니다.
   
존경하는 국민여러분, 과학기술인 여러분,
   
과학기술은 언제나 우리에게 새로운 길을 개척하여 인류의 미래를 밝혀 주었습니다.
   
현재 인류의 최대 고민인 기후변화, 환경, 에너지 문제를 해결하고, 우리 국민의 안전과 삶의 질 개선을 위한 길을 찾는 데에도 과학기술의 도움이 필요합니다. 
   
이러한 답을 찾기 위해 지금 세계에는 융합이라는 거대한 물결이 일고 있습니다.
   
앞으로 과학기술인 여러분이 합심해서 영역을 넘는 융합연구를 통해 인류의 발전과 행복을 위한 돌파구를 찾아주시기 바랍니다.
   
지난 40년간 선배 과학기술인들이 땀과 열정으로 대한민국의 기적을 만들어 내셨듯이, 여러분의 열정과 꿈이 새로운 미래의 역사를 만들어낼 수 있다고 저는 확신합니다.
   
국민여러분께서도 깊은 관심과 사랑으로 우리 과학계를 응원해 주실 것을 당부드립니다.
   
다시 한 번 대덕연구개발특구 40주년을 축하하며, 여러분 모두의 건승과 행복을 기원합니다. 
   
감사합니다. 
   
   
   

1) 2008년부터 시작해 55개 나라 230여명 교육수료(2013년)"
1400152,박근혜,6.25전쟁 제64주년 국군 및 UN군 참전유공자 위로연,2014.06.23,국내,기념사,"국군 및 UN군 참전유공자 위로연
   
존경하는 국군과 UN군 참전유공자 여러분,
   
오늘 이 자리는 여러분에게 대한민국 국민들이 감사의 마음을 전하는 자리입니다.
   
많은 희생과 분단의 슬픔을 안겨준 6·25전쟁이 발발한 지도 벌써 64년의 세월이 흘렀습니다.
   
그 어려운 전쟁을 치르면서도 여러분의 고귀한 희생과 헌신으로 우리는 자유민주주의를 지킬 수 있었고, 오늘의 자랑스러운 대한민국을 건설할 수 있었습니다.
   
오늘 이 자리에 참석하신 참전유공자 여러분과 그 동안 변함없는 우정으로 함께 해주신 참전국가 외교사절 여러분께 깊이 감사드립니다. 
   
지금 이 자리에 많은 참전용사들께서 참석해주셨지만, 특별히 소개해드리고 싶은 한 분이 계십니다.
   
미국에서 오신 로버트 무어1)씨입니다.
   
무어 씨에게는 세 분의 형들이 있었는데, 세 분 모두가 6·25전쟁에 참전했습니다. 
   
그 중 두 분은 무사히 고향으로 돌아가셨지만, 전쟁 중에 실종되신 한 분은 아직까지 생사여부조차 확인을 하지 못하고 있습니다. 
   
이 분들처럼 아직도 이 땅 어딘가에 묻혀있는 우리 군과 UN군 참전용사들이 많이 계십니다. 
하루 속히 가족의 품으로 돌아가실 수 있기를 기원하며 우리 정부도 유해 발굴 사업에 더욱 노력을 기울일 것입니다. 
   
여러분이 목숨을 바쳐 대한민국을 지켜냈듯이, 대한민국도 여러분의 희생에 보답할 것입니다. 
   
정부는 6·25전쟁에 참전하여 조국에 공헌하셨지만 아직 국가유공자로 인정받지 못한 분들을 위해, 당시의 기록을 철저하게 수집하고 조사해서 한 분도 빠짐없이 공적을 확인해 드리기 위해 노력하고 있습니다.
   
여러분의 공헌이 영원히 기억되고 후대에 계승되도록 앞으로도 범정부적인 대책을 마련해서 착실히 추진해 갈 것입니다.
   
참전용사 여러분은 지금 대한민국이 누리는 자유와 평화가 얼마나 큰 희생과 헌신 속에서 지켜왔는지를 보여주는 산증인들이십니다.
   
또한 지금 대한민국은 올바른 가치를 위해 세계가 하나 되어 싸울 때 얼마나 놀라운 기적이 일어날 수 있는지를 보여주는 생생한 증거가 되고 있습니다.
   
그동안 대한민국은 한강의 기적을 이루었고 더 나아가 세계 인류의 평화와 행복에 기여해 나가면서 새로운 역사를 써 가고 있습니다. 
   
현재 우리 군은 레바논과 남수단, 소말리아 해역 등에서 평화유지를 위한 활동을 수행하고 있고, 해외봉사단원을 비롯한 많은 우리 국민들이 세계 곳곳에서 어려운 이웃들을 위해 땀 흘리고 있습니다.
   
저는 이것이 UN군 참전용사들의 희생에 대해 보답하는 길이라고 생각합니다.
   
정부는 앞으로도 계속해서 참전용사 여러분의 명예를 높이고, 여러분이 지켜낸 나라에 대해 자부심을 가지실 수 있도록 최선을 다할 것입니다.
   
여러분,
   
지금 대내외적으로 많은 도전이 있지만, 우리는 수많은 고난과 역경을 극복하고 성취의 역사를 만들어온 저력을 가지고 있습니다. 
   
저는 지금의 어려움도 반드시 이겨내고 더 큰 희망의 길을 찾을 수 있다고 믿습니다. 
   
앞으로 국정개혁 과제 전반을 강력히 추진하여 우리 사회의 비정상과 적폐들을 바로잡고, 우리 경제가 다시 한 번 힘차게 일어날 수 있도록 모든 노력을 쏟을 것입니다.
   
또한, 튼튼한 안보를 바탕으로 북한의 변화를 이끌어 내고, 평화롭고 행복한 한반도를 만드는 일은 참전용사 여러분과 우리 국민 모두의 간절한 소망이라고 생각합니다.
   
저는 남북을 가로막고 있는 불신의 장벽을 허물고, 평화통일 기반을 마련하는 일에 계속 힘써 나갈 것입니다.
   
여러분께서도 대한민국이 평화로운 통일을 이루고 
세계 평화와 인류의 행복에 기여할 수 있도록 많은 관심을 가지고 성원해주시기 바랍니다.
   
국군과 UN군 참전용사 여러분들의 희생과 공헌에 다시 한 번 감사드립니다.
   
오늘 소중한 시간 보내시기 바랍니다.
   
   
   
1) 1926년생이며 4형제 중 막내임. 해리·조지·찰스의 3명의 형제들은 6·25전쟁에 참전하 였고 2명은 무사히 전역했으나 1명은 실종되었음. 로버트 무어씨는 현재 미군실종자협 회에서 근무 중임."
1400159,박근혜,한국중견기업연합회 출범식,2014.07.21,국내,기념사,"한국중견기업연합회 출범식
   
여러분 반갑습니다.
   
지난 해 8월 여러분과 오찬을 같이 하면서 중견기업의 성장 사다리 구축 방안을 논의했었는데, 이후 국민적 공감대를 바탕으로 중견기업 특별법 이 제정되었고 드디어 오늘 시행됩니다.
   
특별법 시행에 따라 한국중견기업연합회는 법정단체로서 새롭게 출발하게 되었습니다.
   
국회를 비롯하여 특별법 제정에 힘써 주신 모든 분들께 감사드리며, 한국중견기업연합회의 새로운 출발을 진심으로 축하드립니다.
   
중견기업인 여러분!
   
지난 1년여 동안 정부는 경제 살리기를 위해 많은 노력을 해 왔습니다.
   
그러나 세월호 사고 이후 경제심리가 많이 위축되고, 저출산 고령화와 신흥국의 추격 등으로 우리 경제의 성장잠재력과 일자리 창출능력이 계속 저하되는 것이 아닌가 하는 우려도 있습니다.
   
하지만 저는 중견기업에서 우리 경제가 당면한 문제를 극복하고 새롭게 도약하기 위한 희망을 봅니다.
   
그 동안 중견기업은 우리 경제의 성장이 둔화되는 상황에서도 비약적으로 성장해 2003년 876개에 불과했던 중견기업이 이제 2,500개를 넘었습니다.
   
100만명에 가까운 근로자를 고용해 우리 경제의 최대 과제인 일자리 창출에 기여하고 있고, 700억불이 넘는 수출로 대한민국의 경제지평을 넓혀가고 있습니다.
   
또한, 중견기업은 중소기업과 대기업간 가교 역할을 하며, 건강한 기업생태계를 지탱하는 버팀목이 되고 있습니다.
   
그 동안 정부는 이러한 중견기업의 중요성을 인식하고 다각적인 육성정책을 펼쳐 왔습니다.
   
중견기업 성장사다리 구축 방안 과 글로벌 전문기업 육성 추진방안 을 마련하고, 중소기업 범위 도 합리적으로 개편했습니다.
   
중소기업을 졸업한 후에도 지원이 급격하게 줄어들지 않도록 특례지원시책을 마련하고 졸업에 따른 적응기간을 부여했습니다.
   
앞으로도 오늘 시행되는 중견기업특별법의 토대 위에서 중견기업을 고용률 70% 달성과 무역 2조달러 시대의 주역으로 육성할 것입니다.
   
중견기업 육성의 키워드는 ‘전문화’와 ‘글로벌화’입니다.
   
저는 지난 3월 독일 순방에서 글로벌 경기침체 속에서도 독일경제가 탄탄하게 유지되고 있는 이면에 1,300여개의 히든 챔피언이 자리잡고 있는 것을 확인했습니다.
   
정부는 우리 중견기업들이 독보적 원천기술과 차별화된 제품으로 세계시장을 석권하는 ‘한국형 히든 챔피언’으로 성장할 수 있도록 혁신역량 강화와 해외진출을 집중 지원할 것입니다.
   
중견기업의 성장을 촉진하기 위한 5개년 계획을 마련하고, 매년 지원계획을 만들어 시행해 나갈 것입니다.
   
중견기업뿐 아니라 중견기업 후보기업까지 발굴해서 기술개발과 판로개척 등 혁신역량 강화를 적극 지원하고, 금융ㆍ세제지원도 더욱 확대하겠습니다.
   
중견기업을 지원하는 전담기관을 지정하고 중견기업을 위한 종합정보시스템도 구축할 것입니다.
   
우리 기업이 히든챔피언 기업으로 성장하기 위해서는 좁은 내수시장을 벗어나, 넓은 글로벌 시장에서 기회를 만들어야 합니다.
   
여러분께서 선도적으로 새로운 수출시장을 개척해 주시고 해외기업과의 전략적 제휴나 인수ㆍ합병, 해외상장 등을 적극 추진해 주시기 바랍니다. 저 역시 적극적인 정상외교를 통해 중견기업의 세계시장 진출을 뒷받침할 것입니다.
   
역사와 전통이 있는 장수기업이 존경받으며 발전하는 토양에서 히든 챔피언도 많이 생겨날 수 있습니다.
   
현재 세계적으로 200년 이상 된 장수기업이 7,200여개가 있고, 일본에는 3천여개, 독일에는 1,500여개가 있지만, 우리나라에는 100년 이상 된 기업이 6개뿐입니다.
   
앞으로 우리 중견기업의 가업이 원활하게 상속되어 100년, 200년을 이어가는 명문 장수기업이 많이 나올 수 있는 구체적인 지원방안을 마련해 조만간 발표하겠습니다.
   
여러분!
   
저는 지난 주 출범한 2기 내각과 함께, 경제회복의 불씨를 더 크게 살려나가는 데 총력을 다 할 것입니다.
   
‘경제혁신 3개년 계획’을 본격 가동하고 규제개혁에도 속도를 내서 반드시 경제재도약을 이루어낼 것입니다.
   
우리 경제의 버팀목인 중견기업인 여러분께서도 힘을 보태주십시오.
   
쉽지 않은 여건이지만 미래를 내다보며 선제적으로 투자를 늘리고 좋은 일자리도 많이 만들어주십시오.
   
후배 중소기업과의 상생협력에도 앞장서 주시기 바랍니다.
   
여러분이 중소기업에서 중견기업으로 성장하면서 쌓아 온 세계시장 개척과 제품 개발 노하우를 토대로 후배 중소기업들을 이끌어 주신다면 큰 도움이 될 것입니다.
   
중견기업인 여러분!
   
우리는 그동안 온갖 역경을 딛고, 무역규모 세계 9위, 경제규모 14위의 성과를 이룩하였습니다.
   
그리고 지금 우리 앞에는 다시 한 번 도전해야 할 시대적 과제가 놓여있습니다. 
   
경제부흥과 제2의 무역입국을 이루기 위해서는 중견기업인 여러분의 용기와 노력이 필요합니다.
   
정부도 최선을 다해 여러분을 뒷받침할 것입니다. 
   
우리 함께 힘을 합쳐 경제 재도약을 이뤄나갑시다.
   
감사합니다."
1400224,박근혜,제52주년 소방의 날 기념식 축사,2014.11.06,국내,기념사," 제52주년 소방의 날 축사
   
존경하는 국민 여러분, 
전국의 소방공무원과 의용 소방대원 여러분, 
그리고 자리를 함께 하신 내외 귀빈 여러분!
   
제52주년 소방의 날을 진심으로 축하합니다.
   
지금 이 순간에도 안전과 도움이 필요한 곳엔 어디든지 달려가 국민의 생명과 재산을 지키고 계신 전국의 소방 가족 여러분께 감사드립니다. 
   
지난 7월 소방헬기 추락사고로 희생되신 다섯 분을 비롯해,1) 그 동안 직무를 수행하다 불의의 사고로 순직하신 분들의 명복을 빌며,2) 유가족 여러분께 깊은 위로의 말씀을 드립니다.
   
항상 강한 책임감과 희생정신으로 맡은 바 소임에 최선을 다하시는 소방관 여러분이야말로 우리나라뿐 아니라 전 세계적으로도 가장 신뢰받고3) 국민들이 필요로 하는 분들입니다. 
   
우리 국민들에게 119는 이제 안전과 관련된 모든 현장에서 가장 먼저 떠올리는 상징과도 같습니다. 
   
과거 화재진압이 소방의 주된 업무였다면, 이제는 119구조․구급, 화학재난 등의 특수재난은 물론, 119 생활안전서비스까지 그 역할과 비중이 크게 확대되었습니다.
   
그만큼 소방인 여러분에 대한 국민들의 신뢰와 믿음이 크다는 방증이라고 생각합니다. 
   
현재 소방은 이원화된 응급의료신고 및 대응체계를 119로 통합하여 응급의료환자 서비스를 강화하는 등 병원 전 단계 응급의료체계의 중추적 역할을 맡고 있고, 재외국민 보호와 인도주의 실현을 위한 국제 구조업무에도 선도적인 역할을 수행하고 있습니다.
   
저는 소방의 역할이 이렇게 변화하는 만큼, 소방 조직도 새로운 환경에 맞춰 발전해 나가야 한다고 생각합니다.
   
소방 발전을 바라는 여러분의 희망과 기대를 저는 함께 느끼고 있습니다. 
   
제가 국회의원이었던 지난 2011년에 ‘소방기본법 개정안’을 발의해서 통과시켰던 것도 그런 마음 때문이었습니다. 
   
국가 대혁신으로 안전하고 행복한 나라를 만드는 길에도 우리 소방이 중추적 역할을 해야 한다고 생각합니다.
   
조만간 정부조직법이 통과되어 재난 대응의 컨트롤타워가 될 국민안전처가 신설되면, 우리 소방관 여러분의 역할이 더욱 강화될 것입니다. 
   
여러분 모두가 여러 조직과 기관 간의 협업과 공조를 주도하는 중심이 되어주시고, 국민중심, 현장중심의 재난안전체계를 구축해서 안전한 대한민국을 만들어주시기 바랍니다.

 
소방공무원 여러분,
   
위급상황이 발생했을 때, 현장에 최대한 빨리 출동해서 골든타임을 확보하는 것은 국민의 생명과 재산을 지키는 첩경이라 할 것입니다. 
   
올해 소방공무원 여러분의 노력과 소방차 길 터주기 운동 등 국민들이 협력해 주신 결과 소방차의 5분 이내 현장 도착율이 높아지고 있어 4) 매우 다행스럽게 생각합니다. 
   
또한, 119 다매체 신고시스템을 구축해서 음성은 물론, 문자, 동영상 등 다양한 신고방법으로 누구나, 어떤 상황에서도 쉽고 빠르게 119를 이용할 수 있게 된 것도 의미 있는 변화라고 생각합니다. 
   
우리 소방관들의 열정과 노력에 큰 신뢰를 보내며, 1분 1초라도 더 빨리 위기의 현장에 도착할 수 있도록 더욱 노력해 주시기 바랍니다.
   
정부도 국민 생명을 지키는 관련 인프라 구축에5) 더욱 노력하겠습니다. 
   
소방 공무원 여러분,
   
저는 소방의 가장 큰 자산은 유능한 소방관이라고 생각합니다. 소방관이 안정적이고 안전한 환경에서 직무에 전념할 수 있어야 국민과 나라의 안전도 지켜질 수 있다고 믿습니다.
   
정부는 여러분이 보다 나은 여건에서 소임을 다할 수 있도록 최선을 다해 지원해나갈 것입니다.
   
특히, 부족한 인력의 증원과 처우개선, 소방장비 예산 지원 등 소방관 여러분이 현재 어려움을 겪고 계신 부분을 집중적으로 개선해 나가도록 하겠습니다.
   
소방관 여러분께서도 더욱 재난에 강하고 현장에 강한 대한민국 소방으로 거듭나 주시기 바랍니다.
   
존경하는 국민 여러분,
   
우리 소방관들이 어려운 여건에서도 힘을 낼 수 있는 것은 국민들께서 보내주시는 신뢰가 있기 때문입니다.
   
위험에 빠진 국민을 구하기 위해 생명을 거는 소방관들이 앞으로 더욱 힘을 내서 일할 수 있도록 아낌없는 성원과 격려를 보내주시기 바랍니다. 
   
다시 한 번 소방의 날을 축하하며, 여러분 모두의 무궁한 발전과 건승을 기원합니다.
   
   
   
1) 소방헬기 추락사고 : 2014. 7. 17(목) 10:53경 
- 장소 : 광주광역시 광산구 장덕동 부영아파트 203동 인근 도로 
* 사고당시 광주기상 : 시간당 3.5mm 강우, 남동풍 1.1m/sec 
- 사고 헬기 : 강원도 소방헬기(기종–돌핀AS365-N3, 유로콥타) 
* 보험관계 : 기체(48억), 3자배상(20억), 상해1인당(3억) 
- 개요 : 강원1호 헬기, 진도 팽목항 실종자 수색 임무(7.14~17, 4일간) 완료후, 춘천기지로 귀대 위해 광주공항 이륙(공군 관제탑 인가시각 10:49분) 운항중 추락 (사고원인 조사중) 
- 인명피해 : 사망 5명(헬기탑승 소방공무원), 부상 1명(민간인 1명) 
2) 공․사상자(전체) 구 분 계 비율 ‘09 ‘10 ‘11 ‘12 ‘13 
 총 계 1,655 100% 358 348 363 292 294 
3) 한국, 미국, 독일 등 세계의 직업 신뢰도 조사에서 1위는 공통적으로 소방관
4) 올해 9월까지 5분내 현장도착율은 평균 60.1%로 전년도 평균 58%에 비해 +2.1% 향 상되었고 하반기 갈수록 점차 증가될 것으로 예상 
*‘14년 전국 평균 현황 : (1월) 55.3% → (6월) 57.6% → (9월) 60.1% 
5) 소방방재청에서는 소방안전체험관 확대와 소방과학연구소 설립을 희망하고 있음
"
1400276,박근혜,제3회 머니투데이 글로벌 컨퍼런스 '2015 키플랫폼',2015.04.14,국내,기념사,"머니투데이 키플랫폼1) 영상메시지
   
머니투데이 미디어의 2015 키플랫폼 개최를 진심으로 축하합니다. 
   
우리는 지금 기존의 성장방식을 뛰어넘는 새로운 경제패러다임으로 창조경제를 추진하고 있습니다. 
   
혁신을 통해 새로운 번영의 30년을 열어가고자 총력을 기울이고 있는 시기에, 이번 행사가 열리게 되어 뜻깊게 생각합니다. 
   
그동안 머니투데이 미디어가 9개월에 걸쳐, 8개국 50개 글로벌 혁신기업과 전문가들을 직접 만나 혁신경험과 실행방법을 분석해온 것으로 알고 있습니다.
   
오늘 그 내용을 공유하는 자리를 마련했는데, 우리의 창조경제 추진에도 좋은 시사점을 줄 것으로 기대합니다. 
   
정부는 올 상반기까지 전국 17개 시도에 창조경제혁신센터를 만들어 혁신적 아이디어가 현실화될 수 있도록 노력하고 있습니다. 
   
창의적 중소기업이 우리 경제의 주역이 되고, 글로벌 히든챔피언으로 성장할 수 있도록 적극 뒷받침해 나갈 것입니다. 
   
이번 행사를 통해 창조경제와 경제혁신을 성공적으로 실행할 수 있는 많은 아이디어가 제시되고 공유되기를 바라고, 여러분 모두의 건승과 행복을 기원합니다. 
   
   
   
   
1) 주제: ‘실행력 강화를 위한 조직의 양손잡이화’"
1400320,박근혜,기업과 함께하는 일.가정 양립 행사 - 2015 양성평등주간 기념식,2015.07.05,국내,기념사,"기업과 함께 하는 일‧가정 양립
   
존경하는 국민 여러분, 
그리고 내외 귀빈 여러분, 
   
오늘 이 자리는 일·가정 양립을 실천하고 있는 경제계의 노력을 공유하고, 확산을 모색하는 매우 뜻깊은 자리입니다. 
   
이런 자리를 만들어주신 대한상공회의소를 비롯한 모든 기업 관계자 여러분과 오랜 세월 여성정책의 발전을 위해 애써 오신 여성계 지도자 여러분께 감사드립니다. 
   
오늘 양성평등에 기여한 공로로 수상하신 유공자 여러분께도 축하를 드립니다. 
   
내외 귀빈 여러분, 
   
올해 2015년은 광복 70주년을 맞는 역사적인 해이면서, 양성평등기본법이 시행되는 원년이기도 합니다. 
   
지난 70년 우리가 이룩한 놀라운 발전의 토대에는 우리 어머니들을 비롯한 많은 여성들의 희생과 헌신이 있었습니다.
   
이제 우리가 다시 한 번 도약해 나가기 위해서는 여성의 역할이 더욱 확대되고 변화되어야 한다고 생각합니다.
   
저는 우리 사회 곳곳의 여성 인재들이 마음껏 역량을 발휘하고, 여성과 남성이 동등하게 사회 발전에 참여할 때, 우리가 바라는 발전과 번영을 이룰 수 있다고 믿습니다.
   
많은 선진국의 사례에서 보듯이 여성 인재 활용이야말로 국가 경쟁력 강화의 기초이며, 경제 번영을 앞당기는 열쇠입니다.
   
그 동안 정부는 공공기관 여성임원 목표제 도입을 비롯해서 여성 인재 발굴과 육성, 역량 강화를 적극 추진해 왔고, 여성 고용대책과 경제활동 지원 정책도 꾸준히 강화하고 있습니다.
   
특히, 일과 가정을 양립할 수 있도록 해야 여성인재들이 제 역량을 발휘할 수 있기 때문에 ‘일·가정 양립 정책’을 정부의 핵심 개혁과제로 삼아서 적극적인 노력을 펼쳐오고 있습니다.
   
임신과 출산, 양육으로 인한 여성의 경력 단절을 막기 위해 ‘아빠의 달’도입, 보육시설 확충과 같은 제도 개선에 최선을 다하고 있습니다. 
   
이러한 정부의 노력과 기업인 여러분의 협력, 그리고 여성계지도자 여러분의 활동이 더해져서 점차 가시적인 성과들이 나타나고 있습니다. 
   
작년에 여성 고용률이 54.9%로 역대 최고치를 기록했습니다. 30대 여성 고용률도 56.3%로 역대 최고였습니다. 
   
아빠들의 육아 휴직자 수도 꾸준히 증가하고 있습니다. 
   
이 모든 것이 바로 여러분이 이룩한 성과입니다. 
   
하지만, ‘일·가정 양립’이 확실하게 뿌리내리기 위해서는 가야 할 길이 많이 남아있습니다.
   
‘일·가정 양립’은 국민행복을 위한 필수적인 과제이면서, 기업의 경쟁력을 높여 궁극적으로 나라 경제를 도약시키는 최선의 길이라고 할 수 있습니다. 
   
앞으로도 정부는 일·가정 양립을 위한 제도개선과 정책발굴을 적극 추진할 것입니다. 
   
기업인 여러분께서도 여성인재 활용과 ‘일·가정 양립’이 보다 확산될 수 있도록 더욱 적극적으로 동참해 주실 것을 부탁드립니다. 
   
2015 양성평등 주간을 다시 한번 축하하면서, 여러분 모두의 행복과 발전을 기원합니다.
   
감사합니다. "
1400340,박근혜,제60기 5급 신임관리자과정 수료식(사무관시보 임용식),2015.08.31,국내,기념사,"제60기 신임관리자과정 수료식(사무관시보 임용식)
   
신임 사무관 여러분의 임용을 축하합니다.
   
여러분은 광복 70주년을 맞는 뜻 깊은 해에 공직의 첫걸음을 내딛게 되어 의미가 더욱 각별하다고 생각합니다. 
   
광복 이후 우리나라가 수많은 역경을 딛고, 세계가 놀라는 발전을 이뤄낸 바탕에는 여러분 선배 공무원들의 헌신과 열정이 있었습니다. 
   
이제 새로운 도전정신으로 대한민국의 더 큰 도약을  이끌어야 할 책무가 여러분에게 주어져 있습니다. 
   
여러분 모두가 뚜렷한 목표의식과 창의적 자세로 맡은 바 업무에 최선을 다할 때, 국민의 삶과 나라의 미래도 크게 변화할 것입니다. 
   
공직은 누구에게나 주어지지 않는 특별한 자리입니다. 공직에 입문하면서 다짐했던 초심을 항상 잊지 말고 국가발전을 위해 혼신의 노력을 다해주기 바랍니다. 
   
여러분 모두가 국민의 신뢰와 사랑을 받는 공직사회의 주인공이 되고, 자랑스러운 대한민국을 만들어가는 주역이 될 것으로 믿습니다.
   
다시 한 번 여러분의 임용을 축하하며, 앞날에 큰 발전과 행복이 함께하기를 기원합니다."
1400344,박근혜,2015 글로벌보건안보구상(GHSA) 서울 고위급 회의 공식만찬,2015.09.07,국내,기념사,"글로벌보건안보구상 서울 고위급회의 공식만찬
   
세계 각국의 정부 대표단, 
국제기구 대표단 여러분, 
   
제2차 글로벌보건안보구상 서울 고위급 회의 참석을 위해 한국을 찾아주신 여러분을 진심으로 환영합니다.
   
작년 워싱턴 첫 회의에 이어 열리는 이번 서울 고위급회의는 감염병의 위협으로부터 인류의 생명과 안전을 지키기 위해 지혜를 모아나가는 큰 의미가 있는 자리입니다.
   
지난 해 우리는 에볼라와 힘겨운 싸움을 했습니다. 지금까지 2만 8천 명의 환자가 발생했고, 1만 1천 명이 소중한 생명을 잃었습니다.
   
전 세계가 에볼라에 대한 공포에 휩싸였지만, 감염 위험과 공포심을 이겨내고 세계의 수많은 의료진들은 현장으로 달려가 소중한 생명을 살려냈습니다.
   
우리는 이분들의 헌신적인 희생정신을 결코 잊지 말아야 할 것입니다.
   
국가 간 왕래가 왕성하고 세계가 하나가 되어가는 글로벌 시대에 에볼라와 사스, 메르스와 같은 신종 감염병들은 국경을 넘어 인류의 생명을 위협하고 있습니다.
   
여전히 많은 사람들이 감염병의 고통과 공포에 시달리고 있고, 우리 대한민국도 금년에 예기치 못한 메르스 유입으로 인해 어려움을 겪었고, 그 종식을 위해 강도 높은 조치를 취한 바 있습니다. 
   
또한 병원체를 인위적으로 악용한 용납할 수 없는 생물테러 행위도 우리의 안전을 위협하고 있습니다. 
   
신종 감염병은 항상 예기치 않게 다가오며, 우리가 모르는 새로운 감염병이 언제든지 세계를 혼란에 빠트릴 수 있습니다.
   
그래서 우리는 감염병의 위험으로부터 인류의 생명과 경제, 사회적 안정을 지키는데 힘과 지혜를 모으기 위해 지금 여기 대한민국에 모였습니다. 
   
대표단 여러분!
   
이렇게 예측할 수 없는 거대한 위협에 대응하기 위해서는 평소에 대비체계를 철저하게 갖추어야 하고, 국가 간에도 서로 지식을 공유하며 연구해 나가야 합니다. 
   
올해 우리나라도 메르스가 갑자기 유입되었을 때 방역을 위해 세계의 기구들과 여러 방안에 대해 논의했습니다. 
   
오늘 이 자리가 감염병 대응에 대해 각국의 경험과 특성에 기초하여 국제공조와 해법을 찾는데 의미 있는 자리가 되길 바랍니다. 
   
글로벌 시대에는 세계의 보건의료분야 전문가들은 물론이고, 모든 정부 부처와 민간이 참여하는 대응체계를 갖춰야만, 감염병 유입과 확산을 막아낼 수 있다고 생각합니다. 
   
현재 대한민국은 이러한 문제인식 하에 감염병 대응을 위한 국가적 차원의 방역능력을 높이기 위해 방역체계의 근본적인 혁신을 추진하고 있습니다. 
   
글로벌보건안보구상의 3대 전략인 예방, 탐지, 대응 기조 하에 24시간 긴급 상황실을 설치하고, 의심환자가 발생시 즉각대응팀을 파견하여 조기확산을 차단할 계획입니다. 
   
검역을 강화하고, 모든 기관이 검역정보를 신속히 공유할 수 있도록 ‘스마트 검역체계’도 구축해 나갈 계획입니다.
   
또한, 전국 권역별로 감염병 전문병원을 운영하고, 방역 전문인력을 양성하며, 감염병 대응 조직체계를 개편하는 등 모든 분야에 걸쳐 철저하게 개선해나갈 것입니다.
   
방역체계를 잘 갖추는 것 못지않게 중요한 것이, 평소에 반복된 연습을 통해 원활한 소통체계를 갖추는 일입니다.
   
한국의 국방부와 보건부는 생물학적 위협에 대비하기 위해, 2011년부터 매년 미국의 국방부, 보건부와 연계하여 Able Response 훈련을 실시하고 있습니다.
   
이 훈련은 자연발생 재해 차원의 감염병 대응을 넘어서 인위적 살포를 통한 국가적 안보위협 가능성까지 선제적으로 차단하려는 노력의 일환입니다.
   
어제 훈련을 직접 참관하신 분도 계시겠지만, 대한민국의 이러한 훈련경험이 여러 국가와 공유되어 보건안보 위기상황을 극복하는데 조금이라도 도움이 되기를 바랍니다.
   
여러분!
   
우리는 그 동안의 경험을 통해, 감염병 위협이 한 국가만의 문제가 아니라 전 인류의 문제라는 것을 분명히 깨달을 수 있었습니다. 
   
저는 이번 서울회의에서 국가 간 공조체계를 더욱 공고히 할 수 있는 구체적인 방법론을 찾기를 기대하고 있습니다. 
   
첫 번째로, 보건안보 대응체계와 역량 강화를 추진하는 모든 국가들은 국제적으로 합의되고 표준화된 핵심 역량을 갖추는 데 노력을 집중해야 한다고 생각합니다. 
   
작년 워싱턴 회의를 통해 우리는 예방, 탐지, 대응이라는 3대 분야와 11개 행동계획이라는 공통된 지향점을 설정한 바 있습니다.
   
선도그룹은 각 국가의 이행상황을 평가하고, 실질적 이행을 독려하면서 각 국가의 대응능력 구비를 위해 노력하고 있는데, 이와 같은 노력은 개별국가의 의료환경과 사회문화적 특성을 반영하여 맞춤형 정책으로 더욱 강화되어야 할 것입니다.
   
두 번째로, 강화된 대응체계를 바탕으로 국가 간에 신속한 정보공유와 인적교류를 강화해야 합니다.
   
과학 기술이 비약적으로 발전했지만, 여전히 감염병에 대한 지식과 정보는 제한되어 있습니다.
   
이러한 한계를 극복하기 위해서는 국가 간 긴밀한 공유 채널 구축을 통해 신속하고 정확하게 정보를 주고받아서, 정보 격차를 줄여 나가는 것이 매우 중요합니다.
   
또한, 각국의 대응 역량 강화를 위한 인적교류도 보다 확대해 나가야 합니다.
   
역량을 갖춘 역학조사관들이 인접 국가는 물론 WHO를 비롯한 국제기구에 파견되어, 서로 소통하면서 기술과 지식을 교환할 수 있어야 하겠습니다.
   
대표단 여러분!
   
현재, WHO가 중심이 되어 세계 각국이 감염병 대응 능력 강화에 노력을 기울이고 있지만, 아직도 많은 국가들이 감염병 위협에 시달리고 있습니다.
   
소중한 생명을 지키고 구해내기 위해 보다 실질적인 협력과 지원에 나설 때입니다.
   
이미 많은 국가들과 국제기구들이 글로벌보건안보구상의 핵심전략 실현을 위해 다른 나라를 재정적으로 지원하고 있습니다.
   
미국은 글로벌보건안보구상 참가국을 포함해 30개국을 지원하기로 했습니다.
   
G7은 에볼라 종식을 위해 지금까지 26억 달러를 지원했고, 앞으로 최대 60개국까지 지원을 확대하겠다고 선언한 바 있습니다.
   
이러한 국제사회의 노력에 대한민국도 힘을 보태나갈 것입니다.
   
대한민국 정부는 2016년부터 5년 동안 “모두를 위한 안전한 삶 구상”을 통해 총 1억 불의 재원을 투입하여, 13개국의 감염병 대응능력 강화를 지원할 계획입니다.
   
이 구상을 통해 해당 국가의 많은 국민들이 감염병의 위협에서 벗어나 안전한 삶을 영위하고, 더 나은 미래에 대한 희망을 가질 수 있도록 최선을 다하겠습니다.
   
대표단 여러분!
   
감염병 위협에 대비하는 우리의 원칙은 단순하고 명확합니다.
   
우리가 마련한 글로벌보건안보구상의 3대 전략과 11개 행동계획을 철저하게 이행하는 것이며, 한국 정부는 이를 위한 노력에 전폭적인 지지와 참여를 약속합니다. 
   
앞으로도 신종 감염병이 수없이 인류를 위협하겠지만, 우리는 결코 굴복하지 않을 것입니다.
   
지금 우리의 노력은 감염병 대응에 국한되지 않고, 건강한 국민, 건강한 나라, 건강한 세상을 만들기 위한 범지구적 노력의 시금석이 될 것입니다.
   
내일 개최되는 장관회의에서, 국제사회 최초의 감염병 대응 선언문이 될 ‘서울선언문’이 채택되고, 의미 있는 성과들을 많이 거둘 수 있도록 적극적인 지지와 참여를 부탁드립니다. 
   
감사합니다. "
1400374,박근혜,제5차 한일중 비즈니스 서밋,2015.10.31,국내,성명/담화문,"한·일·중 비즈니스 서밋 축사 
   
오늘 한·일·중 비즈니스 서밋에 참석해 주신 아베 신조 총리님, 
리커창 총리님께 감사드립니다.
   
오늘 행사를 위해 애써 주신 사카키바라 사다유키, 장쩡웨이, 허창수 회장님을 비롯한 경제인 여러분께도 감사드립니다.
   
한․일․중 3국은 불교, 한자, 유교와 같은 문화적인 공유와 지정학적 접근성을 바탕으로 오랜 세월 긴밀한 관계를 유지해 왔습니다.
   
지금은 세대를 뛰어넘어 다양한 분야에서 더욱 활발한 교류가 이뤄지고 있습니다.
   
한국인들에게 일식과 중식은 생활의 일부분이 되었고, 일본과 중국에서는 케이팝과 한국 드라마 등이 높은 관심과 사랑을 받고 있습니다.
   
3국을 찾는 관광객들도 매년 크게 늘어 지난해에는 2천만명 이상이 3국을 서로 방문했습니다.
세 나라간 경제협력도 매우 활발합니다.
   
지난해 3국간 교역규모는 3국 정상회담이 시작된 1999년에 비해 무려 5배나 증가하였습니다.
   
이제 동북아 지역은 세계 GDP와 인구의 20%이상을 차지하면서 EU, 북미와 함께 세계 3대 경제시장 중 하나로 급성장했습니다.
   
앞으로 3국의 경제규모와 지리적 접근성, 문화적 동질성 등을 고려하면 3국간 경제협력의 잠재력은 무궁무진하다고 생각합니다.
   
오늘 소중한 만남을 계기로 3국 정상과 경제인들이 손을 잡고, 동북아를 중심으로 하는 새로운 경제질서를 만들어 나가길 바랍니다.
   
이를 위해 세 나라가 힘을 모아 함께 나아가야 할 몇 가지 경제협력 방향을 제안하고자 합니다.
   
첫째는 동북아 경제공동체 구축입니다.
   
최근 들어 TPP나 RCEP 같은 지역경제 통합을 위한 Mega FTA가 통상분야의 새로운 트렌드가 되었습니다.
   
특히, 이번 정상회담을 통해 3국은 “포괄적이고 높은 수준의 FTA”를 위해 협상을 가속화하기로 한 만큼, 향후 동북아 경제통합 논의가 급물살을 탈 것으로 기대됩니다.
   
동북아는 EU나 NAFTA에 비해 아직 역내 교역수준이 낮기 때문에 동북아 경제통합은 3국 기업인 모두에게 큰 이익을 줄 것이며, 정치분야 협력관계 강화에도 도움이 될 것입니다.
   
이번에 3국 경제단체들 간에 교역․투자 활성화를 위한 MOU를 맺은 만큼, 한․일․중 FTA 논의를 진전시키는데 경제인 여러분께서도 적극적인 지지와 협조를 해주시기 바랍니다.
   
3국 정부는 3국 경제인 모두의 이익이 되는 방향으로 협상을 진행할 것입니다.
   
또한, 이번에 협력 MOU를 맺은 전자상거래 시장을 비롯하여 교통․물류체계 등도 빠른 시일 내에 연계․통합되어서 동북아 단일시장 구축의 중요한 기반이 마련되기를 희망합니다.
   
두 번째는 창의와 혁신에 기반한 미래 성장산업을 향한 협력입니다.
   
그 간 3국은 제조업을 중심으로 급성장해왔지만, 이제는 제조업의 혁신과 함께 고부가가치 新성장산업을 육성해서 저성장의 위기를 함께 극복해야 할 때입니다.
   
한국은 창조경제와 제조업 혁신 3.0을 통해 新성장산업을 적극 육성하고, 제조업에 사물인터넷, 3D 프린팅 등 첨단기술을 접목하여 제조업의 혁신과 고부가가치化를 위해 노력하고 있습니다. 
   
일본과 중국도 이러한 인식을 함께 하고, 재흥전략(日), 신흥전략산업(中) 등을 통해 창의와 혁신에 기반한 미래 성장산업을 육성하기 위해 노력 중인 것으로 알고 있습니다.
   
특히 이번에 3국은 보건․의료, SW, 문화콘텐츠 등 新성장산업에 대한 협력을 강화하기 위한 공동선언문을 채택한 바 있습니다.
   
또한, 중소기업 협회 간에 MOU를 맺고, 중소기업들의 기술력과 잠재력을 극대화하기 위해 투자협력, 기술이전 등을 함께 추진하기로 했습니다.
   
이를 계기로 신산업과 제조업 혁신 분야에서 경제인간 교류와 협력이 본격화되기를 기대하며, 3국 정부는 협력 사무국, 장관급 협의체 등을 통해 여러분의 활동을 열심히 지원할 것입니다.
   
3국의 신성장 전략은 전통적인 비교우위와 분업구조에도 많은 변화를 가져오게 될텐데, 새로운 분야에서도 공정한 경쟁과 긴밀한 협력이 이루어지도록 함께 노력해야 할 것입니다.
   
세 번째 협력분야는 글로벌 이슈에 대한 공동 대응입니다.
   
세계의 경제가 하나로 연결되고, 한 나라의 노력만으로는 해결할 수 없는 다양한 문제들이 등장하면서 최근에는 다자 협력채널을 통해 많은 문제들을 해결하고 있습니다.
   
우리 3국은 이러한 이슈들의 중요한 이해당사자들인 만큼, 국제사회에서 한 목소리로 대응해서 각국 기업인들이 자유롭게 활동할 수 있는 비즈니스 환경을 만들어 가야 합니다.
   
먼저, 新기후체제 출범을 앞두고 기후변화가 부담이 아니라 ‘신산업과 기술발전의 새로운 기회’가 되도록 신재생 에너지, 스마트 그리드 같은  관련 산업을 함께 육성해야 할 것입니다.
   
금융부문에서도 금융당국간 정보 공유와 정책 공조를 강화하고, “치앙마이 이니셔티브 다자화 협정(CMIM)” 등을 통해 역내 금융시장 안정을 위해 함께 노력해야 한다고 생각합니다.
   
에너지 분야에서도 3국은 모두 석유, 가스, 석탄 등의 주요 수입국이며, 원전을 활용하여 전력을 공급하고 있습니다. 
   
앞으로 3국은 에너지 안보(Security)를 강화하기 위해 국제 에너지 시장의 변동위험을 최소화하고, 원전 안전을 강화하기 위해 긴밀하게 협력해야 할 것입니다.
   
경제인 여러분 ! 
   
얼마 전 한국에서는 ‘미생’이라는 드라마가 큰 인기를 끌었습니다. 
   
3국의 공통 문화자산이자 인생의 축소판이라고 하는 바둑을 소재로 한 드라마인데, 미생은 바둑에서, 집이나 대마가 아직 완전하게 살아 있지 않은 상태를 말합니다. 
   
포춘지의 500대 기업에 3국의 기업이 169개사가 포함될 정도로 개별 기업들은 세계 경제에 큰 영향력을 발휘하고 있지만, 3국 기업간 협력 상황은 아직 미생에 가깝습니다.
   
오늘 만남을 계기로 경제인간 소통과 교류를 활성화해서 한․일․중 3국 경제가 동북아 경제공동체라는 진정한 완생으로 거듭나기를 기대합니다.
   
오늘 소중한 시간을 내주신 아베신조 총리님, 리커창 총리님께서도 함께 힘을 모아 주시기 바랍니다. 
   
다시 한번 한․일․중 비즈니스 서밋 개최를 축하하며, 여러분들의 앞날에 건승과 행복을 기원합니다. 
   
감사합니다."
1400378,박근혜,연평도 포격도발 5주기 행사,2015.11.10,국내,기념사,"연평도 포격 도발 5주기 영상메시지
   
연평도 포격 도발 5주기를 맞아, 
故서정우 하사와 故문광욱 일병의 고귀한 희생에 깊은 애도를 표합니다. 
   
유가족과 부상 장병 여러분에게도 위로의 말씀을 드립니다. 
   
故서정우 하사는 마지막 병장 휴가를 떠나던 순간에도, 북한의 기습 공격이 발생하자 추호의 망설임도 없이 부대로 복귀하여 임무를 수행하다 전사하였습니다. 
   
故문광욱 일병은 북한의 포격 도발에 맞서, 그 누구보다도 신속하게 전투 준비를 하던 중 전사하였습니다.
   
해병대 연평부대 장병들은 북한의 도발에 신속하게 대응하였고, 자신의 방탄모가 화염에 불타는 절체절명의 상황에서도 주민들의 안전한 대피를 도우며 군인의 본분을 다했습니다.
   
투철한 군인정신으로 우리 영토와 국민의 생명을 지켜낸 연평부대 장병 모두가 우리 국민들의 영웅입니다.
   
철통같은 안보태세는 대한민국의 자유와 평화를 수호하고, 올바른 남북관계를 만들어가는 중요한 토대입니다.
   
앞으로도 우리 군은 완벽한 군사대비태세를 확립하여 어떠한 위협과 도발에도 흔들림 없이 대처해주기 바랍니다.
   
정부도 우리 군의 희생과 헌신이 헛되지 않도록 노력해 나갈 것입니다. 
   
다시 한번 故서정우 하사와 故문광욱 일병의 명복을 빌며, 장병 여러분의 건승을 기원합니다."
1400413,박근혜,경기북부지방경찰청 개청식,2016.03.24,국내,기념사,"경기북부지방경찰청 개청식 축사
   
존경하는 경기도민과 경찰관 여러분! 
자리를 함께하신 내외 귀빈 여러분!
   
경기 북부지역 주민의 오랜 숙원이던 경기도 북부지방경찰청 개청을 진심으로 축하합니다.
   
경기도는 대한민국의 심장부에 위치하고 있고 전 국민의 4분의 1이 거주하는 우리나라의 중심축입니다.
   
특히, 이곳 경기 북부지역은 북한과 인접해 있는 지정학적 특수성과 한강을 경계로 생활권역이 나뉘어져 있어서 ‘안보’ 와 ‘안전’ 에 대한 주민의 요구가 그 어느 지역보다 높은 곳입니다.
   
경기 북부지역은 경찰관 한 명이 담당하는 주민수가 전국에서 가장 많은데다,1) 북한의 핵실험과 미사일 발사, 대북 확성기 포격과 무인기 침범 등 계속되는 도발로 주민들의 긴장감과 불안감이 극도로 높아지고 있는 상황입니다.
   
그럼에도 불구하고 그동안 독립된 지방경찰청이 없어 안보와 치안에 대한 우려와 불편함이 많았습니다.
   
오늘 새롭게 출범하는 경기북부경찰청이 경기 북부지역 주민의 안전과 행복을 지켜주는 든든한 울타리가 되고 생활 편의 측면에서도 많은 도움이 되기를 기대합니다.2)
   
존경하는 경기도민 여러분, 그리고 국민 여러분!
   
최근 북한은 4차 핵실험과 잇따른 장거리 미사일 발사로 한반도 평화를 위협하는 극단적인 도발을 계속하고 있습니다.
   
얼마 전에는 5차 핵실험을 예고하는가 하면 ‘방사포를 쏴서 청와대를 불바다로 만들겠다’ 고 협박하면서 도발의 수위를 점점 높여가고 있습니다.
   
이처럼 안보위기가 고조될수록 경기 북부지역 주민 여러분이 느끼는 불안감도 클 것입니다.
   
최일선에서 엄중한 안보상황을 겪으면서도, 정부를 믿고 묵묵히 생업에 종사하고 계신 여러분께 감사와 위로의 말씀을 드립니다.
   
정부는 북한의 어떠한 도발도 즉각 응징할 수 있도록 물샐틈없는 대비태세를 갖추고 있습니다.
   
UN 등 국제기구는 물론 세계 각국과의 공조체제도 한층 더 공고히 하고 있습니다.
   
얼마 전 채택한 역대 가장 강력한 유엔 안보리의 대북제재 결의안은 북한의 핵개발 의지를 꺾겠다는 우리 정부의 단호한 의지에 대한 국제사회의 호응이 응집된 것입니다.
   
정부는 국민 모두의 안보 의지를 하나로 모아서, 북한이 더 이상의 무모한 도발은 고립과 자멸만을 불러온다는 것을 반드시 깨닫게 할 것입니다.
   
경찰관 여러분!
   
오늘은 첫 번째 맞이하는 ‘서해 수호의 날’입니다. 북한의 도발에 맞서 청춘을 불사른 호국용사들의 피 끓는 애국심이 경찰관 여러분의 가슴에도 똑같이 새겨져 있을 것입니다.
   
경찰은 우리 대한민국의 든든한 버팀목입니다.
   
대한민국의 평화와 번영 자유와 행복에는 이를 지켜내기 위한 경찰관 여러분의 헌신적인 노력이 있었습니다.
   
오늘의 대한민국이 있기까지 경찰은 법질서를 수호하고 사회 안정을 유지하면서 국가안보와 경제발전을 흔들림 없이 뒷받침해 왔습니다.
   
지금 중대한 안보 위기를 맞아, 경찰의 역할이 어느 때보다 중요합니다.
   
무엇보다, 국가안보에 빈틈이 생기지 않도록 사회혼란을 야기할 수 있는 각종 위험 요인에 엄정하게 대처해야 합니다.
   
특히, 접경지역을 관할하는 경기북부 경찰 여러분은 북한의 도발과 테러로부터 국민을 완벽하게 보호할 수 있도록 철저한 대비태세를 갖추고 있어야 합니다.
   
무모하고 강력한 테러가 언제든 발생할 수 있습니다.
   
주요 취약시설을 면밀히 점검하고, 민·관·군과 유기적인 협조체제를 구축하는 한편 사이버테러에 대한 경계도 늦춰서는 안 될 것입니다.
   
정부는 그동안 경찰의 보안역량을 강화해서, 민생범죄 뿐만 아니라 국가안보 위해사범에 대해서도 적극 대응할 수 있도록 했습니다.3) 

앞으로도 국가안보와 국민안전을 위한 지원을 아끼지 않을 것입니다.
   
안전은 국민행복의 필수조건이고, 국민안전을 지키는 것은 경찰 여러분의 자랑스러운 책무입니다.
   
얼마 전, 화재로 생명을 잃을 위기에 놓인 90대 할머니를 살리기 위해 불길 속으로 뛰어들었던 경기북부 지역의 가평경찰서 소속 경찰관의 이야기는 국민 모두에게 큰 감동을 주었습니다.4)
   
앞으로도 국민 안전에 사각지대가 생기지 않도록 아동·여성·노인 등 사회적 약자를 보살피는데, 한 치의 소홀함도 없도록 해주길 당부합니다.
   
존경하는 국민 여러분!
   
안전하고 행복한 사회는 경찰만의 노력으로는 이룰 수 없습니다.
   
지역사회와 자치단체, 경찰이 서로 힘을 합하고, 주변의 이웃들에게 따뜻한 관심을 가져야 합니다.
   
또한 지금 북한의 도발이 언제 감행될지 모르는 상황입니다. 이런 때일수록 국민의 대의기관인 국회와 정치권에서도 본인들만의 정치에서 벗어나 국민의 생명과 재산을 지키고. 국가를 위기에서 구해내려는 애국심을 가져야 합니다.
   
그러한 우리 모두의 단합된 힘이 ‘안전한 대한민국’ 을 만들고 우리의 삶을 지키는 초석이 될 것입니다.
   
이제 막 첫걸음을 내딛는 경기북부경찰청의 앞날에 도민 여러분의 아낌없는 성원을 부탁드립니다.
   
정부도 경기 북부지역의 개발과 지원에 더 많은 관심과 노력을 기울이겠습니다.
   
비무장지대와 같은 천혜의 자연환경을 활용한 관광산업, 친환경 미래 신성장산업을 육성하여 지역경제에 활력을 불어 넣을 것입니다.
   
여러분께서도 정부의 노력에 성원을 보내주시고, 힘을 보태주시기 바랍니다.
   
다시 한 번 경기북부경찰청의 개청을 축하하면서, 경기북부의 앞날에 무궁한 발전이 있기를 기원합니다.
   
감사합니다.
   
   
   
1) ‘15년말 기준 전국 경찰관 1인당 456명, 서울지방경찰청의 경찰관 1인당 담당인 구는 375명인데 비해, 경기북부지역은 632명 
2) 현재 경찰의 행정처분에 대한 불복 소송을 제기할 경우, 가까운 의정부지법이 있는데도 불구하고 경기지방경찰청을 관할하는 수원지법까지 가야하는 불편이 있었으나, 경기북부청 개청으로 의정부지법에서 처리 가능 
3) ‘15년 3월 기준 3,927명이던 보안 관련 인력이 ’15년 305명 증원을 시작으로 ‘16년 777명, ’17년 565명을 증원하여, ‘17년 말까지 총 5,574명으로 증가될 예정
4) 가평경찰서 읍내파출소 박종우 경사는 3.18 순찰도중 들판의 불길에 갇혀 바지에 불이 붙어가는 90대 할머니를 발견하고 곧바로 뛰어들어 할머니를 구해내고 본인 은 화상을 입어 각 언론에서 보도
   "
1400435,박근혜,2016 전국생활체육대축전 개회식,2016.05.18,국내,기념사,"2016년 전국생활체육대축전 개막식 영상 메시지 
   
2016년 전국생활체육대축전 개막을 진심으로 축하합니다.
   
전국 17개 시도 대표 선수단과 세계 각국에서 오신 해외동포 선수단, 그리고 일본 선수단 여러분을 환영합니다. 
   
생활체육은 국민들이 건강한 삶을 살게 하고, 주민들의 결속과 화합을 이끄는 동력입니다.
   
정부는 스포츠로 건강하고 ‘행복한 대한민국’ 을 만들기 위해, 생활체육을 적극 뒷받침하고 있습니다. 
   
언제 어디서나 스포츠 참여가 가능한 환경을 조성해 나가고 있고, 어르신들을 위한 체육활동 프로그램과 지도자를 대폭 확대하며 사회적 약자들의 스포츠 활동 지원도 강화하고 있습니다.
   
지난 3월 통합 대한체육회의 출범으로 엘리트 체육과 생활체육의 선순환 시스템도 갖췄습니다.
   
앞으로 생활체육, 학교체육, 엘리트체육이 상호 보완을 통해, 우리나라가 스포츠 선진국으로 발전해 나가기를 기대합니다. 
   
선의의 경쟁 속에 우정과 화합을 다지고 갈고 닦은 기량을 마음껏 펼치는 축제의 장이 되기를 바라며, 여러분 모두의 건강과 행복을 기원하겠습니다."
1400472,박근혜,서민금융진흥원 출범식,2016.09.22,국내,기념사,"서민금융진흥원 출범식
   
여러분, 반갑습니다.
   
그 동안 각자 다른 기관에서 서민금융을 담당했던 여러분이 한 지붕 아래 모여 서민금융진흥원을 설립한 것을 축하합니다.
   
각자 조금씩 다르게 일해 왔던 여러분이 함께 일하게 되어 정리하고 챙겨야 할 내부의 일들이 많겠지만, ‘서민을 위한다’ 는 목표를 확실하게 공유한다면 작은 차이들을 어렵지 않게 극복할 수 있을 것입니다.
   
지금 불법 사금융이나 채무 독촉에 시달리는 많은 분들은 하루빨리 빚의 굴레에서 벗어나기를 간절히 바라면서, 서민금융진흥원의 역할에 큰 기대를 걸고 있습니다.
   
실업이나 질병으로 누구나 채무불이행자가 될 수 있는 현실에서 서민금융진흥원이 든든한 안전망이 되어주기를 바라고 있습니다.
   
통합의 시너지를 극대화하고 서민들의 곁으로 더욱 가까이 다가가서 이러한 국민들의 기대에 부응해주기 바랍니다.
   
그 동안 정부는 서민들의 금융부담 완화에 힘써왔고, 적지 않은 성과도 거둘 수 있었습니다.
   
16조원의 서민자금을 공급하고, 80만 명에 대해 채무 재설계를 지원했습니다. 
제도권 금융회사의 빈틈을 메우는 중금리 사잇돌 대출이 출시되고 대부업 최고금리를 27.9%까지 인하한 것을 비롯해 여러 가지 제도 개선도 있었습니다.
   
그리고 오늘 서민금융진흥원을 설립함으로서, 서민들의 금융생활을 더욱 든든하게 지켜드리는
통합 지원 인프라까지 갖추게 됐습니다.
   
재원이 떨어지면 없어졌던 한시적인 서민금융 지원 사업들이 법적 근거를 가진 항구적인 제도로 거듭나게 됐습니다.
   
흩어져 있던 서민금융 재원과 지원 수단을 한 곳에 모아 더욱 효과적인 지원이 이뤄지도록 역량도 확충했습니다.
   
이제부터 중요한 과제는 서민금융 지원의 3개 핵심 영역인 지원 대상 선정 상품개발 전달체계 모두를 혁신해서, 어려움에 처한 서민들에게 보다 실질적인 도움을 드리는 것입니다.
   
먼저, 서민금융의 정체성과 지속성을 함께 지켜낼 수 있도록 지원 대상 선정 방식을 혁신해야 합니다.
   
서민금융은 복지와 금융의 경계선상에 있기 때문에, 복지제도와 일반 금융회사의 적절한 역할 분담이 필요합니다.
   
복지 측면이 강조되어 대상자를 지나치게 넓게 설정하면 나중에는 부실이 커져 제도의 지속가능성이 낮아지고, 반면에 금융원리만 따져 대상자를 너무 엄격하게 설정하면 제도의 취지에 맞지 않고 일반 금융회사와 마찰도 발생할 것입니다.
   
당장은 자신의 신용과 담보로 일반 금융회사를 이용하지 못해도 상환능력과 의지가 확실하면 지원 대상이 될 수 있도록, 정확하고 공정한 판단 기준을 마련해야 합니다.
   
거래내역과 소득 재산정보 등을 활용하는 기존의 신용평가방법 외에, 서민들의 자활 능력과 재기 의지를 정확하게 파악할 수 있는 새로운 정보를 발굴하여 모으고 고유한 평가기법을 개발하기 바랍니다.
   
다음으로, 철저하게 수요자의 입장에서 수요자 중심의 상품을 마련하는 데 힘을 쏟아야 하겠습니다.
   
현재의 4대 서민금융상품은 그 때 그 때 필요에 따라 공급자 중심의 시각으로 만들어졌기 때문에 중복영역과 사각지대가 동시에 존재합니다.
   
이름은 비슷하고 지원 요건은 복잡해서 서민들은 어느 상품이 자신에게 맞는지 알기가 어렵습니다.
   
상품 브랜드를 통일하여 인지도를 높이고 수요자 특성과 자금용도에 맞춰 적정한 상품이 빠짐없이 공급되도록 서민금융 상품체계를 개편할 필요가 있다고 생각합니다.
   
지나치게 경직되어 있는 채무조정 프로그램도 개선해야 합니다.
   
저마다 처지가 다른 분들을 하나의 틀에 맞추다 보니 실제 재기로 이어지지 못하는 안타까운 일들이 발생하고 있습니다.
   
건전한 신용질서를 훼손하지 않는 범위 내에서 채무조정 약정을 성실히 이행하는 분들께는 인센티브를 확대하고, 상환능력이 없는 분들은 감당할 수 있는 정도까지 갚도록 프로그램을 개선해 나가야 하겠습니다.
   
마지막으로 지원 대상에게 가장 적합한 상품을 제공할 수 있도록 전달체계를 혁신해야 합니다.
   
전국 주요 거점에 설치된 서민금융통합지원센터는 서민금융진흥원의 서민금융상품과 채무조정 서비스뿐만 아니라, 다른 기관의 복지 고용 서비스까지 함께 지원할 수 있게 됐습니다.
   
이처럼 원스톱 서비스 기반이 갖춰져 있다 해도, 이것이 저절로 맞춤형 서비스로 이어지지는 않습니다.
   
수요자 각자의 상황을 정확하게 파악하고 가장 적합한 상품과 서비스를 골라서 제공하려면 상담 기능이 보다 강화될 필요가 있습니다.
   
채무관리는 물론 취업과 창업 재산형성과 노후설계까지 맞춤형 종합 서비스가 이뤄질 수 있도록, 상담 시스템과 전달체계를 꾸준히 혁신해 나가기 바랍니다.
   
서민금융 관계자 여러분,
   
우리 선조들은 고구려의 진대법을 시초로 고려시대 의창과 조선시대 환곡 제도에 이르기까지, 춘궁기에 곡식을 빌려주고 가을에 수확해서 갚도록 하는 곡물 대여제도를 운영해 왔습니다.
   
농경시대의 곡식은 식량을 넘어 생필품을 구입하는 생계자금이었고 농사를 짓기 위한 종자로서 사업자금이기도 했습니다.
   
오늘 설립된 서민금융진흥원은 이러한 전통을 계승하여 어려운 서민들의 삶을 일으키라는 막중한 책무를 부여 받았습니다.
   
아무리 좋은 제도와 기관을 만들어도 성과 창출은 결국 구성원의 의지와 노력에 좌우됩니다.
   
여러분 한 분 한 분이 진정으로 서민을 위한 마음을 가지고 맡은 바 임무를 충실히 수행해 주셔야만 서민들에게 실질적인 도움을 드릴 수 있습니다.
   
모두 각자의 위치에서 최선을 다해주시기 바라며, 서민금융진흥원을 통해 많은 분들이 채무의 고통에서 벗어나고 패자부활전 성공의 드라마가 많이 만들어지기를 기원합니다.
   
감사합니다."
1400486,박근혜,지구촌 새마을지도자대회,2016.10.17,국내,기념사,"지구촌 새마을지도자 대회
   
지구촌 새마을지도자 여러분, 
세계 각국에서 오신 내외 귀빈 여러분!
   
2016년 지구촌 새마을지도자 대회의 개최를 진심으로 축하합니다.
   
이번 대회 참석을 위해 대한민국을 방문하신 새마을 지도자 여러분과 기조연설을 맡아 주신 사라 풀 UNDP 부총재보님을 비롯한 각국의 귀빈 여러분을 환영합니다. 
   
특히, 이번 대회가 2018년 동계올림픽 개최지인 강원도 평창에서 열리게 된 것을 더욱 뜻깊게 생각합니다. 
   
새마을 지도자 여러분,
   
60여 년 전 대한민국은 식민지배의 아픔과 전쟁으로 세계에서 가장 가난한 나라 중 하나였습니다.
   
이 나라가 다시 일어설 것이라고 예상한 사람이 거의 없었던 한국을 다시 일으켜 세운 것은 바로 ‘할 수 있다’ 는 새마을운동 정신이었습니다.
   
새마을운동은 ‘근면, 자조, 협동’ 의 정신과 ‘우리도 잘 살 수 있다’ 는 자신감을 일깨워, 농촌 현대화와 국가발전을 이뤄낸 정신혁명 운동이었습니다. 
   
바로 이 곳 평창에서도 새마을운동의 역사를 찾을 수 있습니다.
   
불과 40여 년 전, 평창의 ‘차항리’ 마을은1) 감자와 옥수수, 산나물로 끼니를 이어가던 가난한 마을이었습니다.
   
하지만, 한 새마을 지도자의 열정으로 온 마을 주민이 힘을 합쳤고, 정부의 지원을 받아 농로를 내고, 다리를 건설하고, 공동축사를 지어서 불과 3년 만에 마을의 모습을 탈바꿈시켰습니다.
   
지역에 맞는 고랭지 작물을 재배하고 공동축사에서 한우를 길러내면서 오랜 가난에서 벗어날 수 있었고, 지금은 동계올림픽 개최지이자 농촌체험 관광지로 더욱 새롭게 발돋움해 나가고 있습니다. 
   
이것이 바로 새마을운동이 만들어 낸 기적의 한 페이지이며, 이런 성공 스토리들이 모여 오늘의 대한민국이 되었습니다. 
   
그리고 이제 새마을운동은 ‘지구촌 빈곤 극복’ 을 위한 국제운동으로 확산되어 가고 있습니다. 
   
OECD와 UNDP는 새마을운동을 기반으로 ‘신농촌개발 패러다임’ 과 더 나아가 새로운 발전 패러다임으로 ‘포용적이고 지속가능한 공동체 모델’ 을 추진하고 있습니다. 
   
한국에 새마을운동의 전수를 요청한 국가도 2013년 13개 국가를 시작으로 올해까지 52개 국가에 이르렀고, 이제 아시아 아프리카 지역을 넘어 중남미 지역으로도, 새마을운동의 열기가 퍼져가고 있습니다.
   
올해까지 26개국에 396개 새마을운동 시범마을이 조성되었고, 초청연수를 통해 새마을운동의 노하우를 전수받은 새마을지도자는 99개국 7,400여 명에 달하고 있습니다.
   
이처럼 세계 곳곳으로 퍼져나간 지구촌 새마을운동은 짧은 기간에 많은 성공사례를 만들고 있습니다.
   
라오스의 학사이 마을은 매년 우기가 되면 메콩강이 범람하여 도로가 유실되고 차 한 대만 지나가면 온 동네가 흙먼지로 뒤덮이는 마을이었습니다. 
   
한국에서 새마을운동 교육을 받고 온 마을 부녀회장이 마을 환경 개선을 위해 마을 진입로를 포장하기로 하고, 정부 지원금과 주민의 힘을 모아 200m의 도로를 포장했는데, 처음에는 반신반의하던 주민들도 깔끔하게 포장된 도로를 보면서 ‘우리도 할 수 있다’ 는 자신감을 얻었다고 합니다.
   
그 후 버려져 있던 토지를 마을 공동 농장으로 조성해 고소득 작물인 수박농사를 짓기 시작하였고, 1년 1모작이었던 벼농사를 1년 2모작으로 확대하였습니다.
   
그 결과 주민소득이 3배 가까이 증가하여 주변에서 제일 잘 사는 마을이 되었고, 학사이 마을의 성공사례는 주변 8개 마을로 전파되었습니다.
   
저는 앞으로 세계 곳곳에 또 다른 학사이 마을들이 계속 탄생하기를 진심으로 바라고 있습니다. 
   
새마을 지도자 여러분!
   
앞으로 지구촌 새마을운동이 더욱 발전해 나가기 위해서는 각국의 특수성과 시대 상황에 맞춰 종합적이고 지속가능한 방향으로 계속 변화해 나가야 합니다. 
   
주민들의 자발적 노력과 참여를 확대하고 민간 기업과의 협업을 통해 새로운 가치사슬을 만드는 방식으로 더욱 발전해 나가야 합니다.
   
오늘 사례 발표를 한 우간다의 키보하 마을은 새마을교육을 받은 지역주민이 자발적인 새마을조직을 구성하여 마을 환경을 개선하고 소득을 증대했다는 점에서, 베트남 땀응 마을은 민간기업과 현지 마을이 협업하여 생산-가공-유통-판매의 농촌가치사슬을 구축했다는 점에서2) 새마을운동의 미래에 대해 시사하는 바가 크다고 생각합니다. 
   
앞으로 한국은 여러분들이 각국의 현실에 맞는 새마을운동을 추진할 수 있도록 필요한 부분을 적극 지원할 것입니다. 
   
우선 국가별 새마을운동 현황, 정책환경, 확산 가능성 등을 종합적으로 반영하는 새마을운동지수(SMU Index)를 개발해서, 각국의 상황에 맞는 새마을운동이 추진될 수 있도록 맞춤형 컨설팅 기능을 강화해 나갈 것입니다. 
   
또한, 초청연수를 확대하고, 표준 교육과정과 교재를 개발해서 새마을 지도자들의 역량을 더욱 신장시키며, 교육 이수자들의 현지 활동 지원과 지속적 사후 관리를 통해 새마을운동 확산의 구심점이 될 수 있도록 노력하겠습니다.
   
세계 각국의 새마을 지도자 여러분,
   
여러분의 뜨거운 열정과 헌신은 마을을 바꾸고, 조국을 바꾸고, 더 나아가 세상을 바꾸게 될 것입니다.
   
앞으로도 대한민국은 여러분의 든든한 동반자로 늘 함께 하면서 지구촌의 번영과 행복에 기여해 나가겠습니다.
   
더 나은 내일을 위해 힘과 지혜를 모아주시기 바라며, 여러분 모두의 건승과 행복을 기원합니다.
   
   
   
   
1) 해발 850m의 동암면 차항2리는 논 한 평 없는 가난한 마을이었으나 새마을지도자 김진원, 최승식씨의 지도와 정부의 지원 아래 비약적인 발전을 이뤄냈음
 - 1976.3.13. 경향신문 및 1980년 내무부 발간 ‘새마을운동 10년사’ 에 수록
2) 베트남 닌투언성 농촌가치사슬 강화 (시행기관: KOICA) 
 - 농촌종합개발사업의 효과성 제고와 지역주민 자립역량 강화를 위해 외교부(KOICA)-CJ그룹이 협업하여 새마을운동 전수 / 땀응마을 시범지역 선정. 새마을위원회 설립, 주민 8명 초청연수 수료, 환경개선과 소득증대 사업 추진 중
 - 마을회관, 유치원, 리모델링 초등학교 환경개선, 수도관 연결, 관계용수로 개선을 통한 생활환경 개선 / CJ그룹과 연계한 고추작물 계약재배를 통해 생산-가공-유통-판매의 가치사슬 구축 및 주민 소득증대 기여"
1400493,박근혜,제71주년 교정의 날 기념식,2016.10.26,국내,기념사,"제71주년 교정의 날 영상 메시지
   
제71주년 ‘교정의 날’ 을 진심으로 축하합니다.
   
국민 안전과 수형자 교정교화에 최선을 다하고 있는 교정 공무원 여러분의 노고에 감사드리며, 유공자 여러분의 수상을 진심으로 축하합니다.
   
헌신과 봉사로 교정행정 발전을 뒷받침해주고 계신 교정 참여인사 여러분께도 깊이 감사드립니다. 
   
우리 교정행정은 단순히 수형자를 격리하는 소극적 형집행에서 벗어나, 수형자의 사회 복귀를 돕는 적극적 교정으로 패러다임을 전환해 나가고 있습니다. 
   
인성교육과 심리치료 등으로 수형자 내면의 변화를 이끌어내고, 다양한 직업훈련을 통해 새로운 삶의 희망을 주고 있습니다. 
   
또한, 최근에는 중독성 범죄자와 재범 고위험군에 대해 체계적이고 전문적인 관리를 추진하고 있으며, 인터넷 화상접견 등 IT기술을 접목하여 교정행정을 선진화해나가고 있습니다. 
   
수형자들이 범죄의 덫에서 벗어나도록 돕는 일은 보다 안전한 사회 건설에도 큰 힘이 되는 만큼, 앞으로도 더욱 적극적인 변화와 혁신에 힘을 쏟아주기 바랍니다. 
   
정부도 교정공무원 여러분이 보다 나은 여건에서 일할 수 있도록 최선을 다해 지원하겠습니다. 
   
다시 한 번 ‘제71주년 교정의 날 을 축하하며’, 교정가족 여러분 모두의 건강과 행복을 기원합니다."
1401647,문재인,제30회 국무회의,2017.07.11,국내,회의,"모두 염려해 주신 덕분에 잘 다녀왔습니다.어려운 상황 속에서 아주 벅찬 일정이었는데, 다행히 미국 방문에 이어서 G20 정상회의와 함께 많은 단독 회담을 통해 적지 않은 성과를 거두었다고 자평하고 싶습니다. 북한의 핵과 미사일에 대한 우리 정부의 입장을 모든 나라로부터 지지받았고, 또 북핵문제가 G20 정상회의 의제가 아닌데도 불구하고 우리의 문제 제기에 의해서 국제적 공감대를 이끌어 낼 수 있었던 것은 아주 큰 성과였다고 생각합니다. 한미일 첫 정상 만찬 회담을 통해서 북핵과 미사일에 대한 공동 대응 방안에 합의할 수 있었던 것도 큰 성과였고, 베를린(Berlin)을 방문하는 기회에 쾨르버재단(Körber-Stiftung) 연설을 통해서 우리 정부의 한반도 평화 구상을 밝힐 수 있었던 것도 큰 의미가 있었다고 봅니다.당장은 멀어 보이는 일이지만 우리가 남북 관계를 위해 노력해 가야 할 방향이라고 생각합니다. 북한이 선택할 수 있는 길도 그 길밖에 없다고 봅니다. 북한의 호응을 기대해 봅니다.하지만 그런 성과에도 불구하고 아직도 북핵문제 해결의 길이 열리지 않았다는 사실과 당장 북한의 탄도 미사일 도발에 대한 국제적 제재 방안에 대한 합의를 이끌어 내는 것부터가 쉽지 않다는 현실을 우리는 엄중하게 받아들여야 합니다. 뼈저리게 느껴야 하는 것은 한반도 문제가 우리에게 가장 절박한 문제인데도 현실적으로 우리에게 해결할 힘이 있지 않고, 합의를 이끌어 낼 힘도 없다는 사실입니다.이번 G20 정상회의 주요 의제인 자유무역주의와 기후변화에 대한 대응 등에 있어서도 G20 정상회의에서 합의하지 못했습니다. 각 나라가 국익을 앞세우는 외교를 하고 있습니다. 이제 우리도 국익을 중심에 놓고 최우선적으로 생각하면서, 국익을 관철해 나갈 수 있도록 외교를 다변화하고 외교 역량을 키워 나가야겠다는 생각을 절실하게 했습니다. 그동안 외교 무대에서 워낙 많은 일이 있어서 많은 시간이 흘러간 느낌인데, 막상 귀국해 보니까 국회 상황은 한 걸음도 앞으로 나가지 못했습니다. 이번 G20 정상회의에서 OECD를 비롯한 국제기구들은 한결같이 지금 세계 경기가 회복세에 있다고 진단했습니다. 2015년 전 세계 경제성장률이 3.1%였는데 2016년 3.5%로 높아졌고, 올해는 3.6%로 전망하고 있다고 합니다. 그러나 ‘국제정치적으로는 지금 보호주의 등을 비롯한 여러 가지 불확실성이 있기 때문에 각국이 이 경기 상승세를 살려 나가는 데 총력을 기울여야 한다, 그러기 위해서 또 무엇보다 재정의 역할이 중요하다’고 모든 국제기구가 한목소리로 강조하는 것을 들었습니다.추경은 그 방향에 정확하게 부합한다고 생각합니다. 우리 경제성장률을 2%대에서 탈출시킬 수 있는 힘이 될 것입니다. 또한 정부 조직 개편도 새 정부의 정책기조를 살려 나가기 위해서도 필요한 일이지만, 지금 미국이 FTA 개정 요구를 하고 있는 마당에 그에 대응하는 통상교섭본부를 빨리 구축하기 위해서도 매우 시급한 과제라고 생각합니다.그런 면에서 보면, 야당이 다른 것은 몰라도 추경과 정부 조직 개편을 인사 문제나 다른 정치 문제와 연계시키는 것은 참으로 안타까운 일입니다. 추경과 정부 조직 개편만큼은 야당이 대승적으로 국가를 위해서 협조해 주실 것을 부탁드립니다. 총리님 이하 정부 각 부처에서도 추경과 정부 조직 개편안의 조속한 처리를 위해서 전력을 다해 주실 것을 당부합니다."
1401656,문재인,제39회 국무회의,2017.09.05,국내,회의," 오늘은 법안 심사와 함께 10월 2일 임시 공휴일 지정을 논의합니다. 안보가 엄중한 상황에서 임시 공휴일을 논의하는 것이 한가해 보일지도 모르겠습니다. 그러나 임시 공휴일 지정을 임박해서 결정하게 되면 국민께서 휴가를 계획적으로 사용하기 어렵습니다. 또한 산업 현장과 수출 현장에서 예상치 못한 차질이 발생할 수도 있고, 갑작스러운 어린이집 휴무 등으로 국민생활에 불편을 줄 수도 있습니다. 국민께서 명절 연휴를 알차게 보내고, 산업계에서도 사전에 대비할 수 있도록 공휴일 지정을 조기에 확정하고자 하는 것입니다.10월 2일을 임시 공휴일로 지정하면 추석 연휴와 함께 사상 유례 없는 10일간의 긴 연휴를 보내게 됩니다. 국민께 모처럼 휴식과 위안의 시간이 되었으면 합니다. 또한 이번 추석 연휴가 내수 진작과 경제활성화를 촉진하는 기회가 될 수 있도록 잘 준비해 주기 바랍니다.한편으로 연휴가 길어지면서 오히려 피해를 보거나 소외받는 사람들에 대한 세심한 지원 방안을 마련할 필요가 있습니다. 10일간의 긴 연휴로 소상공인, 자영업자, 영세 중소기업이 납품 대금 결제 등에 어려움을 겪을 수 있습니다. 또한 집중호우와 폭염 등 재해 피해에 대한 금융 지원, 보험금 지급 등도 차질이 없는지 살펴보아야 할 것입니다. 결식아동 등 사회 취약계층에 대한 복지 서비스와 임금 체불 방지 등 저소득 근로자에 대한 대책도 사전에 마련해서 추진해 주기 바랍니다. 이 밖에 일용직 노동자, 편의점 아르바이트 노동자 등 연휴 기간에도 일하는 노동자와 연휴가 길어서 매출에 타격을 받을 수 있는 자영업자 등에 대해서도 세심한 배려가 필요합니다.국민께서 편안하고 풍성한 추석 연휴를 보낼 수 있도록 물가 관리, 안전 관리 등 민생안정대책도 꼼꼼히 추진해 주기 바랍니다. 올해 가뭄과 폭염 등 채소류 작황이 좋지 않고 AI, 살충제 계란 파동 등으로 생활 물가 불안이 특히 심각한 만큼 추석 성수품 수급과 가격 안정에 각별히 노력해 주기 바랍니다. 긴 연휴 기간 중 교통, 식품위생, 재난 대비, 응급 의료 등 모든 안전 분야에 대해 꼼꼼하게 점검하여 비상 상황에 신속히 대처할 수 있도록 준비에 만전을 기해 주기 바랍니다."
1401821,문재인,(중국방문)중국 동포 간담회,2017.12.13,국외,기타,"여러분, 반갑습니다. 이렇게 따뜻하게 맞아 주셔서 정말 감사합니다.이 자리에 참석하기 위해 중국 전역에서 오셨다고 들었습니다. 오늘 서울은 정말 추웠습니다. 올겨울 들어 가장 추운 날이었습니다. 여기 베이징(北京)도 날씨가 꽤 추운데, 오시는 길에 불편함은 없으셨는지 모르겠습니다. 올해가 가기 전에 꼭 만나 뵙고 싶었는데 이렇게 현실이 되니 아주 기쁘고 감격스럽습니다. 여러분도 같은 마음이시죠?사랑하는 교민 여러분!그동안 사드(THAAD : Terminal High Altitude Area Defense, 고고도 미사일 방어 체계) 여파로 얼마나 고생이 많으셨습니까? 저와 온 국민도 참으로 답답하고 안타까운 심정이었습니다. 그래서 취임 직후부터 한중 관계 복원에 많은 노력을 기울였습니다. 우리의 진정성 있는 노력에 지난 10월 말 중국도 호응해 왔습니다. 한중 양국은 모든 분야의 교류・협력을 정상 궤도로 회복해 나가자는 데 뜻을 같이했습니다. 비온 뒤에 땅이 더 굳어지듯이 이번 국빈방문으로 양국의 신뢰가 회복되고한중 관계의 새로운 시대가 열리길 기대합니다.무엇보다 양국 국민의 마음이 다시 이어지길 바랍니다. 그러한 의미에서 우리에게 소중한 한중 양국 커플을 이 자리에 함께 모셨습니다. 우리 쪽에서 보면 중국 사위, 중국 며느리지요. 잠깐 손들어 주시겠습니까? 추자현・우효광 부부를비롯해 양국을 하나로 이어 주는 한중 커플들에게 큰 격려와 응원의 박수 부탁드립니다.존경하는 교민 여러분!한중 양국은 오랫동안 긴 역사를 함께해 왔습니다. 중국이 번영할 때 한국도함께 번영했고, 중국이 쇠퇴할 때 한국도 함께 쇠퇴했습니다. 두 나라는 제국주의에 의한 고난도 함께 겪었고, 함께 항일 투쟁을 벌이며 어려운 시기를 헤쳐 왔습니다. 오늘은 난징대학살 80주년 추모일입니다. 한국인은 중국인이 겪은 이 고통스러운 사건에 깊은 동질감을 가지고 있습니다. 저와 한국인은 동병상련(同病相憐)의 마음으로 희생자를 애도하며, 아픔을 간직한 많은 분께 위로 말씀을 드립니다.오늘 이 자리에는 망명지에서 치열하게 항일 독립운동을 펼친 독립유공자 후손들께서 자리를 빛내 주고 계십니다. 중국 곳곳에는 우리 애국선열의 혼과 숨결이 남아 있습니다. 만리타향(萬里他鄕)에서도 역경에 굴하지 않았던 숭고한 애국심의 바탕에는 불의와 억압에 맞서는 인간의 위대함이 있었습니다. 또한 동지가되어 준 중국 인민의 우의가 있었습니다. 이 자리에 계신 후손 한 분 한 분의 가슴에는 그 어떤 훈장보다 빛나는 애국애족의 정신과 한중 우호의 역사가 깃들어있습니다.대한민국 임시정부에서 비서로 활약하신 김동진 지사의 따님 김연령 님과 손자 김과 님, 대한민국 임시정부 의원으로 활동하신 김철남 지사의 아드님 김중평님과 김정평 님, 조국 독립과 중국 혁명에 김산이라는 이름으로 투신하신 장지락지사의 아드님 고영광 님, 그리고 애국지사 김진성 선생의 아드님 재중독립유공자유족회 김세룡 회장님이시죠? 대표적인 몇 분만 거명을 했습니다만, 오늘 저는 대한민국 국민을 대표하여 조국을 위해 헌신하신 애국선열의 후손 한 분 한분께 존경과 감사 인사를 전합니다.사랑하는 교민 여러분!올해는 한중 수교 25주년이 되는 뜻깊은 해입니다. 지난 25년간 양국 간 교역과 인적 교류는 폭발적으로 늘었습니다. 중국에 진출한 우리 기업이 2만 5,000여개에 이르고, 최근에는 혁신창업을 통해 성공 스토리를 만들어 내고 있습니다.그 중심에 여러분이 계십니다. 조선 시대 중국과의 인삼 무역으로 거상이 된 임상옥은 “장사는 이익을 남기는 것이 아니라 사람을 남기는 것”이라는 말을 남겼습니다. 그런 정신으로 한중 관계의 역사를 만들고 있는 여러분 한 분 한 분이 정말 자랑스럽습니다. 여러분이 마음껏 활동하실 수 있도록 정부가 열심히 노력하겠습니다.지난 25년간 한중 관계는 경제 분야에서 비약적인 발전을 이루었으나, 정치・안보 분야에서는 이에 미치지 못했습니다. 앞으로 한중 관계를 경제 분야 발전에걸맞게 다양한 분야에서 고르게 발전시켜서 한중 관계가 외부 갈등 요인에 흔들리지 않게 하겠습니다.경제 분야에서도 그동안 제조업 중심으로 교역이 확대되어 왔으나 한중 FTA 후속 협상인 투자・서비스 협상에 박차를 가해 FTA 효과를 극대화해 나가겠습니다.그간 중국한국인회를 비롯하여 중국 내 한인 단체들이 재외국민 보호와 진출기업 지원을 위해 큰 기여를 해 오셨습니다. 정말 감사드립니다. 정부는 앞으로교민 사회와 진출 기업을 위한 지원을 아끼지 않을 것입니다. 여러분도 자부심과책임감을 가지고 양국 공동번영의 열매가 풍성히 맺힐 수 있도록 계속해서 많은역할을 해 주시기 바랍니다.사랑하는 교민 여러분!곧 있으면 평창에서 동계올림픽과 동계패럴림픽이 개최됩니다. 1988년 동서양 진영이 모두 참석했던 서울올림픽은 전 세계 냉전 종식의 장이었습니다. 이번평창동계올림픽도 한반도와 동북아, 더 나아가 전 세계의 평화와 화합에 기여하는 세계인의 축제로 만들어 가고자 합니다. 이미 재중한인회가 SNS를 통해 평창동계올림픽을 홍보하고 참여를 독려하고 있다고 들었습니다. 온 정성과 마음으로 평창을 준비하고 있는 저와 국민에게 큰 감동과 힘이 되었습니다. 이렇게 평창동계올림픽에서 모아진 하나 된 열정이 2022년 베이징으로 이어질 것이라고확신합니다. 평창동계올림픽이 한중 양국의 우의를 증진하는 계기가 될 수 있도록 더욱 큰 관심과 성원을 보내 주십시오.존경하는 교민 여러분!한중 양국은 새로운 차원의 여정을 시작하려고 합니다. 양국의 이익과 양국 국민의 삶의 질을 높이는 진정한 동반자가 되기 위한 여정입니다. 여정의 중심에는지난 25년을 견인해 왔고 다가올 25년을 이끌고 나갈 여러분이 계십니다. 여러분 모두의 지혜와 경험, 그리고 힘을 중요하고 의미 있는 여정에 모아 주시길 당부합니다.다시 만날 때까지 건강하고 행복하십시오. 이제 새해가 얼마 남지 않았습니다.남은 해 잘 보내시고 새해에는 모두 복 많이 받으시기 바랍니다.감사합니다."
1401837,문재인,2018 신년 산행 SNS 메시지,2018.01.01,국내,성명/담화문,"북한산 비봉 사모바위에서 무술년 새해 새 아침의 일출을 맞았습니다.저는 새해 새 아침의 해맞이를 좋아합니다. 때로는 유명한 곳을 찾기도 하고,가까운 산을 오르기도 합니다. 양산에서 살 땐 마침 집 뒷산 봉우리에서 동해의 일출을 볼 수 있어서 새해 첫 새벽마다 그곳에 올랐습니다.새해 새 아침에 새로운 기운 속에서 경건한 마음으로 소망을 되새겨 보고 싶어서입니다. 그런다고 이루어지는 것이 아님을 뻔히 알면서도, 그렇게라도 하지않으면 마음을 다한 것 같지 않은 아쉬움이 남기 때문입니다.작년엔 광주 무등산에서 새해 첫 일출을 맞았습니다. 그때 품었던 소망은 거의이루어졌습니다. 작년 한 해 우리 국민은 대단했습니다. 나라를 다시 일으켜 세웠고, 바로 세웠습니다.새해 새 일출을 보며 새로운 소망들을 품습니다.새해엔 국민이 나아진 삶으로 보답받기를 소망합니다. 평창동계올림픽, 동계패럴림픽의 성공과 한반도의 평화를 소망합니다. 재해, 재난 없는 안전한 대한민국을 소망합니다. 새해를 온 국민과 함께 희망과 긍정, 낙관으로 맞고 싶습니다.북한산에 오신 시민들과 악수를 나눴듯이, 한 분 한 분 손을 잡고 존경과 감사 인사를 드리고 싶습니다.국민 여러분, 지난해 정말 수고 많으셨습니다.새해엔 더 큰 복 받으시고, 모두 건강하십시오."
1400600,문재인,취임 1주년 메시지,2018.05.10,국내,기념사,"<처음처럼, 국민과 함께 가겠습니다.>다시 5월입니다.대한민국 1년과 대통령으로서의 1년을 돌아봅니다.쉼 없이 달려온 1년이었습니다.적폐를 청산하고 나라다운 나라를 만들고자 한1 년이었습니다. 역사의 정의를 바로 세우면서 아픈 상처를 치유하고 화해하고자 한 1년이었습니다. 핵과 전쟁의 공포에서 벗어나 지속가능한 평화를 만들고자 한 1년이었습니다. 올림픽과 패럴림픽을 성공시켜 세계 속에 우리의 저력을 보여 주고자 한1 년이었습니다. 무엇보다 국민께대한민국의 국민이라는 자부심을 드리고자 한 1년이었습니다.그러나 아직도 가야 할 길이 멉니다.국민의 삶으로 보면, 여전히 그 세상이 그 세상 아닐까 싶습니다. 그래도 분명히 달라지고 있고, 옳은 방향으로 가고 있다는 희망을 품게 된1 년이었길 진정으로 바랍니다. 변화를 두려워하고, 거부하고, 앞으로 나가지 못하게 뒤에서 끌어당기는 힘이 여전히 강고합니다. 하지만 국민께서 지금까지 해 주신 것처럼 손을 꽉 잡아 주신다면 우리는 나아갈 수 있습니다.지금 세상을 바꾸고 있는 것은 국민입니다.정의로운 대한민국을 만들어 가고 있는 것도 국민입니다. 단지 저는 국민과 함께하고 있을 뿐입니다.지난 1년, 과분한 사랑을 받았습니다.국민이 문재인정부를 세웠다는 사실을 결코 잊지 않겠습니다. 광장의 소리를 기억하겠습니다. 임기를 마칠 때쯤이면 ‘음, 많이 달라졌어. 사는 것이 나아졌어’라는 말을 꼭 듣고 싶습니다. 평화가 일상이었으면 좋겠습니다.일본에서 돌아오는 비행기 안에서, 1년 전 그날의 초심을 다시 가다듬습니다."
1400640,문재인,제29회 국무회의,2018.07.03,국내,회의,"지금 제7호 태풍 쁘라삐룬(Prapiroon)이 우리나라 남해안 지역을 통과하고 있습니다. 태풍 진행경로가 당초 우리 내륙에서 대한해협 쪽으로 이동했다고 합니다. 그러나 태풍 영향권인 제주, 부산 등 남해안 지역은 집중호우와 강풍 피해가 우려됩니다. 범정부적으로 대비상황을 점검하고, 지방도 정부도 재난예방에 최선을 다하고 있습니다만, 집중호우와 태풍으로 인해 크고 작은 피해가 발생한 것을 안타깝게 생각합니다. 태풍이 대한해협을 통과하여 완전히 소멸할 때까지 정부는 계속 긴장감을 가지고 태풍 대비에 만전을 기해야 할 것입니다. 피해지역에 정부의 모든 인력과 장비를 동원하고, 지자체와 함께 협력해서 신속하게 응급복구를 실시하기 바랍니다. 불의의 재난을 당한 주민에게 일일이 방문해 현장에 맞는 신속한 구호에 최선을 다해 주기 바랍니다. 지금 태풍과 집중호우 상황에 대해서는 안건 심의 전에 행정안전부 장관께서 먼저 보고를 할 수 있도록 준비해 주기 바랍니다. 이번 주는 ‘양성평등 주간’입니다. 벌써 23회째인데 올해는 그 의미가 더 특별하게 다가옵니다. 광화문광장의 수많은 촛불에서부터 최근 ‘미투운동’의 외침까지 국민께서는 ‘나라다운 나라, 공정한 나라, 차별 없는 나라’를 만들라는 요구를 계속하고 있습니다. 우리 사회 전반에 깊숙이 자리 잡은 성차별과 성폭력을 근절하고 성평등한 민주사회를 만들어 내지 못한다면 우리는 국민의 기본적인 요구에 답하지 못하는 것입니다. 그러한 뜻을 모아 오늘 회의에서는 관계부처 합동으로 성희롱·성폭력 방지 보완대책이 보고될 예정입니다. 그동안 정부가 이미 발표한 대책도 많은데 또다시 보완대책이 발표된다는 것은 더욱 강력한 대응이 필요하다는 뜻일 것입니다. 그러나 보다 중요한 것은 대책을 추가하는 것이 아니라 발표한 대책을 철저하게 이행하는 것입니다. 오늘 국무회의에서 우리가 모으는 의지가 각 부처의 일선 행정기관과 현장까지 제대로 스며들어 철저히 이행되도록 하는 것이 무엇보다 중요합니다. 해당 부처 장관님이 책임져야 할 일이라고 생각합니다. 특히 성평등 문제를 여성가족부만의 업무로 여기지 말고, 각 부처 행정 영역에서 일어나는 문제에 대해서는 각 부처가 책임져야 하는 고유 업무로 인식해 주기 바랍니다. 예를 들면 공공시설 영역에서는 행정안전부가, 직장 영역에서는 고용노동부가, 문화·예술·체육 영역에서 문화체육관광부가, 학교 영역에서는 교육부가, 군대 영역에서는 국방부가 책임져야 한다는 것입니다. 오늘 발표되는 보완대책이 국민이 체감하는 실효성 있는 대책이 될 수 있도록 각 부처가 모든 행정역량을 투입해 주기 바랍니다. 저는 어제 대법원장님으로부터 여성 대법관 후보를 임용 제청받았습니다. 그대로 임용된다면 여성 대법관이 사상 최초로 네 명으로 늘게 됩니다. 오늘 오후에는 3·1운동 및 대한민국임시정부 수립 100주년 기념사업추진위원회가 출범하는데, 이런 성격의 정부위원회로서는 사상 최초로 여성위원이 과반수 넘게 구성됐습니다. 이와 같이 적어도 성평등 문제만큼은 이 정부에서 확실히 달라졌다는 체감을 국민께 드릴 수 있도록 전 부처가 여성가족부와 함께 힘을 모아 주기 바랍니다. "
1400650,문재인,(싱가포르 방문) 싱가포르 동포 오찬 간담회,2018.07.13,국외,기타,"동포 여러분!반갑습니다. 한국으로 돌아가기 전 마지막 일정으로 여러분을 뵙습니다. 이번인도와 싱가포르 순방을 통해 대한민국 외교지평을 남아시아까지 크게 넓혔다는 보고를 드릴 수 있어서 아주 기쁘게 생각합니다.지난 6월 싱가포르에서 역사적인 북미 정상회담이 열렸습니다. 남・북・미가 거둔 성과이자 전 세계가 한마음으로 뜻을 모아준 결과입니다. 특히 회담 개최를 위해 아낌없이 지원해 준 싱가포르 정부의 기여가 매우 컸습니다. 회담의 성공을 기원하며 현수막을 걸고 티셔츠를 맞춰 입고 함께 모여 역사적인 순간을 지켜봐 주신 우리 동포의 간절한 마음이 더해져서 이룬 성과라고 생각합니다. 우리 동포여러분께 각별한 감사의 인사를 드립니다. 동포 여러분!나는 아세안과의 관계를 아주 중요하게 생각합니다. 주변 4대 강국 수준으로 협력을 강화하기 위해 신남방정책을 적극적으로 추진하고 있습니다. 이 자리에 계신 한 분 한 분을 통해 아세안과 미래협력의 희망을 봅니다. 싱가포르 스카이 라인을 바꾼 주역과 아세안 전역에서 활동하는 우리 기업인, IT, 금융, 문화, 스포츠 등 다양한 분야에서 활약하고 계시는 분들이 참석하셨습니다. 아울러 낯선 땅에서 자신이 꿈꾸는 미래를 향해 나아가고 있는 장한 우리 청년들도 참석했습니다.동포 여러분!한국과 싱가포르의 관계는 해를 거듭할수록 더욱 깊어지고 있습니다. 오늘 이자리에도 양국을 더욱 가깝게 이어주는 분들이 함께하고 계십니다. 싱가포르 국립대에 한국어 강좌를 개설하는 데 큰 역할을 해 주신 찬 와이 멍(Chan Wai Meng)교수님, 한국인에게 많은 도움을 주신 치아 용 용(Chia Yong-Yong) 국회의원님, 평창동계올림픽으로 싱가포르 역사상 최초로 동계올림픽에 출전한 샤이엔 고(Cheyenne Goh) 선수를 비롯해서 한국과 특별한 인연이 있는 싱가포르 인사들이 많이 오셨습니다. 샤이엔 고 선수를 지도하신 한국 쇼트트랙의 영웅 전이경 감독님도 함께 오셨다고 들었습니다. 여기 계신 여러분 모두 양국을 하나로 잇는 주인공들입니다.한국과 싱가포르의 교역도 활발합니다. 800개가 넘는 우리 기업이 진출했고 지난해 교역액이 200억 달러를 넘었습니다. 특히 싱가포르는 우리의 주요 해외건설 시장이기도 합니다.나는 어제 리센룽(李顯龍) 총리와 정상회담을 통해 양국 관계가 한 차원 더 높아지고 여러분의 삶이 더욱 풍성해질 수 있는 방안에 대해서 깊은 대화를 나누었습니다. 양국은 사람을 통해 성장하고 발전해 왔습니다. 어느 나라보다 교육을 중요시하는 공통점이 있습니다. 우수한 인재 육성을 목표로 인적 교류를 더욱 확대하기로 했습니다. 양국 간 협력의 잠재력은 무궁무진합니다. 스마트시티, 핀테크 등 신성장동력을 창출하면서 4차 산업혁명 시대를 선도해 가기 위한 노력도 함께해 나갈 것입니다.동포 여러분!내가 가는 곳곳에서 많은 분이 따뜻한 환영의 인사를 건네 주었습니다. 싱가포르 국민이 한국을 얼마나 가깝게 생각하는지 느낄 수 있었습니다. 모두 여러분께서 성실함과 화합의 정신으로 이 사회에 깊이 뿌리내린 덕분입니다. 대통령으로서 여러분께 박수를 보내드리고 싶습니다.싱가포르 동포사회는 빛나는 역사를 가지고 있습니다. 안중근 의사를 도왔던 정대호 선생이 약 100년 전 싱가포르에 첫발을 내디뎠습니다. 그 후 동포들은 한인회를 결성하며 성장해 왔습니다. 뿐만 아니라 국경을 넘어 어려운 이들을 도왔습니다. 세월호 유가족의 아픔을 어루만져 주었고 네팔 대지진으로 피해를 입은 네팔 국민에게 책과 성금을 모아서 전달하기도 했습니다. 싱가포르 사회의 당당한 일원일 뿐만 아니라 이웃의 어려움까지 돕는 여러분이 참으로 자랑스럽습니다. 정부도 동포 여러분의 발걸음에 함께하겠습니다. 우리 동포사회의 위상이 더 높아지도록 애쓰겠습니다. 여러분이 지금처럼 IT, 금융, 문화 등 다양한 분야에서 더 활약할 수 있도록 싱가포르 정부와 더욱 긴밀히 협력하겠습니다. 아울러 우리 미래를 이끌어 갈 차세대 동포들이 민족 정체성을 유지할 수 있도록 우리 문화, 역사와 한국어 교육에도 각별한 관심을 기울이겠습니다.동포 여러분!지금 여러분의 조국은 완전히 새로운 대한민국으로 나아가고 있습니다. 정치, 경제, 사회, 안보 모든 분야에서 새로운 출발점에 서 있습니다. 경제의 중심을 사람에게 두어 국민 한 사람 한 사람의 삶이 더 나아지는 나라를 만들고 있습니다. 첨단산업과 자유무역 선도국인 싱가포르에서 배울 점이 많습니다. 70년 동안 고착된 냉전구도를 해체시키고 한반도의 항구적 평화와 공동번영의 새 시대를 열고 있습니다. 앞으로 가야 할 길이 순탄하지 않더라도 나는 대한민국의 저력과 국제사회의 지지를 믿기에 자신 있다는 말씀을 여러분께 드립니다. 싱가포르 동포사회의 지지와 성원은 큰 힘이 될 것입니다. 나도 여러분이 자랑스러워하는 대한민국을 만들어 성원에 보답하겠습니다.감사합니다."
1400655,문재인,2018 코리아오픈 국제탁구대회 남북단일팀 격려 메시지,2018.07.22,국내,기념사,"2018 코리아오픈 국제탁구대회에서 보여준 남북단일팀의 활약에 큰 격려 박수를 보냅니다. 혼합복식조의 장우진-차효심 선수는 빛나는 금메달을 따내며 무더위를 식히는 호쾌한 승전보를 안겨 주었습니다. 동메달을 따낸 남자복식조를 비롯해 끝까지 최선을 다한 남북단일팀 선수들에게도 감사의 말씀을 드립니다.남북단일팀은 월요일에 처음으로 호흡을 맞춘 선수들 같지 않았습니다. 서로 배려하면서 서로의 장점을 잘 살려 주었습니다. 무너질 듯 무너지지 않았고 서로를 도와 가며 고비를 이겨냈습니다. 남과 북이 서로 믿고 합심할 때 얼마나 큰 힘을 낼 수 있는지 다시 한번 확인할 수 있었습니다.남북 선수들의 활약 속에 대전 충무실내체육관은 ‘우리는 하나’라는 응원 소리로 가득 채워졌습니다. 작은 탁구공이 남과 북을 하나로 만들었습니다. 평창동계올림픽에 이어 스포츠를 통한 평화의 발걸음이 계속되고 있습니다. 다음 달 인도네시아에서 열리는 아시안게임에서도 더 좋은 모습과 벅찬 감동을 안겨 줄 것으로 기대합니다.대회에 참가한 남과 북 모든 선수들과 남북 지도자 여러분, 대회 관계자 여러분, 모두 수고하셨습니다. 무엇보다 한마음으로 응원해 주신 대전시민과 국민 여러분께 깊이 감사드립니다."
1400659,문재인,2018 인터넷신문의 날 기념식 축사,2018.07.26,국내,축사,"인터넷신문 관계자 여러분, 반갑습니다.‘2018 인터넷신문의 날’을 진심으로 축하합니다. 뜻깊은 행사를 준비해 주신 한국인터넷신문협회 이근영 회장님과 임직원 여러분께 감사의 말씀을 드립니다.그동안 인터넷신문은 놀랍게 발전했습니다. 국민에게 신속하고 생생하게 정보를 전달하며 다양한 사회적 의제를 만들어 왔습니다. 깊이 있는 분석과 국민과의 활발한 소통도 우리 인터넷신문의 자랑입니다. 그 바탕에는 새로운 언론의 사명과 역할을 치열하게 고민하고 실천해 온 여러분이 계셨습니다. 인터넷 언론인의 노고에 깊이 감사드리며, 이러한 공로를 인정받아 오늘 ‘인터넷 언론상’을 수상하시는 분들께 각별한 축하와 격려의 인사를 전합니다.4차 산업혁명 시대가 빠른 속도로 다가오고 있습니다. 디지털 기술과 저널리즘의 접목은 완전히 새로운 형태의 뉴스 시대를 열 것입니다. 인공지능을 기반으로 한 맞춤형 콘텐츠, 증강현실과 음성인식 기술이 더해진 인터넷신문 생산도 가능할 것입니다. 인터넷신문의 과감한 혁신과 도전을 국민과 응원하겠습니다. 우리 인터넷신문은 모든 세대가 쉽게 이용할 수 있는 뉴미디어 콘텐츠로서 더욱발전할 것입니다.인터넷신문이 발달함에 따라 사회적 영향력과 책임이 커지고 있습니다. 인터넷신문에 대한 국민의 기대도 큽니다. 권력을 비판하고 감시하며 우리 사회 곳곳의 작은 목소리를 진실하게 담아내는 언론 고유의 역할은 시대적 변화가 거셀수록 더욱 확고히 지켜져야 합니다. 인터넷신문이 큰 사명감과 책임감을 가지고 건전한 언론 생태계를 만드는 일에 앞장서 주시기 바랍니다. 여러분이 자긍심을 가지고 언론인으로서 사명을 다할 수 있도록 정부도 공정한 미디어 환경 조성을 위해 최선을 다하겠습니다. 여러분이 전하는 국민의 목소리에도 더욱 귀를 기울이겠습니다.다시 한번 ‘2018 인터넷신문의 날’을 축하드리며 한국인터넷신문협회와 회원사의 발전, 참석하신 모든 분의 건승을 기원합니다.감사합니다."
1400883,문재인,(투르크메니스탄 방문) 키얀리 가스화학 플랜트 현장 방문,2019.04.18,국외,기타,"여러분, 반갑습니다.어제 환대에 이어 오늘 이곳까지 동행해 주신 베르디무하메도프(Gurbanguly Berdymukhammedov) 대통령님께 특별한 감사를 드립니다. 양국 간 경제협력 역사를 새로 쓴 키얀리(Kiyanly) 가스화학 플랜트를 방문하게 된 것을 매우 기쁘게 생각합니다. 사막의 더위와 모래폭풍과 싸우며 47개월간 기적을 만들어 내신 여러분의 노고에 경의를 표합니다. 사막 한복판에 웅장하게 지어진 축구장 70개 규모의 초대형 은빛 공장을 보니 양국 간 경제협력 성과에 큰 자부심을 느낍니다. 키얀리 가스화학 플랜트는 양국 수교 이래 가장 최대 규모의 에너지 플랜트 협력사업입니다. 투르크메니스탄 최초 가스화학단지로, 약 30억 달러가 투자되고 하루 평균 5,000여 명의 인력이 투입된 대규모 사업이었습니다. 또한 한국기업들과 정책금융기관, 양국 정부 등 민관이 함께 힘을 모아 이루어 낸 성공적인 협력모델입니다.현대엔지니어링과 LG상사 컨소시엄은 그간 투르크메니스탄에서 여러 사업을 완벽하게 시공함으로써 현지의 신뢰를 쌓아 왔습니다. 이번 키얀리 플랜트 공사에서도 자신이 맡은 구간뿐만 아니라 다른 구간을 맡은 현지 기업의 어려움까지도 발 벗고 도와줘 전체 사업의 공기(工期)를 맞출 수 있었다고 들었습니다. 한국대통령으로서 매우 자랑스럽게 생각합니다.베르디무하메도프 대통령님께서도 지난해 10월 준공식에 직접 참석하여 우리기업에게 큰 신뢰와 격려를 보내 주셨고, 오늘도 각별한 관심으로 함께해 주셨습니다. 건설 과정에서 양국 기업과 근로자 모두 완벽한 안전과 상생을 실천한 점도 크게 칭찬하고 싶습니다. 모래폭풍이 불어닥치는 혹독한 환경 속에서 단 한건의 안전사고도 없었다는 점이 놀랍습니다. 무재해 7,000만 인시(人時)를 달성했다고 합니다. 이는 근로자 5,000명이 매일 10시간씩 일한다고 가정할 때, 1,400일 동안 단 한 건의 사고도 없었다는 뜻입니다. 대규모 공사현장에서는 세계적으로 보기 드문 기록입니다. 안전관리에 만전을 기해 준 데 특별히 감사드립니다.이번 사업에는 대기업뿐만 아니라 124개에 달하는 협력 중소기업이 함께 참여했습니다. 또한 우리 기업은 현지에서 용접기술·전기교육센터를 개소해 230여 명의 투르크메니스탄 수료생을 배출했습니다. 우리 기업에도 도움이 되고 현지 일자리에도 도움이 되는 양국 간 상생의 모범사례가 되었습니다. 여러분!나는 키얀리 플랜트 사업이 양국 경제협력의 시작에 불과하다고 생각합니다.앞으로 잠재력이 더 크고 무궁무진합니다. 투르크메니스탄의 잠재력은 자원에만 그치지 않습니다. 이제는 가스화학 산업 고부가가치화와 산업 다각화를 적극적으로 추진하고 있습니다. 더 나아가 유라시아 대륙의 수송 허브로 거듭나고 있습니다. 이는 중앙아시아 국가들과 협력을 강화하여 유라시아 대륙과 연계성을 증진하려는 한국 신북방정책과도 맥이 닿아 있습니다.어제 나는 베르디무하메도프 대통령님과 양국이 유라시아 대륙의 연계를 통해 함께 번영하고 양국 관계를 더욱 발전시켜 가자는 데 뜻을 같이했습니다. 에너지 플랜트 협력을 지속하는 한편 향후 국토관리, 보건의료, ICT, 환경 등 미래 지향적인 협력사업도 함께 발굴해 가기로 했습니다. 우리 정부도 여러분이 노력한 만큼 성과를 이룰 수 있도록 적극적인 지원을 아끼지 않을 것입니다. 지난 2월 정부는 해외수주 활력 제고 방안을 통해 약 6조 원 규모의 금융지원 방안을 발표한 바 있습니다. 대통령부터 나서서 해외에서 일하는 우리 기업을 위해 적극적으로 뛸 것입니다. 여러분이 투르크메니스탄 국민과 함께 흘린 땀은 양국의 우정과 번영의 역사에 커다란 성취로 기록될 것입니다.투르크메니스탄과 한국에는 “많은 사람이 밟고 지나가면 길이 된다”는 공통된 속담이 있습니다. 사막 한가운데서 여러분이 4년여간 밟고 지나간 이곳은 이제 양국 관계 발전이라는 새로운 길이 되었습니다. 사막의 혹독한 환경에서 진화해 천리길을 달리는 투르크메니스탄의 명마 아할테케처럼 양국이 공동번영의 미래를 향해 함께 전진하기를 기대합니다. 다시 한번 여러분의 노고와 이 자리에 함께해 주신 베르디무하메도프 대통령님의 우정에 감사드립니다.감사합니다."
1400908,문재인,2019 국가재정전략회의,2019.05.16,국내,회의,"여러분, 반갑습니다.세종시에서 처음으로 국가재정전략회의를 갖게 됐습니다. 대한민국 행정 중심지에서 국가재정의 큰 방향을 논의하게 된 것이 뜻깊습니다. 국회에서도 이해찬대표님, 이인영 원내대표님, 조정식 정책위의장님, 정성호 기재위원장님 그리고 각 정조위원장님들을 비롯해서 대거 함께해 주셨습니다. 감사합니다. 버스 파업문제에 있어서도 노사 간 대화는 물론이고 당정과 지방자치단체까지 함께 논의를 모아서 원만한 타결을 이끌어 주신 것에 감사드립니다.우리 정부의 세 번째 국가재정전략회의입니다. 지난 2년간 성과를 되짚어보고 앞으로 3년을 준비해야 하는 반환점에 와 있습니다. 지금까지 혁신적 포용국가의 시동을 걸었다면 이제는 가속페달을 밟아야 할 때입니다. 2020년은 혁신적 포용국가가 말이 아니라 체감으로 국민께 다가가는 원년이 되기를 바랍니다. 나라 살림살이도 가계처럼 경제상황에 따라 적극적으로 지출을 늘려야 할 때가 있고 건전성에 중점을 둬서 곳간을 채워야 할 때도 있습니다. 과거 글로벌 금융위기 이후 우리는 나라 곳간을 채우는 데 중점을 뒀습니다. 그러나 지금 상황은 저성장과 양극화, 일자리, 저출산·고령화 등 우리 사회 구조적 문제 해결이 매우 시급합니다. 재정의 과감한 역할이 어느 때보다 요구되는 시점입니다. 지금 재정이 적극적으로 대응하지 않는다면 가까운 미래에 오히려 더 큰 비용을 지불하게 될 것입니다. 정부가 과감하게 자기 역할을 함으로써 민간의 혁신적인 도전을 끌어내야 합니다. 이러한 방향으로 정책과 재정이 집중될 수 있도록 오늘 여러분이 지혜를 모아 주시기 바랍니다.지난 2년간 정부는 OECD 국가들에 비해 상대적으로 소홀했던 사회투자를 대폭 늘렸습니다. 아동수당과 치매국가책임제, 기초연금 인상, 건강보험 보장성강화 같은 취약계층 사회안전망을 강화했습니다. 청년·여성·신중년에 대한 맞춤형 일자리 지원을 확대하고, 자영업자를 별도 정책영역으로 설정·지원하는 등 포용국가를 위한 변화의 첫걸음을 시작했습니다.우리 경제활력과 미래 먹거리를 위한 혁신투자도 아끼지 않았습니다. 혁신성장을 위해 제2벤처 붐 확산 전략과 수소경제 로드맵, 혁신금융 비전을 마련해 추진했습니다. 시스템 반도체, 바이오헬스, 미래형 자동차 등 미래 먹거리 마련에도 박차를 가하고 있습니다. 규제 샌드박스를 새로 도입해 혁신의 걸림돌을 과감히 걷어내고 있습니다. 그 결과 긍정적인 변화가 있었습니다.신규 벤처투자가 역대 최고치를 기록했고 신설법인 수가 10만 개를 돌파했습니다. 새로운 도전을 향한 혁신 분위기가 확산되고 있습니다. 저임금근로자 비중과 임금 5분위 배율이 역대 최저로 낮아졌고, 상용직과 고용보험 가입자 수가 크 게 늘었습니다. 직장인들의 소득과 삶의 질은 분명히 개선됐습니다. 실업급여도 확대되어 고용안전망도 두터워졌습니다. 1인당 국민소득 3만 달러, 수출 6,000억 달러를 넘어서는 등 우리 경제의 외연도 넓어졌습니다. 이런 성과 뒤에는 재정의 역할이 컸습니다. 재정이 마중물이 되고 민간이 확산시켰습니다. 그러나 아직 국민께서 전반적으로 삶의 질 개선을 체감하기에는 미흡한 부분이 많습니다. 앞으로 재정이 더 적극적인 역할을 해야 하는 이유입니다. 특히 자영업자와 고용시장 밖에 놓여 있는 저소득층이 겪는 어려움은 참으로 아픈 부분입니다. 고용 확대와 한국형 실업부조 도입과 같은 고용안전망 강화, 자영업자대책 등에 재정의 더 적극적인 역할이 요구됩니다. 재정이 적극적 역할을 하는 과정에서 재정수지가 단기적으로 악화될 가능성을 우려하는 분도 있을 것입니다. 그러나 우리 국가재정이 매우 건전한 편이기 때문에 좀 더 긴 호흡으로 바라볼 필요가 있습니다. 혁신적 포용국가를 위한 예산은 결코 소모성 지출이 아닙니다. 우리 경제·사회 구조개선을 위한 선투자로봐야 합니다. 포용국가의 기틀을 마련하고 혁신성장을 통해 경제활력을 제고한다면, 중장기적으로 성장잠재력을 높이고 세수를 늘려 오히려 단기 재정지출을 상쇄할 수 있기 때문입니다. OECD 국가들과 비교해 보면 대한민국의 경제력은 더 많은 국민이 더 높은 삶의 질을 누릴 수 있도록 재정의 역할을 키울 수 있을만큼 성장해 있다는 자신감을 가져도 좋을 것입니다.재정은 우리 사회 중장기 구조개선뿐만 아니라 단기 경기대응에도 역할을 해야 합니다. 세계경제 여건이 당초 예상보다 악화되면서 1분기 성장이 좋지 못했습니다. “경제는 심리”라는 말이 있듯이, 민간 경제주체들의 심리가 위축되지 않도록 재정이 경제활력 제고에도 적극적인 역할을 해야 할 것입니다. IMF 등 국제기구에서도 우리에게 추가경정예산 등 재정의 적극적인 역할을 권고하고 있습니다. 그런 점에서 하루빨리 국회가 정상화되어 정부 추경안을 신속히 논의해주시길 간곡히 부탁드립니다. 추경은 타이밍과 속도가 매우 중요합니다. 추경안 처리가 지연될수록 효과가 반감되고 선제적 경기 대응에도 차질을 빚게 될 것입니다. 당정이 국회 설득을 위해 더욱 힘을 모아 주시길 당부드립니다.재정은 미래사회 변화에도 선제적으로 대비해야 합니다. 저출산·고령화가 매우 빠르게 진행되고 있습니다. 이미 2018년부터 생산가능인구가 줄어들기 시작했습니다. 2025년이면 65세 이상 인구가 20%가 넘는 초고령사회로 진입하게 됩니다. 출산율 감소와 고령화는 경제활력을 지속적으로 떨어뜨리고, 결국 재정에 큰 부담을 줄 수밖에 없습니다. 저출산에 대한 획기적인 대책 마련과 별도로 인구구조 변화에 대응한 중장기적 재정혁신 방안까지 함께 강구해 나가야 할 것입니다.적극적 재정기조가 국민의 공감을 얻기 위해 강도 높은 재정혁신이 병행되어야 합니다. 필요한 곳에 쓰되 불필요한 낭비를 과감히 줄여야 합니다. 특히 경제활력 둔화와 재정분권에 따라 내년도 세입여건이 녹록하지 않을 것으로 전망됩니다. 이러한 상황에서 재정이 적극적인 역할을 하면서 중장기 재정건전성을 유지하기 위해 과감한 지출 구조조정이 필수적입니다. 각 부처별로 관성에 따라 편성되거나 수혜계층의 이해관계 때문에 불합리하게 지속되는 사업 등을 원점에서 꼼꼼히 살피고 낭비 요소를 제거해 주시기 바랍니다.각 부처 장관님의 적극적인 협력을 당부드립니다. 오늘만큼은 자신이 속한 부처 장관으로서가 아닌 국무위원의 자세로 논의에 임해 주시기 바랍니다. 부처 이해를 넘어 국가와 국민을 기준으로 논의하고 합의를 이뤄가는 자리가 되기를 기대합니다. 당에서도 국민을 대표하여 활발히 의견을 내주시고 앞으로 국회에서도 잘 뒷받침해 주시길 부탁드립니다.감사합니다."
1401039,문재인,인공지능회의 데뷰(DEVIEW) 2019 현장 방문,2019.10.28,국내,기타,"존경하는 국민 여러분, 대한민국 인공지능 개발의 주역 여러분!올해 5월 새벽 3시 40분 혈압 증세로 쓰러진 어르신이 인공지능 스피커에 “살려줘.”라고 외쳤습니다. 그 외침은 인공지능에 의해 위급신호로 인식되어 119로연결되었고, 어르신은 목숨을 구할 수 있었습니다. 유사 사례가 이미 여러 건입니다. 국가에서 독거노인 지원서비스로 지급한 인공지능 스피커가 하고 있는 역할입니다.바야흐로 인공지능 시대입니다. 우리는 스마트폰의 자동번역 기능과 자동차내비게이션 같은 인공지능을 매일 만나고 있습니다. 세계 최강의 바둑기사 이세돌 9단을 꺾은 ‘알파고’는 인공지능의 시작에 불과한지도 모릅니다. 인공지능은 산업을 혁신하며 우리의 일상생활을 변화시키고, 돌봄서비스를 할 정도에 이르렀습니다. 인공지능은 과학기술의 진보를 넘어 ‘새로운 문명’으로 우리에게 다가오고 있습니다.저는 오늘 국내 최대 인공지능 행사 D‘EVIEW 2019’에서 인공지능 문명을 만들어 가는 새로운 인류의 첫 세대를 만나고 있습니다. 전통 주력산업인 자동차는 인공지능을 만나 자율주행차를 비롯한 미래자동차로 진화하고 있습니다. 인공지능으로 생산성과 에너지 효율을 높인 우리 스마트공장은 제조업의 변화를 이끄는 세계의 ‘등대공장’으로 선정되었습니다. 불량 검출에 딥러닝 알고리즘을 적용한 스타트업은 2억 달러의 가치를 인정받았습니다. 의료진단을 보조하는 인공지능 소프트웨어는 세계 100대 인공지능기업으로 선정되며 올해에만 200억 원의 벤처투자를 유치했습니다. 다양한 인공지능 분야에서 성공을 거두고 있는 기업인과 개발자 여러분, 매우 든든하고 고맙습니다. 인공지능의 주역인 개발자와 기업인 여러분께 정부의 ‘인공지능 기본구상’을 가장 먼저 알리게 된 것을 기쁘게 생각합니다.존경하는 국민 여러분!인공지능은 인류의 동반자입니다. 인류는 지능을 갖게 되면서 지구의 주인이 되었고, 동시에 이 세계에 대한 무한 책임을 갖게 되었습니다. 인류는 어쩌면 광활한 우주에서 유일한 고등지능 생명체일지 모릅니다. 하지만 여전히 실수투성이이며 자주 비합리적인 결정을 내립니다. 인류의 지적 탐구는 인류 스스로의 지적 능력을 끊임없이 확장해 왔습니다. 인공지능은 끊임없이 부족함을 보완하여 더욱 완전해지려는 인류의 꿈이 만들어낸 결과입니다. 4차 산업혁명 시대야말로 상상력이 세상을 바꾸는 시대입니다.우리는 인공지능 시대의 문을 연 나라도 아니고, 세계 최고 수준도 아닙니다. 그러나 상상력을 현실로 바꿔낼 능력이 있고, 새로움을 향해 도전하는 국민이 있습니다. 외환위기를 겪으면서도 인터넷 혁명을 이끈 경험이 있고, 세계 최고 수준의 제조업 경쟁력과 세계 1위의 ICT 인프라, 전자정부의 풍부한 데이터가 있습니다. 우리가 제조업, 반도체 등 많은 경험을 축적하고 경쟁력을 가진 분야를 중심으로 인공지능을 결합하면 우리는 가장 똑똑하면서도 인간다운 인공지능을 탄생시킬 수 있을 것입니다. 우리 개발자들이 끝없는 상상을 펼치고 실현할 수 있도록 정부가 함께하겠습니다.첫째, 마음껏 상상하고, 함께하고, 도전할 수 있는 마당을 만들겠습니다. 저는 인류의 지능에 대한 많은 학설 중에 ‘협동을 위해 발달했다’는 학설에 마음이 갑니다. 개발자들이 상상력을 마음껏 실현해 나갈 수 있도록 포괄적 네거티브 규제로 전환하고 분야별 장벽을 과감하게 허물어 과학자, 기술자, 예술가, 학생들까지 모두 협력하면 우리 인공지능이 세계에서 가장 빠르게 발전할 수 있을 것입니다. 창의적 아이디어와 기술의 축제인 인공지능 올림픽, 최고의 인재들이 참여하여 현안 과제를 해결하는 인공지능 연구개발 경진대회 등을 통해 새로운 글로벌협력 모델을 창출하겠습니다. 인공지능 대학원, 이노베이션 아카데미를 비롯한 기존 정책에 더해 대학의 첨단 분야 학과 신증설과 대학 교수의 기업겸직도 허용해 세계 최고의 인재들이 우리나라에 모이도록 하겠습니다. 데이터 3법이 연내에 통과되도록 국회와 적극 협력하겠습니다.둘째, 기업이 수익을 낼 수 있도록 지원하겠습니다. 정부는 내년도 예산안에 데이터・네트워크・인공지능 분야에 올해보다 50% 늘어난 1조 7,000억 원을 배정했습니다. 기업들이 경쟁력 있는 분야에 자신 있게 투자하고 빠르게 수익을 낼수 있는 환경을 만들겠습니다. 우리 미래를 좌우할 스타트업에 대해 정책자금을 집중하고, 혁신이 끊임없이 이어지는 산업생태계를 조성하겠습니다. 우리가 강점을 가진 차세대 인공지능 칩 같은 분야에 정부가 선제적으로 투자하여 세계시장을 선점하겠습니다. 인공지능 시대에는 데이터와 클라우드 컴퓨팅이 필요합니다. 정부는 데이터 자원의 구축-개방-활용 전 단계를 근본적으로 혁신하겠습니다. 공공데이터는 원천적으로 공개하는 방식으로 전환하고, 인공지능 개발을 위해 기업과 대학, 연구소에 필요한 대용량 클라우드 컴퓨팅 지원을 확대하겠습니다.셋째, 인공지능 활용 일등국민이 될 것입니다. 인공지능을 두려움 없이 사용하는 국민이 많을수록 우리 산업도 성장할 수 있습니다. 일자리를 찾는 20대 청년, 직종 전환을 희망하는 30대와 40대 재직자, 인생 제2막을 준비하는 50대와 60대, 어르신 세대까지 원하는 사람은 누구나 인공지능을 배울 수 있도록 교육기회를 제공하겠습니다. 인공지능을 자유롭게 활용하고 소비하게 하겠습니다.넷째, 인공지능정부가 되겠습니다. 정부는 출범 직후 대통령 직속 4차산업혁명위원회를 설립하고, 데이터・네트워크・인공지능을 3대 혁신 신산업으로 선정하여 지원해왔습니다. 지난해 범정부 차원의 ‘AI R&D 전략’과 ‘데이터산업 활성화 전략’을 마련해 착실히 추진하고 있습니다. 정부 스스로 인공지능을 가장 적극적으로 활용하고 지원할 것입니다. 세계 최고 수준의 전자정부를 넘어서는 인공지능 기반 디지털정부로 탈바꿈하고 환경, 재난, 안전, 국방 등 국민의 삶과 밀접한 영역에서부터 수준 높은 서비스를 제공하여 국민이 체감할 수 있도록 하겠습니다. 정부의 공공서비스도 인터넷과 스마트폰 중심으로 바꿔 나가겠습니다.존경하는 국민 여러분, 인공지능 개발자와 기업인 여러분!인공지능의 발전은 인류가 그동안 경험해 보지 못한 세상으로 인류를 이끌 것입니다. 인공지능은 산업 영역에 그치지 않고 고령화사회의 국민건강, 독거노인복지, 홀로 사는 여성의 안전, 고도화되는 범죄 예방 등 우리 사회가 당면한 여러문제들을 해결해낼 것입니다. 인공지능이 사람중심으로 작동하여 사회 혁신의 동력이 되도록 함께 노력해 나갑시다.정부는 올해 안으로 완전히 새로운 인공지능에 대한 기본구상을 바탕으로 ‘인공지능 국가전략’을 제시할 것입니다. 일자리 변화와 인공지능 윤리 문제도 각별하게 관심을 기울이겠습니다. 혁신기술의 발전은 ‘DEVIEW 2019’처럼 공유와 소통을 통해 이뤄집니다. 다양한 경험과 혁신적인 상상으로 가득한 여러분의 경험과 지혜를 나눠 주시고, 우리 모두의 꿈을 함께 이뤄 주시기 바랍니다.감사합니다."
1401049,문재인,수석·보좌관회의,2019.11.11,국내,회의,"정부가 출범한 지 어느새 절반의 시간이 지났습니다. 한결같이 성원해 주신 국민께 깊이 감사드립니다. 앞으로 남은 절반의 임기, 국민께 더 낮고 더 가까이 다가가겠습니다. 국민의 격려와 질책에 모두 귀 기울이며 무거운 책임감으로 국정에 임하겠습니다.지난 2년 반은 넘어서야 할 과거를 극복하고 새로운 미래로 나아가는 전환의 시간이었습니다. 현실에 안주하지 않고 우리 사회에 변화의 씨앗을 뿌리고 희망을 키우고자 노력했습니다. 정부는 시작부터 무너진 나라를 다시 세워 국가를 정상화했고, 정의와 공정의 가치를 사회 전 영역으로 확산시켜 나가고 있습니다.경제·사회적으로는 우리 경제를 구조적으로 병들게 만들었던 양극화와 불평등의 경제를 사람중심 경제로 전환하여 함께 잘사는 나라로 가는 기반을 구축하고자 노력을 기울였습니다. 미래 신산업 육성과 벤처 붐 확산 등 추격형 경제를 선도형 경제로 바꿔 나가며 우리 대한민국의 미래 먹거리를 만드는 데 주력해 왔습니다.한편으로는 포용성을 획기적으로 높이고 있습니다. 건강보험 보장성을 강화하고 치매국가책임제를 시행하는 등 전 국민 전 생애 건강보장 시대를 열었습니다. 고용안전망을 확충하고 기초연금 인상, 아동수당 도입, 고교무상교육 시행 등 맞춤형 복지도 확대하고 있습니다.한반도 정세에 기적 같은 변화도 만들어냈습니다. 한반도에서 전쟁의 위험을 제거하고, 대화와 외교를 통해 평화와 번영의 새로운 질서로 대전환하는 중대한 역사적 도전에 나서고 있습니다.우리 외교도 새로운 변화를 만들고 있습니다. 국익 중심의 4강 외교를 강화하면서 외교 다변화를 꾸준히 추진해 외교의 지평을 넓혔고, 신남방·신북방으로 교류·협력과 경제영역을 확장했습니다. 일본의 수출규제에는 의연하고 당당히 대응해 소재·부품·장비산업의 경쟁력을 강화하는 계기로 삼고 있고, 아무도 흔들 수 없는 나라로 가는 초석을 다지고 있습니다.이와 같은 전환의 과정에서 논란도 많았고 현실적인 어려움도 적지 않았습니다. 정치적 갈등도 많았고 필요한 입법이 늦어지는 일도 자주 있었습니다. 국민께 드린 불편함이나 고통도 있었을 것입니다. 과거의 익숙함과 결별하고 새로운 길을 찾는 것이기 때문입니다.하지만 대한민국의 미래를 위해 어렵더라도 반드시 가야만 하는 길이었습니다. 그 길을 지난 2년 반 동안 열심히 달려온 결과 새로운 대한민국으로 나아가는 토대가 구축되고 있고, 확실한 변화로 가는 기반이 만들어지고 있다고 믿습니다.이제 앞으로 남은 절반의 시간이 더욱 중요해졌습니다. 임기 전반기에 씨를 뿌리고 싹을 키웠다면, 임기 후반기에는 꽃을 피우고 열매를 맺어야만 문재인정부의 성공을 말할 수 있을 것입니다. 국민이 변화를 확실히 체감할 때까지 정부는 일관성을 갖고 혁신·포용·공정·평화의 길을 흔들림 없이 달려가겠습니다.혁신은 우리의 미래를 창출하는 것입니다. 더욱 속도를 내 우리 경제 전반의 역동성을 살리는 확실한 변화를 일궈야 할 것입니다. 포용은 끝이 없는 과제입니다. 지금의 성과와 변화에 머물지 말고 심각한 양극화와 불평등이 해소되고, 따뜻하고 안전한 사회가 될 때까지 중단 없이 나아가고자 합니다. 공정은 거스를 수 없는 대세입니다. 제도 안에 숨겨진 특권과 불공정 요소까지 바로잡아 누구나 공평한 기회와 과정을 가질 수 있도록 사회 전 분야에 개혁의 고삐를 늦추지 말아야 할 것입니다.평화는 한반도의 운명을 결정하는 일입니다. 지금까지의 기적 같은 변화도 시작에 불과합니다. 아직 결과를 장담하거나 낙관할 수 없습니다. 여전히 많은 어려운 과정이 남아 있는 것은 분명합니다. 그러나 우리에게 다른 선택의 여지는 없습니다. 평화·번영의 새로운 한반도 시대가 열릴 때까지 변함없는 의지로 담대하게 나아가 반드시 성공시켜 내야 할 것입니다.앞으로 2년 반, 국민에게나 국가적으로 대단히 중대한 시기입니다. 임기 후반기를 맞이하는 저와 정부의 각오와 다짐이 더욱 굳고 새로울 수밖에 없습니다.국민이 바라는 진정한 변화를 만들어내겠습니다. 국민과 시대가 요구하는 대통령의 소임을 최선을 다해 완수하겠습니다. 그 과정에서 더욱 폭넓게 소통하고, 다른 의견들에 대해서도 귀를 기울이면서 공감을 넓혀 나가겠습니다.언제나 국민의 지지가 힘입니다. 국민께서도 함께해 주시기 바랍니다."
1401074,문재인,한·아세안 특별정상회의 및 제1차 한·메콩 정상회의 관련 메시지,2019.11.27,국내,기념사,"<한·아세안 특별정상회의와 한·메콩 정상회의를 마치며>우리는 국토를 넓힐 수는 없지만, 삶과 생각의 영역은 얼마든지 넓힐 수 있습니다. 서로를 존중하고, 연계하고, 협력한다면 경제와 문화의 영역 또한 경계가 없습니다. 수평선 너머 아세안이 이번 두 정상회의를 통해 우리 국민에게 더 가까워지고, 삶의 공간으로 인식되길 바랍니다.아세안의 나라들은 젊고 역동적이며 성장잠재력이 매우 큽니다. 그럼에도 이나라들은 고유한 문화를 간직하며 자신의 방식대로 한 발 한 발 성장하길 원합니다. 강대국들 사이에서 정체성을 지키며, 경제성장과 민주주의를 동시에 이룬 우리의 경험이 아세안에 매력적인 이유입니다. 아세안과 경제협력은 서로의 미래세대에게까지 많은 혜택이 돌아갈 것입니다. 아세안의 나라들은 조화를 중시하며 포용적입니다. 양극화와 기후환경, 국제적 분쟁같이 우리가 공동으로 해결해야 할 문제들이 많아지고 있지만 일찍부터 아세안은 대화를 통해 해법을 찾아가고 있습니다. 상생을 미덕으로 삼는 ‘아시아정신’이 밑바탕에 있기 때문일 것입니다. 21세기에는 아시아의 지혜로 인류에게 희망을 줄 수 있을 것입니다. 부산은 대륙과 해양이 만나는 곳입니다. 우리의 오래된 꿈은 대륙과 해양을 잇는 교량국가로, 양쪽의 장점을 흡수하고 연결하는 것입니다. 아세안 열 개 나라들과 우정을 쌓으며 우리는 더 많은 바닷길을 열었습니다.이제 부산에서부터 육로로 대륙을 가로지르는 일이 남았습니다. 어려운 고비와 갖은 난관이 우리 앞에 있더라도 교량국가의 꿈을 포기할 수 없습니다. 우리는 강대국들 사이에서 어려움을 겪는 나라가 아니라 강대국들을 서로 이어주며 평화와 번영을 만드는 나라가 될 수 있습니다. 부산이 그 출발지입니다. 국민과 함께 그 꿈을 실현하고 싶습니다.이제 귀한 손님들을 배웅합니다. 지난 나흘은 ‘아세안의 꿈’이 곧 ‘한국의 꿈’이었음을 확인하는 시간이었습니다. 아세안의 정상들께서 이번 회의에서 보여주신 배려와 의지는 아시아를 넘어 세계를 더 따뜻하고, 더 역동적이며, 더 평화로운 곳으로 변화시킬 것입니다.함께해 주셔서 감사합니다. 모쪼록 좋은 기억을 가지고 돌아가시길 기원합니다."
1401081,문재인,순직 소방항공대원 합동 영결식,2019.12.10,국내,기타,"유가족 여러분, 국민 여러분!우리는 오늘 다섯 분의 영웅과 작별합니다. 사랑하는 아들이었고, 딸이었고, 아버지였고, 남편이었고, 누구보다 믿음직한 소방대원이었으며 친구였던 김종필, 서정용, 이종후, 배혁, 박단비, 다섯 분의 이름을 우리 가슴에 단단히 새길 시간이 되었습니다.10월 31일 다섯 대원은 어두운 밤 멀리 바다 건너 우리 땅 동쪽 끝에서 구조를 기다리는 국민을 위해 한 치 망설임 없이 임무에 나섰습니다. 국민의 생명을 구하는 소명감으로 어떤 어려움도 헤쳐 나갈 수 있도록 훈련받고, 동료애로 뭉친 다섯 대원은 신속한 응급처치로 위기를 넘겼습니다. 그러나 우리의 영웅들은 그날 밤 우리 곁으로 돌아오지 못했습니다. 무사 귀환의 임무를 남겨 놓은 채 거친 바다 깊이 잠들고 말았습니다.저는 오늘 용감했던 다섯 대원의 숭고한 정신을 국민과 함께 영원히 기리고자합니다. 또한 언제 겪을지 모를 위험을 안고 묵묵히 헌신하는 전국의 모든 소방관과 함께 슬픔과 위로를 나누고자 합니다. 비통함과 슬픔으로 가슴이 무너졌을 가족들께 깊은 애도의 말씀을 드리며, 동료를 가족의 품으로 돌려보내기 위해 끝까지 최선을 다한 소방잠수사들, 해군과 해경대원들의 노고에도 감사와 격려의 마음을 전합니다.유가족 여러분, 국민 여러분!국민은 재난에서 안전할 권리, 위험에서 보호받을 권리가 있습니다. 국가는 국민의 생명과 안전을 지키기 위해 존재하며, 소방관들은 재난현장에서 구조를 기다리는 국민께 국가 그 자체입니다. 국민은 119를 부를 수만 있다면 언제 어디서든 구조될 수 있다고 믿습니다. 고인들은 국가를 대표해 그 믿음에 부응했습니다. 김종필 기장은 20년 경력의 베테랑 조종사입니다. 끊임없이 역량을 기르면서주위 사람들까지 알뜰히 챙기는 듬직한 동료였고, 세 아이의 자랑스러운 아버지였습니다. 서정용 검사관은 국내 최고의 대형헬기 검사관입니다. 후배들에게 경험과 지식을 아낌없이 나눠주는 탁월한 선임이었고, 아들딸을 사랑하는 따뜻한 가장이었습니다. 이종후 부기장은 닥터헬기 조종 경험을 가진 믿음직한 조종사이자 동료들을 세심하게 챙기는 항공팀 살림꾼이었습니다. 더욱 안타까운 것은 둘째 아들을 먼저 잃은 아버지와 어머니에게 너무나 귀한 아들이었습니다. 이곳 계명대를 졸업한 배혁 구조대원은 결혼한 지 갓 두 달 된 새신랑입니다. 해군 해난구조대원으로 활약한 경력으로 소방관이 된 후 지난 5월 헝가리 유람선 침몰사고 현장에 파견돼 힘든 수중수색 업무에 투입됐던 유능하고 헌신적인 구조대원이었습니다. 박단비 구급대원은 늘 밝게 웃던 1년 차 새내기 구급대원이었습니다. 쉬는 날집에서도 훈련을 계속하면서, 만약 자신이 세상에 진 빚이 있다면 국민의 생명을 구하는 것으로 갚겠다고 했던 진정한 소방관이었습니다.다섯 분 모두 자신의 삶과 일에 충실했고, 가족과 동료들에게 커다란 사랑을 주었습니다. 언제나 최선을 다한 헌신이 생사의 기로에 선 국민의 손을 잡아준 힘이 되었습니다. 다섯 분의 헌신과 희생에 깊은 존경의 마음을 바치며, 다급하고 간절한 국민의 부름에 가장 앞장섰던 고인들처럼 국민의 안전에 대해 대통령으로서 무한한 책임감을 가지겠습니다. 또한 소방관들의 안전과 행복을 지키는것 역시 국가의 몫임을 잊지 않겠습니다.국민 여러분, 소방관 여러분!모든 소방가족의 염원이었던 소방관 국가직 전환 법률이 마침내 공포되었습니다. 오늘 다섯 분의 영정 앞에서 국가가 소방관들의 건강과 안전, 자부심과 긍지를 더욱 확고하게 지키겠다고 약속드립니다. 이제 우리는 안전한 대한민국의 이름으로 다섯 분의 헌신과 희생을 기려야 할 것입니다. 이번 사고의 원인을 철저히 규명하고, 소방헬기의 관리운영을 전국단위로 통합해 소방의 질을 높이면서 소방관들의 안전도 더 굳게 다지겠습니다. 다섯 분의 희생이 영원히 빛나도록 보훈에도 힘쓰겠습니다. 가족들이 슬픔을 딛고 일어서 ‘소방가족’이었음을 자랑스럽게 여길 수 있도록 국가의 책임을 다하겠습니다. 국민을 위한 다섯 소방항공대원의 삶은 우리 영토의 동쪽 끝 독도에서 영원할 것입니다. 아침 해가 뜰 때마다 우리 가슴에 생명의 소중함을 되새겨줄 것입니다.이제 고(故) 김종필, 고(故) 서정용, 고(故) 이종후, 고(故) 배혁, 고(故) 박단비 님을 떠나보냅니다. 같은 사고로 함께 희생된 고(故) 윤영호 님과 고(故) 박기동 님의 유가족들께도 깊은 위로의 말씀을 드립니다. 일곱 분 모두의 영원한 안식을 기원합니다."
1401090,문재인,(중국 방문) 한중 정상회담,2019.12.23,국외,성명/담화문,"시진핑 주석님 말씀에 감사드립니다.여러 번 중국에 올 때마다 상전벽해와 같은 중국의 발전상에 놀랍니다. ‘중국의 꿈(中國夢)’을 향해 한 걸음씩 나아가는 시 주석님의 리더십과 중국 국민의 성취에 경의를 표합니다.올해는 신중국 건국 70주년이고, 한국은 3·1독립운동과 임시정부 수립 100주년의 의미 깊은 해입니다. 양국 모두 지난 역사를 돌아보며 새로운 시대를 다짐하는 해였습니다. 지난 10월 건국 70주년 기념행사를 비롯해 중국의 주요 행사들이 성공적으로 치러진 것을 축하드리며, 한국의 독립사적지 보존·관리에 관심을 갖고 힘써 주신 시 주석님과 중국 정부에 감사드립니다.올해 한중 관계와 한반도 정세에 많은 성과와 변화들이 있었습니다. 한중 간교류가 활기를 되찾아 양국 교역이 2,000억 달러를 넘어섰고, 800만 명이 넘는 양국 국민이 이웃처럼 양국을 오가고 있습니다. 잠시 서로 섭섭할 수는 있지만, 양국의 관계는 결코 멀어질 수 없는 유구한 역사와 문화를 가지고 있습니다. 중국의 꿈이 한국에 기회가 되듯이 한국의 꿈 역시 중국에 도움이 되길 바랍니다. 주석님과 내가 중국의 일대일로(一帶一路) 구상과 한국의 신남방·신북방정책 간의 연계 협력을 모색하기로 합의한 이후 최근 구체적 협력방안을 담은 공동보고서가 채택되었습니다. 이를 토대로 제3국에 공동진출해 시너지 효과를 낼 수 있는 다양한 협력사업들이 조속히 실행되길 기대합니다. 중국이 그간 한반도 비핵화와 평화 정착을 위해 중요한 역할을 해준 점을 높이 평가합니다. 북미대화가 중단되고 한반도 긴장이 고조되는 최근 상황은 우리 양국은 물론 북한에도 결코 이롭지 않습니다. 모처럼 얻은 기회가 결실로 이어지도록 더욱 긴밀히 협력해 가길 희망합니다.맹자는 “천시(天時)는 지리(地利)만 못하고, 지리는 인화(人和)만 못하다.”라고했습니다. 한중은 공동번영할 수 있는 천시와 지리를 갖췄으니 인화만 더해진다면 함께 새로운 시대를 열 수 있습니다. 내년 가까운 시일 내에 주석님을 서울에서 다시 뵙게 되길 기대합니다.감사합니다."
1401102,문재인,신임 국무총리 임명장 수여식,2020.01.14,국내,기타,"우리 정부 하반기를 이끌어 주실 제2대 국무총리로 취임하신 것을 정말 축하드립니다. 사실 후보자로 지명할 때 저도, 총리님도 고심을 많이 했습니다. 국회의장을 역임하셨기 때문에 당연히 삼권분립 침해나 삼권분립 무시라는 정치적공격이 있을 것으로 예상했습니다.공격이 당연히 예상됨에도 불구하고 제가 총리님을 모시게 된 것은 지금 우리 정치상황 속에서 총리님만한 적임자가 없고, 제가 총리님을 통해 이루고자 하는 가치가 삼권분립에 대한 논란보다 훨씬 더 중요하다고 생각했기 때문입니다. 지금 아시는 바와 같이 우리 정치가 보여주고 있는 모습이 너무 심하고, 국민께서 볼 때도 참으로 실망스럽습니다. 정치가 국민을 통합시키고 단결시키는 구심역할을 해줘야 하고, 그러려면 국회가 서로 다투면서도 대화하고 타협하는 정치의 모습을 보여줘야 하는데, 지금 국회는 막무가내로 서로 싸우기만 하는 모습을 보이면서 오히려 국민을 분열시키고 갈등을 증폭시키는 역기능만 하고 있다고 생각합니다.그런 면에서 생각해 보면 지금 우리 정치에서 다시 대화하고 타협하고 소통하는 정치를 복원하는 것이 무엇보다 시급합니다. 총리님께서는 6선의 국회의원이시고 국회의장을 역임하셨기 때문에 국회와 야당과도 대화·소통하면서 서로 협력하는 정치, 서로 타협해 나가는 정치를 이끄시는 데 가장 적임자라고 생각합니다. 사실은 대통령도 그런 문제에서 자유롭다고 할 수 없는데, 저에게는 부족한 부분이기도 하기 때문에 총리님의 역할에 거는 기대가 아주 큽니다. 다들 아시는 바와 같이 총리님께서는 국회에서 백봉신사상(白峰紳士賞)을 최다 수상하셨고, 온화하고 신사다운 면모를 여야 모두로부터 인정받는 분입니다. 통합의 정치, 협치를 꼭 좀 이끌어 주시기를 당부드립니다.또 하나는 실물경제 출신으로, 산업부 장관도 역임하셨기 때문에 경제에 대한 식견이나 경륜도 아주 높으십니다. 물론 경제는 홍남기 경제부총리가 든든하게 사령탑 역할을 하고 있지만, 지금 우리 경제가 어려운 상황 속에서 이제 희망을 보여주고 있는 과정이기 때문에 총리님께서도 경제인들과 더 많이 소통하면서 우리 경제가 잘될 수 있게끔 측면에서 많이 지원하고, 내각 전체를 잘 이끌어 주시기를 당부드리겠습니다.다시 한번 축하드립니다. 사모님께도 축하 말씀을 드립니다.감사합니다."
1401107,문재인,제3회 국무회의,2020.01.21,국내,회의,"새해 첫 국무회의에서 「고위공직자범죄수사처 설치 및 운영에 관한 법률」을 공포한 데 이어 검경수사권 조정 법률들도 지난주 국회를 통과했습니다. 이로써 검찰개혁은 제도화의 큰 획을 긋게 되었습니다.권력기관 개혁은 특별한 이상을 추구하는 것이 아닙니다. 민주공화국에서 권력기관의 주인은 국민이며, 권력기관의 작용에 있어서도 민주주의의 원리가 구현되어야 한다는 것은 지극히 당연한 사리입니다. 그럼에도 불구하고 기득권이 되어 있는 현실을 바꾼다는 것은 참으로 어려운 일입니다.고위공직자범죄수사처 설치와 검경수사권 조정은 20년 넘게 이루지 못한 오랜 개혁 과제였지만, 드디어 국민의 힘으로 해낼 수 있었습니다. 국민께 머리 숙여 감사드립니다.지금까지가 국회의 시간이었다면 정부로서는 지금부터가 중요합니다. 고위공직자범죄수사처 설립과 검경수사권 조정 시행에 많은 준비가 필요합니다. 두 가지 모두 시간이 많지 않습니다. 시행에 차질이 없어야 할 뿐만 아니라 준비 과정에서부터 객관성과 정치적 중립성을 확보하는 것이 필요할 것입니다.또한 “악마는 디테일에 있다.”라는 말처럼 세부적인 사항을 조정하는 것이 더 힘든 일이 될 수도 있습니다. 법무부와 행정안전부, 검찰과 경찰이 충분히 소통하고, 사법제도와 관련된 일인 만큼 사법부의 의견까지 참고할 수 있도록 준비체계를 잘 갖춰 주기 바랍니다. 총리께서도 직접 챙겨 주시기를 부탁드리겠습니다.검찰개혁 입법은 마쳤지만 권력기관 개혁 전체로 보면 아직 입법 과정이 남아 있습니다. 우선 검경수사권 조정과 함께 통과되었어야 할 「통합경찰법」입니다. 권력기관 개혁의 핵심은 견제와 균형을 통한 권력 남용의 통제이고, 이 점에서 고위공직자범죄수사처 설치, 검경수사권 조정, 자치경찰제 도입과 국가수사본부 설치는 한 묶음입니다.검찰의 직접수사 축소에 따라 커지는 경찰의 권한도 민주적으로 분산되어야 합니다. 그런 이유로 자치경찰제를 도입하고 국가수사본부를 설치해 수사경찰과 행정경찰을 분리하면서 지방자치단체의 자치분권을 확대하는 방안이 함께 추진되었던 것인데, 법안 처리 과정에서 분리되고 말았습니다.국정원 개혁도 입법으로 뒷받침되어야 합니다. 국정원은 이미 국내정보 수집부서를 전면 폐지하고 해외·대북 정보활동에 전념하는 등 자체 개혁을 단행했지만, 이를 제도화하는 법안은 아직 국회에 머물러 있습니다. 총선을 앞두고 있고 20대 국회 임기가 많이 남아 있지 않지만 검찰, 국가경찰과 자치경찰, 고위공직자범죄수사처, 국정원이 서로 견제하고 균형을 이루면서 개혁을 완성할 수 있도록 「통합경찰법」과 「국정원법」의 신속한 처리를 국회에 당부드립니다.정부는 권력기관 개혁과 함께 국민이 일상생활에서 부딪히는 각종 부패를 근절하기 위해 지속적인 노력을 기울여 왔습니다. 오늘 공포되는 유치원 3법도 그 일환입니다. 국회 입법 과정에서 일부 유치원 단체의 반대가 있었지만, 정부의 단호한 의지와 국민의 엄중한 요구가 하나로 모이면서 유치원 공공성 강화의 기틀이 마련되었습니다. 앞으로 학부모가 낸 원비는 교육 목적으로만 사용해야 하며, 교육 외 목적이나 사익을 위해 사용하는 등 회계부정에 대해서는 엄격한 법적 책임을 지게 될 것입니다. 학부모의 유치원 선택 권리가 강화되고, 급식의 질도 명확한 기준에 따라 관리 감독할 수 있게 됩니다. 유치원 회계 투명성과 유아교육의 공공성이 획기적으로 강화될 것으로 기대합니다.유치원 3법만으로 국민의 요구에 다 부응했다고 볼 수는 없습니다. 국공립 유치원 확대, 사립 유치원의 어려움 해소와 교사 처우개선 등 함께 추진해온 정책들이 유아교육 현장의 변화로 이어지도록 챙겨 주기 바랍니다. 아울러 유아학습권 보호와 투명한 유치원 운영을 위해 노력하는 유치원에 대해 더 많은 지원이 이뤄질 수 있도록 하는 제도개선 방안도 함께 마련해 주기 바랍니다."
1401117,문재인,(코로나19 관련) 진천·음성 지역주민 간담회,2020.02.09,국내,기타,"진천·음성 혁신도시, 우한 교민 임시생활시설 주변 지역주민들을 직접 뵙게돼서 정말 반갑고, 또 고맙습니다.아직까지 우리가 정체를 정확하게 알지 못하는 신종 감염병이 중국 우한지역에서 아주 극성을 부리고 있고 우한시 자체가 봉쇄되어 있는 상황 속에서 우한 지역 교민들을 이 지역으로 모셔서 임시생활시설에 거주하게 한다고 했을 때 지역주민들이 불안감을 느끼는 것은 너무나 당연한 일이었습니다. 그럼에도 불구하고 진천·음성 주민들이 불안감을 떨치고 이분들도 다 같은 국민이기 때문에 ‘어려움을 나누자’, ‘오히려 우리가 더 따뜻하게 품어줘야 한다’라는 생각으로 가족·형제처럼 따뜻하게 보듬어 주셔서 다시 한번 감사드립니다. 그 과정에서 이시종 도지사님, 송기섭 진천군수님, 조병옥 음성군수님도 역할을 많이 해주셨습니다.여러분이 따뜻하게 대한 만큼 여기에서 생활하는 우한 교민들도 그 따뜻한 배려에 대한 고마움을 여러 가지 방법으로 표현하고 있고, 심지어 마음으로 표현하는 것만으로는 여러 가지로 부족하다고 느껴서 나름대로 지역을 돕기 위해 모금운동까지 하겠다는 뜻도 밝히고 있는 것으로 알고 있습니다. 우리 진천·음성 주민들의 따뜻한 배려에 우한 교민들이 각별히 감사하는 마음을 표현하고 서로 주고받는 모습들을 보면서 국민은 크게 감동받고, ‘국가가 이런 일을 하기 위해 필요한 것이다’라는 인식을 하게 되는 것 같습니다. 다시 한번 감사드립니다.그런데 이제는 임시생활시설로 인한, 혹시 그것이 지역 내 감염요인이 되지 않을까 하는 불안감들은 해소되었는데, 여러 가지 심리적인 위축 때문에 지역경제가 어려움을 겪고 있습니다. 그래서 지역경제가 겪는 어려움을 해소하기 위해서도 중앙정부나 충청북도, 진천군, 음성군 차원에서 최대한 노력을 해나가겠습니다. 여기에 입주해 있는 공공기관들과 민간기업들도 뜻을 함께 해줄 것이라고 믿습니다.한편 음성군에서는, 진천·음성 혁신도시인데 그동안 진천 쪽만 부각되면서 정부의 지원이나 관심이 진천 쪽으로만 편중되는 것 아니냐 하는 섭섭한 마음도 일부 있었다고 들었는데, 그런 일은 없을 것입니다. 우리 음성군에 대해서도 충분히 관심을 가지도록 하겠습니다.처음 임시생활시설이 들어섰을 때만 해도 사실 신종 감염병에 대해 모르는 점들이 너무 많았습니다. 그러나 그동안 국내에서 여러 가지 감염병들에 대처하면서 이제는 이 감염병의 위험성이 어느 정도인지, 또 우리가 제대로 대응하고 있는지, 허점이 무엇인지, 어떤 점들을 더 보완하면 될지 많이 알게 되었습니다. 물론 아직도 불분명한 부분들이 많습니다. 사실 이게 언제까지 지속될지, 위험성은 어느 정도인지 충분히 확인된 것은 아닙니다. 그러나 우리가 국내 상황들을 겪으면서 분명하게 확인할 수 있었던 것은, 적어도 신종 감염병이긴 하지만 대한민국사회가 이 질병을 충분히 관리할 수 있고 극복할 수 있다는 사실입니다.두 번째는 이 감염병의 전파력은 상당히 강하다고 판단되지만, 개개인이 손씻기라든지 마스크 쓰기라든지 개인적인 안전수칙만 제대로 지키면 감염되는 것을 충분히 피할 수 있고, 만에 하나 아주 운이 나빠서 감염된다 하더라도 치명률이 크게 높은 질병이 아니어서 적절한 치료를 제때 받기만 하면 충분히 치유될수 있다는 것은 분명해진 사실인 것 같습니다. 전문가들의 이야기에 의하면, 확진자가 다녀간 동선에 있는 시설이라도 소독을 하면 바이러스가 절멸되기 때문에 거기에서 다시 감염될 위험성은 없다고 합니다. 그래서 이 신종 감염병에 대해 긴장하고 최대한 주의하면서 총력을 기울여야 하는 것은 정부의 몫이니 긴장이나 불안들은 다 정부로 미뤄 주시고, 국민께서는 지나치게 불안해하기보다는 정부의 홍보에 귀를 기울이면서 안전수칙을 지키고 따르면 충분히 안전하게 이 상황을 넘길 수 있다는 인식을 해주시기 바랍니다.이번 정월대보름 달집 행사 같은 것은 아마 대다수 취소됐을 것입니다. 이렇게 축제처럼 많이 모이는 행사들은 가급적 자제해야겠지만, 우리가 일상생활에서 필요한 경제활동이라든지 소비활동은 위축됨 없이 평소대로 해주셔도 되겠다는 것이 지금 확인되고 있습니다. 우리 경제가 빨리 정상적으로 돌아가서 그것이 국가경제나 지역경제에 어려움으로 작용하지 않도록 정부도 여러 가지 대책을 세우면서 최선을 다해 나가겠습니다.감사합니다."
1401182,문재인,세월호 6주기 추모 메시지,2020.04.16,국내,기념사,"<세월호의 아이들이 우리에게 ‘공감’을 남겨 주었습니다>코로나19로 적지 않은 우리의 가족·이웃이 돌아가셨지만, 미처 죽음에 일일이 애도를 전하지 못했습니다. 불과 며칠 전까지 우리 곁에서 울고 웃었던 분들입니다. 제대로 된 장례식으로 보내 드리지 못해 안타깝습니다. 고인들의 명복을 빌며, 가족들을 위로합니다. 어느 때보다 공감이 필요한 때 세월호 6주기를 맞았습니다. 우리는 세월호와 함께 울었고, 함께 책임지기 위해 행동했습니다. 우리는 세월호를 통해 우리가 서로 얼마나 깊이 연결된 존재인지도 알게 되었습니다.우리는 지금 코로나19를 극복하며 우리의 상호의존성을 다시 확인하고 있습니다. 국민은 “누구도 속절없이 떠나보내지 않겠다.”라는 마음으로 마스크를 쓰고, 사회적 거리두기와 자가격리를 지키고 있습니다. 코로나19에 대응하는 우리의 자세와 대책 속에는 세월호의 교훈이 담겨 있습니다. ‘사회적 책임’을 유산으로 남겨 준 아이들을 기억하며, 국민께 진심으로 감사드립니다.불행하게도 얼마 전 두 분 학부모께서 아이들 곁으로 가셨습니다. 다시는 손을 놓치지 않겠다는 마음으로 아이들과 약속한 안전한 나라를 되새깁니다. 4·16생명안전공원, 국립안산마음건강센터 건립을 차질 없이 진행하고, 진상규명에 최선을 다하겠습니다. 우리가 코로나19 이후 돌아갈 일상은 지금과 확연히 다를것입니다. 새로운 삶도, 재난에 대한 대응도 철저히 준비하겠습니다. 그리움으로 몸마저 아픈 4월입니다. 마음을 나누면 슬픔을 이길 수 있고, 누군가 옆에 있다고 믿으면 용기를 낼 수 있습니다. 우리는 언제나 서로가 서로에게 희망입니다. 세월호 유가족께 깊은 위로를 전하며, 부디 건강하시기 바랍니다."
1401223,문재인,사회적경제주간 행사 축사,2020.07.02,국내,축사,"사회적경제인 여러분!2020년 사회적경제주간을 국민과 함께 축하합니다. 코로나19로 인해 매년 개최되던 사회적경제 박람회 대신 온라인으로 여러분을 만나게 되었습니다. 행사 자체는 축소되었지만 연대와 협력이라는 사회적경제의 가치 만큼은 그 어느 때보다 커졌습니다. 사회적경제기업들은 코로나19로 인한 경영난 속에서도 사람을 줄이는 손쉬운 길 대신 ‘고용조정 제로’를 선언했습니다. 사회적기업 공감씨즈는 대구 의료진에게 숙소를 무상으로 제공했고, 소셜벤처 그로잉맘은 휴원·휴교에 따른 육아부담을 함께 나누며 상생으로 코로나19 극복의 모범을 만들어 주셨습니다. 여러분은 모두를 위한 경제를 실천하고 계신 분들입니다. 어려울 때 나보다 우리를, 소유보다 나눔을 실천하신 여러분께 존경과 감사의 말씀을 드립니다.불과 10여 년 전만 해도 사회적기업이라는 이름조차 낯설었지만 이제 사회적 경제기업이 2만 5,000개에 달하고 26만 명이 넘는 일자리를 만들고 있습니다. 특히 고용인원 가운데 60% 이상이 취약계층입니다. 여러분의 헌신으로 이윤보다 사람과 공동체의 가치를 중시하게 되었고, 사람중심의 함께 잘사는 나라에 한걸음 더 다가갈 수 있게 되었습니다. 정부도 출범 초부터 사회적경제의 가치에 주목했습니다. ‘사회적경제 활성화’를 국정과제로 채택했고, ‘사회적경제 활성화 종합대책’을 시작으로 금융, 소셜벤처, 인재양성 등 다양한 정책을 추진해 왔습니다. 앞으로도 공공구매 확대를 비롯해 사회적경제기업의 자생력을 키우고 일자리를 늘리는 선순환 구조를 만드는 데 역량을 집중할 것입니다. 오랫동안 국회에 계류되어온 ‘사회적경제 3법’이 제정될 수 있도록 21대 국회의 협조도 당부드립니다.역사적으로 위기 때마다 불평등과 양극화가 심화되었던 아픈 경험이 있습니다. 사회적경제는 이를 치유하려는 고민에서 출발했습니다. 코로나19를 이겨내는 과정에서 사회적경제인 여러분이 함께 잘사는 포용국가를 만들어 가는 주역이 되어 주기 바랍니다. 진정한 위기극복은 상생으로 완성됩니다. 정부도 여러분의 노력이 결실을 맺도록 지원을 아끼지 않겠습니다.감사합니다."
1401943,문재인,수석·보좌관회의,2020.07.06,국내,회의,"정부의 3차 추가경정예산안이 제출된 지 한 달 만에 국회를 통과했습니다. 정부의 희망보다는 늦었지만 6월 임시국회 회기 내에 처리된 것은 천만다행입니다. 코로나19 국난극복을 위해 빚을 내면서 마련한 긴급예산입니다. 일자리와국민의 삶을 지키고, 기업을 보호하기 위해 신속하면서도 효과적으로 쓰이도록하겠습니다. 야당이 함께하지 못해 아쉽지만, 국회가 추가경정예산안을 심의하는 과정에서 최근 달라진 상황을 반영하는 예산 증액과 청년들의 어려움을 덜어주기 위한 예산 증액에 특별히 관심을 기울여 준 것에 감사드립니다.정부의 추가경정예산안을 일부 삭감·조정하여 노사정 합의 정신을 존중한5,000억 원의 고용안정지원금 증액, 청년들의 주거·금융·일자리의 어려움을 덜어 주기 위한 4,000억 원 추가 지원, 대학의 자체적인 노력을 전제로 대학등록금부담을 경감하기 위한 1,000억 원의 간접지원 등이 대표적입니다. 정부는 그 뜻을 살려 한 치의 소홀함 없이 집행하겠습니다.이제 국회를 통과한 추가경정예산을 신속하게 집행하는 일이 중요합니다. 그동안 정부는 올해 본예산과 1·2차 추가경정예산을 목표보다 훨씬 빠른 속도로 집행해 왔습니다. 특히 6월 말 기준으로 1차 추가경정예산은 92.3%, 재난지원금이 포함된 2차 추가경정예산은 96%를 집행하는 등 매우 높은 집행률을 보여 왔습니다.3차 추가경정예산도 지방자치단체와 적극적으로 협력하여 속도감 있게 집행해 주기 바랍니다. 통과된 추가경정예산의 내용을 적극적으로 홍보하여 어려운 국민과 기업들이 지원대책을 몰라서 도움받지 못하는 일이 없도록 각별히 신경써주기 바랍니다.오늘부터 7월 임시국회가 시작됩니다. 21대 국회의 출범에 진통을 겪었지만,이제부터라도 여야가 협력하고 국회가 정상적으로 가동되길 바라는 국민의 요구가 외면되지 말기를 바랍니다.코로나19 위기상황과 포스트 코로나 시대의 격변 속에서 협치는 더욱 절실합니다. 거대한 세계사적 변화 속에 세계 각국이 생존을 위해 몸부림치는 상황에서우리도 예외가 아닙니다. 국가의 명운을 걸고 범국가적 역량을 모아야 합니다.코로나19 국난으로 어려운 시기에 방역과 경제, 민생을 위해 작은 차이를 내세우기보다 국민을 바라보고 손을 잡고 협력해야 합니다.우리의 목표는 코로나19로 인한 경제 타격을 최소화하고, 세계에서 가장 먼저경제위기를 극복하는 것입니다. 이 목표는 방역의 성공이 있었기에 세울 수 있는목표이고, 방역의 성공이 있었기에 실현 가능한 목표입니다. 국민께서 방역을 성공시켜 주셨으니, 이제 정치가 뒤를 이어 위기 극복의 역할을 함께해 나가기를기대합니다.전 세계적으로 코로나19 일일 신규 확진자 수가 사상 최고를 기록하고, 2차 대유행의 우려도 커지는 상황에서 국내에서는 정부와 의료진, 국민께서 있는 힘을다해 선방하고 있습니다.국회의 역할과 책임 또한 적지 않습니다. 질병관리본부를 질병관리청으로 승격하는 조직개편안을 신속하게 처리하고, 법과 제도를 보완하고 정비하는 등 다방면에서 방역체계를 더욱 튼튼히 구축하기 위한 역할을 다해 주시기 바랍니다.경제·민생에 대한 입법도 속도를 내주시기 바랍니다. 20대 국회에서 회기 종료로 폐기된 법안들부터 신속히 논의하여 처리해 주시기 바랍니다.지금 최고의 민생과제는 부동산 대책입니다. 세계적으로 유동자금은 사상 최대로 풍부하고 금리는 사상 최저로 낮은 상황에서, 정부는 최선을 다해 부동산투기를 억제하고 실수요자를 보호하며 서민과 청년들의 주거안정을 위한 대책을 강력히 추진해 나가겠습니다.국회도 협조해 주시기 바랍니다. 이미 작년에 내놓은 12·16대책과 최근의6·17대책은 물론 곧 내놓을 정부의 추가대책까지 포함하여 국회에서 신속히 입법으로 뒷받침해 주어야 실효를 거둘 수 있습니다. 국회가 스스로 법으로 정한절차에 따라 국회의 기본적 의무도 다해 주시기 바랍니다. 입법부 스스로 법을무너뜨리는 과오를 범하지 말아야 합니다. 특히 국민의 오랜 염원인 고위공직자범죄수사처가 법대로 7월에 출범하려면 고위공직자범죄수사처장을 비롯해 국회가 결정해 주어야 할 일이 많습니다. 절차에 따라 고위공직자범죄수사처장 후보를 추천해 줄 것을 국회에 공문으로 요청드린 바 있으나 이미 많이 늦어지고 있습니다. 더 이상 지체하지 말고 후보 추천과 인사청문회를 기한 안에 열어 주실것을 당부드립니다."
1401946,문재인,제37회 국무회의,2020.07.21,국내,회의,"한국판 뉴딜은 국내 공간적으로는 수도권 중심에서 지역 중심으로 국가발전의 축을 이동시키겠다는 의지를 담고 있습니다. 단기적으로 지역경제 회복의 발판이 되고 중장기적으로는 국가균형발전을 한 차원 높여 주는 역할을 하게 될것입니다.한국판 뉴딜의 핵심 투자처가 지역입니다. 정부가 직접 투입하는 114조 원의재정 대부분이 지역에 투자됩니다. 지역에 새로운 산업과 지속가능한 일자리를 만들며, 지역주민의 삶의 질을 획기적으로 변화시켜 전국을 고르게 발전시켜 나가는 데 큰 기여를 하게 될 것입니다.한국판 뉴딜의 간판이 되는 대표사업들 상당수가 지역 변화의 상징이 될 것으로 기대합니다. 그린 스마트 스쿨은 단순히 학교 대개조를 넘어 지역사회의 디지털과 그린 전환의 거점이 될 수 있습니다. 스마트 그린 산단은 지역 제조업의 근본적 혁신을 통해 지역경제 활성화와 새로운 일자리 창출에 기여할 것이며, 그린리모델링, 스마트시티, 스마트 상하수도, 전선 지중화 등도 주민의 삶의 터전을바꾸고 삶의 질을 한 단계 높여줄 것입니다. 특히 해상풍력과 태양광 등 그린 에너지 사업은 지역의 새로운 먹거리가 되고, 지역밀착형 일자리를 창출하며, 주민참여형 이익공유 방식으로 지역주민에게 새로운 소득을 보장하는 기회를 만들어줄 것입니다.한국판 뉴딜은 우리 정부가 추진해온 국가균형발전 정책과 긴밀히 결합하여지역발전의 속도를 더욱 가속화하면서 균형발전의 완성도를 높여줄 것입니다.혁신도시는 균형발전 뉴딜의 거점으로 다시 힘을 얻게 될 것입니다. 공공기관·기업·대학이 함께 협력하며 지역인재 양성과 지역혁신을 주도하여 지역에서부터 디지털과 저탄소 경제를 실현해야 합니다. 비수도권 14개 시·도 모든 곳에 이미 지정을 마친 21개 규제자유특구는 지역특화형 미래산업으로 한국판 뉴딜에앞장설 수 있습니다. 예비타당성조사 면제로 속도감 있게 추진하고 있는 총 25조 원의 국가균형발전 프로젝트도 디지털과 그린이 접목된 SOC 사업으로 품격이 높아질 것입니다.한국판 뉴딜이 계속 진화해 나갈 중심에 지역이 있습니다. 정부는 ‘지역 주도형 뉴딜’을 추진하고자 합니다. 우리는 이미 방역과 경제위기 대응에서 지역의 다양한 시도가 모범을 창출한 경험이 있습니다. 지역 특성에 맞는 창의적 아이디어가 지역 뉴딜로 살아난다면 한국판 뉴딜은 더욱 수준 높게 진화하고 폭넓게발전할 수 있을 것입니다.지방자치단체의 역할이 매우 중요합니다. 지방자치단체가 한국판 뉴딜을 지역에서 구현하고 창의적인 지역 뉴딜을 만들어내는 주역입니다. 지방자치단체가지역 뉴딜의 성공사례를 만들어낸다면 전국 규모의 뉴딜사업으로 확장될 수 있을 것입니다. 정부는 사업성과 일자리 창출 능력이 높은 지역균형 뉴딜사업을 적극적으로 지원하겠습니다. 전북형 뉴딜, 경남형 뉴딜과 같이 지역별로 좋은 모범사례들이 많이 만들어지길 기대합니다.정부는 한국판 뉴딜의 성공을 위해 지방자치단체와 소통을 강화하고 중앙과지방 간에 강력한 협력체계를 구축하겠습니다. 대통령과 시·도지사가 함께하는 ‘한국판 뉴딜 연석회의’를 개최하겠습니다. 한국판 뉴딜이 지역의 활력이 되고 국가균형발전의 속도를 높이는 새로운 전환점이 되도록 최선을 다하겠습니다.오늘 국무회의에서 8월 17일을 임시공휴일로 지정하는 안을 결정합니다. 코로나19 장기화로 지친 국민께 짧지만 귀중한 휴식의 시간을 드리고자 합니다. 현충일과 광복절이 주말과 겹쳐 쉴 수 있는 공휴일이 줄어든 것을 감안했습니다.모두의 안전을 위해 불편을 감수하며 묵묵히 이겨내고 있는 국민께 작은 위로가되었으면 하는 바람입니다.택배업계에서도 8월 14일을 택배 없는 날로 지정했다는 따뜻한 소식을 들었습니다. 코로나19 위기 속에서 휴식의 기회를 갖지 못하고 더욱 바빠진 택배 노동자들이 쉴 수 있는 권리를 짧게라도 누릴 수 있게 되어 다행입니다. 특별히 응원하며, 좋은 휴식의 시간이 되길 바랍니다.임시공휴일이 지정되더라도 편히 쉴 수 없는 분들이 주위에 많습니다. 방역 현장을 지켜야 하는 분들, 연휴 없이 일해야 하는 분들, 공장 문과 상점 문을 닫을수 없는 분들에 대한 연대와 배려의 마음 또한 잊지 않는 공휴일이 되었으면 합니다. 정부는 임시공휴일이 지정되더라도 국민의 생활에 불편이 없도록 세심하게 살펴 주기 바랍니다."
1401255,문재인,더불어민주당 주요 지도부 초청 간담회,2020.09.09,국내,기타,"국회 일정과 당 일정이 바쁘실 텐데 초청에 응해 주셔서 감사합니다. 이낙연 대표님, 박광온 사무총장님, 한정애 정책위의장님을 비롯해 신임 지도부의 구성과 출발을 진심으로 환영합니다. 그리고 축하드립니다. 국민께서도 앞으로 우리당이 좀 더 겸손한 자세로 국민 뜻을 잘 받들면서 국난극복에 앞장서는 당이 되리라는 높은 기대를 할 것으로 생각합니다. 아마 당원 동지들의 기대도 매우 클것이라고 보고, 저 역시 아주 큰 기대를 하고 있습니다.평소 총선을 마치면 의원님들, 당 지도부, 원내대표부를 두루 청와대로 초청해서 함께 소통하고 단합하는 기회를 가져 왔는데, 이번에는 코로나19 때문에 그런 기회를 얻지 못했습니다. 오늘도 강화된 사회적 거리두기 때문에 당 지도부 모두를 모시지 못하고 당 지도부 가운데서도 주요 지도부 몇 분만 모시게 되었고, 음식도 대접하지 못하게 되었습니다. 양해해 주시기를 부탁드립니다. 앞으로 코로나19 상황이 좀 안정되어 나가면 당 최고위원단, 원내대표단, 상임위원장 그리고 의원님들을 청와대로 모셔 서로 소통하는 시간을 가지도록 하겠습니다.우선은 의원님들께, 특히 아직 한 번도 만나 보지 못한 초선 의원님들께 그런 미안한 심정을 잘 전해 주시기 바랍니다.코로나19 재확산으로 국민께서 아주 허탈해하시고, 그 때문에 더욱 견디기 힘든 상황이 된 것 같습니다. 민생경제 측면에서도 내수가 살아나는 듯이 보였다가 그것이 한순간에 뜻밖의 재확산 때문에 급격히 추락해서 소상공인 분들, 자영업자 분들, 서비스업에 종사하는 분들이 입는 경제적 타격이 너무나 큽니다. 국민의 삶이 무너지는 모습이 우리 눈에도 보일 정도여서 정말 안타깝고 가슴이 아픕니다.국가적으로 아주 위중하고, 민생경제나 국민의 삶에서도 아주 엄중한 상황이기 때문에 과거 어느 때보다 협치가 중요하게 되었다고 생각합니다. 여야 간의 협치 또 나아가서는 여·야·정 간의 합의 또는 정부와 국회 간의 협치를 지금처럼 국민께서 절실히 바라는 시기가 없었다고 생각합니다. 그런 면에서 생각하면 엊그제 이낙연 대표님께서 국회 대표연설에서 우분투(ubuntu : ’당신이 있어 내가 있다‘는 아프리카 반투족 말)라는 키워드로 정말 진정성 있게 협치를 호소하고 제안하신 것에 대해 국민께서 아주 긍정적으로 받아들이고 있습니다. 야당에서도 호응하는 논평이 나왔는데, 야당의 호응이 일시적인 논평에 그치지 않고 실천으로 이어져서 여야 간의 협치가 복원되는 계기가 되기를 바라 마지않습니다.마침 지난 7일 여야 간 합의로 ‘가족돌봄휴가 연장법’이 의결되었는데, 저는 그 모습을 보면서 정말 기뻤습니다. 비대면 수업이 계속 연장되면서 많은 국민께서 아이들 돌봄에 큰 어려움을 겪게 되었는데, 그나마 적지 않은 도움이 되리라 생각합니다. 우선은 국민의 어려움에 국회가 아주 시급하게 한마음으로 해결책을 제시했다는 점에서 큰 의미가 있고, 특히 대표님께서 제안하셨던 정책 협치의 아주 좋은 모델이었다고 생각합니다. 이것을 계기로 정부와 국회 간, 여야 간, 여·야·정 간 협치가 더욱 발전해 나가길 바랍니다. 그 주역이 여당이 되어 주시기를 바라고, 또는 촉매 역할도 해 주시기를 바랍니다. 정부도 할 수 있는 노력은 최선을 다하겠습니다.지금 당정 간의 여러 가지 관계는 거의 환상적이라고 할 만큼 아주 좋은 관계라고 생각합니다. 그동안 여러 가지 어려움을 겪으면서 국난극복 대책을 함께 마련해 왔고, 내일 비상경제회의에서 확정될 4차 추가경정예산안, 긴급재난지원 방안의 마련 그리고 지금의 국난극복뿐만 아니라 포스트 코로나 시대에 한국을 선도국가로 발전시켜 나가기 위한 한국판 뉴딜 정책의 마련에 이르기까지 당정이 아주 긴밀하게 협의해서 우리가 할 수 있는 최선의 방안을 찾아 주셨습니다. 국난극복에 있어서 ‘문재인정부가 바로 민주당정부다.’라는, 당정이 하나가 되는 마음으로 임해 나간다면 국민께 더 큰 희망이 되고 국난극복의 가장 빠른 지름길이 되지 않을까 생각합니다.앞으로도 두루 협력해 주시기를 당부드리고, 오늘 좋은 말씀 부탁드리겠습니다.감사합니다."
1401260,문재인,한국판 뉴딜 현장 방문④ 창원 스마트그린 산업단지,2020.09.17,국내,기타,"존경하는 국민 여러분, 경남도민과 창원시민 여러분!우리는 코로나19를 이겨내야 하고 동시에 경제를 살려야 합니다. 단지 회복하는 것이 아니라 새로운 경제로 더 큰 번영을 이뤄야 합니다.지금 창원국가산업단지는 ‘스마트그린 산업단지’로 변모하면서 한국판 뉴딜의 상징이 되고 있습니다. 저는 오늘 창원에서 포스트 코로나 시대 대한민국 경제의 희망을 봅니다. 코로나19의 어려움 속에서도 전진하고 있는 대한민국 경제를 국민께 소개하고 싶습니다.세계는 지금 디지털과 그린에 집중하며 코로나19 이후 시대를 발 빠르게 준비하고 있습니다. 우리나라에서는 창원이 한발 앞서가고 있습니다. 데이터, 네트워크, 인공지능 기술로 생산성을 높이면서 동시에 깨끗한 에너지로 환경오염을 줄일 수 있다면 그야말로 산업단지의 대혁신입니다. 그 대혁신이 바로 창원산업단지에서 벌어지고 있습니다. 스마트그린 산업단지로 디지털 경제와 저탄소 경제를 동시에 실현하고 있습니다.스마트그린 산업단지는 추격형 경제에서 선도형 경제로 거듭날 제조업 혁신전략이자 우리 경제의 나침판이 될 것입니다. 또한 지역경제를 살릴 국가균형발전 전략이 될 것입니다. 과감한 도전에 나서 주신 경남도민과 창원시민, 경남의 기업들과 김경수 지사를 비롯한 관계자 여러분께 뜨거운 응원의 박수를 보냅니다.경남도민, 창원시민 여러분!정부는 그동안 중소기업 제조혁신 전략, 제조업 르네상스 전략을 수립하고, 스마트공장 확대와 스마트 산업단지 조성에 힘써 왔습니다. 창원, 반월·시화, 남동, 구미 등 일곱 곳을 스마트 산업단지로 지정했고, 기업들과 힘을 모아 전국에 1만 6,000개가 넘는 스마트공장을 건설했습니다. 창원국가산업단지는 반월·시화공단과 함께 전국 최초의 스마트 선도 산업단지로 선정되었으며, 산업단지 내 260개의 스마트공장과 함께 제조업과 IT산업의 융합, 새로운 서비스 산업을 일으키고 있습니다. 생산의 공간을 넘어 혁신의 공간으로 21세기형 산업단지로 빠르게 변모하고 있습니다. 오늘 태림산업의 스마트공장에서 제품을 생산하는 양팔 로봇, 데이터 분석으로 품질을 관리하는 모습을 보았습니다. 스마트공장이 일자리를 없앤다는 편견을 깨고 해외 바이어의 신뢰를 높여 수출이 늘었고, 고용이 더 늘어났다는 반가운 소식도 들었습니다.태림산업처럼 스마트공장을 도입한 경남 지역 기업들은 평균 22% 이상 매출과 수출이 늘었고, 일자리 역시 2.6% 증가했습니다. 전자기술연구원과 자동차연구원이 경남에 설립되었고, 스마트공장 기술을 보유한 대기업과 IT 기업들이 투자를 결정하며 동남권으로 모이고 있습니다.덕분에 일자리를 찾아 수도권으로 향했던 청년들도 지역에서 꿈을 이루게 되었습니다. 산・학・연과 함께하는 인력양성 사업을 통해 지역 청년들이 지역 발전의 주역으로 거듭나고 있습니다. 부산・울산・경남의 제조업 혁신에도 큰 힘이 될 것입니다.국민 여러분!스마트그린 산업단지는 포스트 코로나와 기후변화 시대의 새로운 경쟁력입니다. 디지털 기술로 에너지 소비와 환경오염을 줄이면서 신재생에너지 같은 신산업 성장과 함께 일자리를 늘릴 것입니다. 산업단지는 우리나라 전체 에너지의 40%를 소비하고 있습니다. 환경을 지키기 위한 그린 산업단지 전환은 선택이 아닌 필수입니다. 정부는 스마트 산업단지를 넘어 스마트그린 산업단지로 대한민국 경제의 경쟁력을 더욱 높일 것입니다. 2025년까지 스마트 산업단지 일곱 개 모두 스마트그린 산업단지로 전환하겠습니다. 생산은 12조 3,000억 원 더 늘고, 신규 일자리 3만 3,000개를 만들어낼 것입니다. 이를 위해 세 가지 전략을 세우고 총3 조 2,000억 원을 투자하겠습니다.첫 번째 전략은 산업단지를 더 빠르게 디지털화하고 주력업종을 고도화하는것입니다. 2025년까지 산업단지 내 스마트공장 보급률을 지금의 5%에서 20%로 늘리겠습니다. 산업단지의 데이터 댐인 혁신데이터센터를 설립하여 인공지능 기술로 제품의 품질 향상과 공정 개선을 돕겠습니다. 자율주행 셔틀과 무인특장차 등 스마트물류 플랫폼을 도입하고, 통합관제시스템으로 안전사고를 획기적으로 줄일 것입니다. 산업단지별 업종 제한을 과감히 풀고, 규제 샌드박스를 적용하여 지능형 로봇, 미래차, 바이오・헬스, 5G 같은 첨단 신산업을 산업단지의 주력업종으로 새롭게 성장시킬 것입니다.두 번째 전략은 저탄소·고효율 에너지를 실현하는 것입니다. 클린팩토리 700개를 구축해 제조공정 단계에서 환경오염물질을 원천적으로 제거하고, 버려지는 폐기물은 다른 기업의 원료로 재활용하는 생태산업개발 사업을 육성할 것입니다. 수소발전소, 천연가스 등 청정에너지 사용을 확대하고, 100% 신재생에너지로 제품을 생산하는 RE100(Renewable Energy 100%) 시범사업을 추진할 계획입니다. 시내버스를 수소버스와 전기버스로 교체하고, 개별 공장에 에너지관리시스템을 보급하여 데이터에 기반한 수요관리로 에너지를 절약하겠습니다. 2025년까지 에너지 효율이 15% 이상 향상되고, 산업단지 내 신재생에너지 발전 비중이0.6%에서 10%로 늘어날 것입니다.세 번째 전략은 지역 상생형 일자리를 늘리는 것입니다. 스마트그린 산업단지 성공의 관건은 사람입니다. 지역 대학과 협력하여 인공지능・빅데이터 인재를 육성하고 복합문화센터, 아름다운 거리 조성, 행복주택을 건설하여 누구나 일하고싶고, 살고 싶은 환경을 만들 것입니다. 지역 상생형 일자리를 통해 더 많은 지역 인재 일자리가 만들어지길 기대합니다.존경하는 국민 여러분, 경남도민과 창원시민 여러분!우리는 서구의 산업화를 따라잡기 위해 1960년대가 되어서야 산업단지를 건설했지만 불과 반세기 만에 세계 6위의 제조업 강국이 되었고, 세계 10위권 경제를 이룩했습니다. 대한민국은 이제 어제의 대한민국이 아닙니다. 우리는 IT 강국으로 수소차 같은 그린 경제에도 앞서나가며 한류와 영상산업뿐 아니라 코로나19 방역에서도 세계를 선도하고 있습니다. 한국판 뉴딜의 상징 스마트그린 산업단지는 포스트 코로나 시대 K-경제의 주역이 될 것입니다. 경남에서 시작된 스마트그린 산업단지의 열기가 전국 곳곳으로 퍼져나가 지역과 대한민국 경제에 새로운 희망이 될 것입니다.이제 지역이 혁신의 주역입니다. 경남 창원과 함께, 전국의 스마트 산업단지와 함께 정부도 힘껏 뛰겠습니다.감사합니다."
1401271,문재인,제72주년 국군의 날 기념식,2020.09.25,국내,기념사,"존경하는 국민 여러분, 국군장병 여러분!역사상 처음으로 육군 특수전사령부에서 제72주년 국군의 날 기념식을 하게 되었습니다. 오늘 특수전 장병들과 함께 국군의 날을 축하하고 국민께 우리 국군의 미래비전을 선보이게 되어 매우 기쁩니다. 지금도 국가안보와 세계 평화의 현장에서 헌신하고 있는 국군장병과 해외파병 장병을 격려하며, 참전유공자와 예비역, 유엔 참전용사와 주한미군 장병들에게 깊이 감사드립니다.우리는 오늘의 대한민국이 애국선열들의 희생 위에 세워졌다는 것을 한시도 잊을 수 없습니다. 호국영령들과 유가족께 각별한 경의를 표하며, 특히 임무 수행 중에 장렬히 산화한 특전영웅 사백일흔여덟 명의 영면을 기원합니다.국민 여러분!특전사는 대한민국을 대표하는 특수전 부대입니다. 6·25전쟁 당시 계급도 군번도 없이 죽음을 무릅쓴 8240유격부대, 일명 켈로(KLO)부대 용사들의 전통을 이어받은 명예로운 부대입니다. 실전보다 더 실전 같은 혹독한 훈련으로 특전용사들은 일당백의 자신감을 갖고 있으며, “안 되면 되게 하라.”라는 정신은 작전 수행을 성공으로 이끄는 힘이 될 뿐 아니라 국민께도 자긍심을 심어 주고 있습니다.우리 국군의 뿌리가 광복군이듯 특수전 역시 광복군 역사에서 시작되었습니다. 1945년 4월 광복군 독수리 요원들은 조국 광복의 일념으로 미국 첩보부대 OSS와 함께 ‘독수리 작전’을 시작했습니다. 혹독한 훈련을 수행했고, 폭파술과 사격술, 산악유격 능력을 갖춘 서른여덟 명의 특전용사로 거듭났습니다. 일제의 항복으로 실제 작전은 이뤄지지 못했지만 독수리처럼 날아 광복의 교두보를 계획한 광복군의 정신은 오늘 각 군 특수전 부대원들의 심장에 계승되고 있습니다.해군 특수전전단은 청해부대의 핵심 전력으로 ‘아덴만의 여명 작전’을 통해 실전에 강한 대한민국 특수부대의 역량을 전 세계에 알렸습니다. 해군 해난구조대는 전군 최고 수준의 수중작전능력으로 극한의 재해·재난 환경에서 국민의 생명과 재산을 보호하고 있습니다. 공군 항공구조사는 어떠한 악조건 속에서도 동료 파일럿을 구조할 준비가 되어 있으며, 공정통제사는 원활한 공중작전의 교두보를 마련하기 위해 언제든 위험한 적지에 가장 먼저 침투할 것입니다.상륙부대의 눈과 귀 역할을 하는 해병 특수수색대까지 특수전 부대원들은 강하고 뛰어난 대체불가의 정예 군인들입니다. 평시에는 국민의 생명과 재산을 지키고, 어떤 임무든 목숨을 걸고서라도 완수해내고야 마는 특수전 장병들이 참으로 자랑스럽습니다. 국민께서도 항상 든든하게 생각하실 것입니다. 군 최고통수권자이자 선배 전우로서 깊은 신뢰와 애정을 보냅니다.국군장병 여러분!확고한 안보태세를 지키는 데에는 전후방이 따로 없습니다. 올해는 특히 코로나19와 자연재해라는 새로운 안보위협에 맞서 특별한 태세를 갖추느라 노고가 많았습니다. 국방신속지원단을 통해 인력·시설·장비 등 군이 동원할 수 있는 모든 자산을 방역에 투입했습니다. 취약 지역에는 3만 2,000 병력이 소독기와 제독차를 끌고 찾아가는 방역지원 작전을 펼쳤습니다. 마스크와 의료용품은 공군 수송기에 실려 전국 의료시설과 해외 교민들에게 전해졌고, 고국 땅으로 돌아오려는 교민들도 공군이 안전하게 모셨습니다.유난히 길고 거센 장마와 태풍이 덮친 침수피해 지역으로 달려가 복구에 앞장선 것도 우리 육·해·공군이었습니다. 무엇보다 장병들 사이에 코로나19가 확산되지 않도록 최선의 노력을 다해 준 것을 치하합니다. 우리 군은 방역당국 기준보다 강력한 조치로 훌륭하게 방역에 대응해 주었고, 장병들은 전우와 조국을 먼저 생각해 주었습니다.민족의 대명절 추석을 앞둔 지금까지 묵묵히 인내하며 헌신하고 있는 전국의 장병들, 면회와 휴가제한으로 그리움을 견디고 계신 가족 여러분께 위로와 격려의 인사를 전합니다.국민 여러분!우리는 코로나19 위기 앞에서도 누구도 넘볼 수 없는 포괄적 안보 역량을 믿고 방역과 경제에 집중하고 있습니다. 나는 오늘 이 자리에 우리 기술로 개발 중인 첨단기술자산, 전술 드론과 무인전투차량의 호위를 받으며 역대 대통령 최초로 국산 전술지휘차량을 이용해 도착했습니다.행사장 하늘을 채운 해군과 공군 특수전 부대의 세계 최강 대형공격헬기 아파치, 블랙호크와 한국형 중형기동헬기 수리온의 위용에서 평화를 만드는 미래 국군의 모습을 충분히 확인하셨을 것입니다. 미래 국군은 전통적인 안보위협은 물론 코로나19와 같은 감염병, 테러와 재해·재난 같은 비군사적 위협에도 대응해야 합니다. 4차 산업혁명 시대에 등장할 새로운 개념과 형태의 전쟁에도 대비해 디지털 강군, 스마트 국방의 구현을 앞당겨야 합니다.정부는 지난 8월 ‘국방개혁2.0’을 성공적으로 완수하기 위한 국방중기계획을 발표했습니다. 2021년부터 2025년까지 5년간 301조 원의 재원을 투입하여 평화를 지키고 평화를 만드는 혁신 강군을 구축하겠다는 비전과 포부를 담았습니다. 미래 국군의 강력한 힘은 우리 과학기술의 역량으로 만들어질 것입니다.올해 ‘한미 미사일 지침’을 개정해 탄두 중량의 제한해제에 이어 우주발사체에 고체연료를 사용할 수 있는 길이 열렸습니다. 한국군 최초 군사전용 통신위성 아나시스(ANASIS) 2호에 이어 고체 우주발사체로 잠재적 위협을 실시간으로 감시할 수 있는 정찰위성을 쏘아 올릴 능력을 갖춰 나갈 계획입니다.현재 우리 육군이 보유하고 있는 사거리 800Km급 탄도미사일, 1,000Km급 순항미사일보다 더 정확하고 강력하며, 더 먼 곳까지 날아가는 미사일이 우리 땅을 지키게 될 것입니다. 해외에서 발생하는 초국가적 위협과 비군사적 위협에 신속하게 대응하는 다목적 군사기지 역할을 수행할 3만 톤급 경항모 사업이 내년부터 본격적으로 시작됩니다. 기존 대형 수송함의 두 배 가까운 수송 능력을 갖춘 경항모와 무장탑재 능력과 잠항능력을 대폭 향상한 잠수함 전력은 우리 바다는 물론 우리 국민이 다니는 해상교통로를 보호할 것입니다.국산 전투기 보라매 시제기가 최종 조립단계에 들어섰고, 전투기의 눈 최첨단 에이사(AESA) 레이더 시제품도 출고되어 체계통합을 준비하고 있습니다. 목표대로 2026년 보라매 개발이 완료되면 대한민국은 순수 자국 기술력으로 고등 전투기를 보유한 세계 열세 번째 나라, 강한 공군력을 갖춘 나라로 도약하게 될 것입니다.우리의 로봇, 드론, 자율주행차, AI와 같은 4차 산업혁명 기술을 활용한 무인 전투체계도 본격적으로 개발합니다. 소형정찰로봇, 무인수색차량, 무인잠수정, 수중자율기뢰탐색체, 정찰드론, 통신중계드론, 중대형 공격드론을 전력화하여 수색·정찰 같은 위험한 업무에서 장병들을 대신하게 하겠습니다.정부는 ‘국방개혁2.0’과 국방중기계획을 반영한 2021년도 국방예산을 국회에 제출했습니다. 올해 대비 총 5.5% 증액한 52조 9,000억 원 수준입니다. 특히 미래 국군 건설의 기반이 될 국방 연구·개발 예산을 8.5% 늘린 4조 2,500억 원으로, 핵심기술 개발 예산과 각종 부품 국산화 개발 지원예산을 올해보다 50% 이상 대폭 늘려서 배정했습니다. 국산 첨단무기체계 확보와 감염병과 같은 비전통적 위협에 대한 대응, 국내 방위산업의 육성도 예산안에 담았습니다.국방의 의무를 묵묵히 다하는 청년들에게 국가는 책임을 다해야 할 것입니다. 내년 병 봉급은 병장 기준 60만 8,500원으로 예산을 편성했고, 병사들의 단체보험제도를 도입할 예정입니다. 의무복무 중 발생한 질병에 대해 국가의 책임을 강화했고, 복무 중 발병한 중증·난치성질환 의료지원도 확대했습니다. 전역 후에만 가능했던 국가유공자, 보훈대상자 신청을 복무 중에도 가능하도록 법과 제도를 개선했습니다. 복무 중 입은 부상을 치료하는 데 공백이 생기지 않을 것입니다.새로운 세대 장병들의 눈높이에 맞게 복무 여건과 시설, 인권문제를 포함하여 병영문화를 획기적으로 개선하기 위한 노력도 꾸준히 계속해 나가겠습니다. 깨지지 않을 신뢰로 여러분의 헌신에 보답하겠습니다.존경하는 국민 여러분, 국군장병 여러분!올해는 봉오동·청산리 전투 승리 100년이 되는 해입니다. 우리 독립군은 독립전쟁의 첫 대승을 시작으로 목숨을 건 무장투쟁을 하루도 빠짐없이 계속해 왔고, 호국필승의 역사는 오늘의 국군장병들에게 면면히 이어지고 있습니다. 나라를 지키는 것에는 낮과 밤이 없으며, 누구에게 맡길 수도 없습니다. 오늘 우리는 제72주년 국군의 날을 맞아 조국의 안전과 평화를 만드는 강한 미래 국군으로 거듭날 것을 국민 앞에서 굳게 다짐합니다.우리 자신의 힘으로 누구도 넘볼 수 없는 강한 안보태세를 갖춰야 평화를 만들고, 지키고, 키울 수 있습니다. 정부와 군은 경계태세와 대비태세를 더욱 강화하는 한편 국민의 생명과 안전을 위협하는 그 어떤 행위에 대해서도 단호히 대응할 것임을 국민께 약속드립니다.국민께서도 더 큰 신뢰와 사랑으로 늠름한 우리 장병들과 함께해 주시기 바랍니다.감사합니다."
1401289,문재인,도서 추천 메시지,2020.10.24,국내,기념사,"<옛 그림으로 본 서울>모처럼 좋은 책을 한 권 읽었습니다.평생 한국 미술사에 매달려온 미술사학자 최열 선생의 《옛 그림으로 본 서울》입니다. 부제가 ‘서울을 그린 거의 모든 그림’인데, 저자가 알고 있는 옛 서울 그림은 거의 다 담겼다는 자부심이 배어 있습니다.실제로 125점의 조선시대 그림이 최고의 해설과 함께 수록되어 있으니, 저자로서도 출판사로서도 역작이라고 할 만합니다. 다만 보통 책값보다 두 배로 비싼것이 좀 부담입니다.지금의 서울은 한양 또는 한성이라고 부르던 옛 서울과 전혀 모습이 다릅니다. 강·하천·산·계곡이 모두 달라졌고, 사람이 손대지 못하는 부분만 옛 모습이 남았을 뿐입니다.눈부신 발전과 개발이 있었지만 그로 인해 잃어버린 것들도 많습니다. 우리가 좀 더 일찍 자연과 환경의 소중함을 알았더라면 하는 탄식을 하게 되지만 이제는 앞날의 교훈으로 삼을 뿐입니다.서울의 옛 모습은 그림으로밖에 볼 수 없습니다. 다행히 조선 중기부터 발전한 실경산수 또는 진경산수화에 단편 단편 옛 모습이 남아 있습니다. 저자는 위치가 확인되는 ‘거의 모든’ 그림을 화가와 그림의 내력까지 충실한 해석과 함께 보여줍니다.해설과 그림을 찬찬히 들여다보고 오늘날의 모습과 비교해 보노라면 읽고 보는 데 꽤 많은 시간이 걸립니다. 하지만 우리의 역사와 문화를 보는 재미가 있습니다. 조선시대 서울을 그린 진경산수화와 화가에 대한 사전과 같은 자료로서도 가치가 크다고 느낍니다."
1401970,문재인,수석·보좌관회의,2020.12.07,국내,회의,"지난달 19일과 24일 사회적 거리두기 단계를 연달아 격상한 데 이어 또다시 2주 만에 수도권의 거리두기를 2.5단계로 격상합니다. 그동안의 거리두기 단계 격상과 방역 강화조치의 성과로는 코로나19 확산세를 꺾지 못하고 있다는 판단에따른 것입니다. 방역조치의 강화에도 불구하고 코로나19 확산세를 꺾지 못하고,다시 단계를 격상함으로써 국민께 더 큰 부담과 불편을 드리게 되어 매우 송구하고 무거운 마음입니다.우리는 여러 차례 코로나19 확산의 위기를 극복해 왔지만 지금이 어느 때보다심각한 위기 상황입니다. 보이지 않는 감염과 전파가 일상의 공간에서 빠르게 퍼져 나가고 있고, 감염 경로를 파악하기 어려운 확진자도 늘고 있습니다. 현재의증가추세가 지속될 경우 병상과 의료인력 등 의료체계의 부담이 가중될 것을 염려하지 않을 수 없습니다.조속히 코로나19 확산의 고리를 차단하지 못하고 걷잡을 수 없는 전국적 대유행 상황으로 치닫게 된다면, 국민안전과 민생에 심대한 타격이 될 수밖에 없습니다. 정부는 백신과 치료제가 사용될 때까지 코로나19 확산세를 차단할 수 있는마지막 고비라고 인식하고, 비상한 각오로 방역에 총력을 기울이겠습니다.국민께도 강화된 방역수칙을 지켜주실 것을 다시 한번 당부드리지 않을 수 없습니다. 일상적인 생활공간 속에서 알지 못하는 사이에 전파되고 있기 때문에 국민 한 사람 한 사람의 자발적인 실천이 특히 절실한 때입니다. 마스크 쓰기, 밀접접촉 자제와 같은 방역의 기본만 잘 지켜도 감염의 확산을 막을 수 있습니다.특별히 성탄절과 연말연시를 맞이하는 국민께 당부드립니다. 지난 추석에 우리는 몸은 못 가도 마음으로 함께하는 명절로 방역에 힘을 모았습니다. 그 이상의 마음가짐이 필요합니다. 만나야 할 사람, 찾아가야 할 곳이 많겠지만 만남과이동을 최대한 자제하여 방역에 힘을 보태 주시길 간곡히 부탁드립니다.코로나19로 시작하여 코로나19로 끝나는 참으로 고단한 한 해입니다. 이미 전세계 코로나19 확진자 수가 6,600만 명을 넘어섰고, 사망자도 150만 명을 넘었습니다. 우리나라는 세계적 대유행 속에서도 방역에서 모범이 되어 왔습니다. 수학능력시험까지 무사히 치러낸 K-방역의 우수성에 대해 국제사회는 한결같이높게 평가하고 있습니다. 정부는 지금까지의 성과를 잘 이어나가 방역에서 유종의 미를 거둘 수 있도록 총력을 기울이겠습니다.방역과 민생에 너나없이 마음을 모아야 할 때 혼란스러운 정국이 국민께 걱정을 끼치고 있어 대통령으로서 매우 죄송한 마음입니다. 한편으로 지금의 혼란이오래 가지 않고, 민주주의와 개혁을 위한 마지막 진통이 되기를 간절히 바라고있습니다. 민주적 절차와 과정을 통해 문제가 해결되어 나간다면 우리의 민주주의는 보다 굳건해질 것입니다.우리나라는 경제뿐 아니라 민주주의와 인권, 방역과 보건·의료, 문화 역량, 외교적 위상 등 소프트파워에서도 빠르게 강국으로 발전하고 있습니다. 올해 코로나19 방역 과정에서 우리가 얻은 것이 있다면 바로 그것입니다. 까마득히 앞서있는 것처럼 보였고, 우리의 먼 미래처럼 보였던 나라들에 비해 우리가 크게 뒤지지 않으며, 오히려 우리가 앞서가고 모범이 되는 분야들도 있다는 사실을 우리는 알게 되었고 자긍심을 가지게 되었습니다. 위대한 촛불혁명을 거치면서 더욱성장한 한국의 민주주의도 오랫동안 해결하지 못했던 마지막 숙제를 풀어내는단계로 나아가고 있습니다.권력기관 개혁은 남은 가장 큰 숙제 중 하나입니다. 저는 취임사에서 권력기관을 정치로부터 완전히 독립시키고, 그 어떤 기관도 무소불위의 권력을 행사할 수없도록 견제장치를 만들겠다고 국민께 약속했습니다. 과거처럼 국민 위에 군림하는 권력기관이 없도록 하겠다는 의지였습니다. “모든 권력은 국민으로부터 나온다.”는 헌법정신에 입각하여 우리 정부는 많은 우여곡절을 겪으면서도 권력기관 개혁에 흔들림 없이 매진하였습니다. 우리 정부는 어떤 어려움을 무릅쓰더라도 그 과제를 다음 정부로 미루지 않고자 하였습니다. 이제 그 노력의 결실을 맺는 마지막 단계에 이르렀습니다.이번 정기국회에서 권력기관의 제도적 개혁을 드디어 완성할 수 있는 기회를맞이했습니다. 한국 민주주의의 새로운 장이 열리는 역사적 시간입니다. 견제와균형의 원리에 따라 국정원·검찰·경찰 등 권력기관들의 권한을 분산하고 국민의 기관으로 거듭날 수 있도록 개혁 입법이 반드시 통과되고, 고위공직자범죄수사처가 출범하게 되길 희망합니다."
1401986,문재인,제14회 국무회의,2021.03.30,국내,회의,"우리 경제가 빠르고 강하게 회복하고 있습니다. 여러 국제기구들이 올해 우리나라의 경제성장률을 거듭 상향 조정하고 있는 가운데 IMF에서도 당초 전망보다 성장률을 0.5% 올려 3.6% 성장할 것으로 전망했습니다. 실제 우리 경제의 현황도 수출 증가세 지속과 투자 확대는 물론 소비심리지수도 코로나19 이전 수준을 회복하고 있어서 수출과 내수 동반성장의 기대감이 높아지고 있습니다. 정부는 이 추세를 더욱 살려 경기 회복의 시간표를 최대한 앞당기는 한편 코로나19불평등을 최소화하는 포용적 회복에 심혈을 기울이겠습니다.이번 추가경정예산도 포용적 회복에 도움이 될 것입니다. 자영업자들을 위한 버팀목자금 플러스와 일자리를 지키기 위한 긴급고용안정지원금 등 4차 재난지원금이 한시라도 빠르게 지급될 수 있도록 속도를 내고, 새롭게 추가된 농어민에 대한 지원도 신속하게 집행될 수 있도록 각별한 노력을 기울여 주기 바랍니다.여전히 코로나19 상황은 안심할 수 없습니다. 지금은 방역이 곧 경제일 수밖에 없는 상황이므로 보다 철저한 방역 관리에 매진해 주기 바랍니다. 4월부터 일반 국민에 대한 백신 접종도 시작되는 만큼 공정성 있게 접종의 순서를 꼼꼼하게 정하고 속도를 내주기 바랍니다.오늘 법정 최고금리를 20%로 인하하는 「이자제한법」과 「대부업법」 시행령을의결합니다. 우리 정부 들어 최고금리를 27.9%에서 24%로 인하한 데 이어 이번에 더 낮추게 되었습니다. 국정과제로 선정한 국민과의 약속을 지킬 수 있게 되어 매우 기쁘게 생각합니다. 무엇보다 208만 명에 달하는 고금리 채무자들의 이자 부담이 크게 줄어들게 되었습니다. 특히 고금리 단기대출, 생계형 소액대출등을 이용하는 서민에게 직접적인 도움이 될 것으로 기대합니다.정부는 최고금리 인하의 혜택이 골고루 돌아가고 정책 효과가 극대화되도록 다각도의 후속 조치를 시행하겠습니다. 정상적으로 대출을 갚고 있더라도 소급적용이 되지 않아서 최고금리 인하의 혜택을 받기 어려운 분들을 위해서는 내년말까지 총 3,000억 원을 지원하여 20% 미만의 금리로 전환할 수 있는 대체 금융대출상품을 최대한 공급할 수 있도록 하겠습니다. 대표적인 정책서민금융인 햇살론 금리도 17.9%에서 15.9%로 낮추고, 성실히 상환하는 분들에 대해서는 금리를 더욱 낮출 수 있도록 하겠습니다.이제 은행과 카드사에서도 새로운 정책서민금융 상품을 출시할 계획입니다.은행권에서는 ‘햇살론뱅크’, 카드사에서는 ‘햇살론카드’를 출시합니다. 은행 대출이 어려웠던 분들과 카드 발급이 불가능했던 분들에게 도움이 되길 기대합니다. 한편으로 불법 사금융을 근절하기 위한 노력도 더욱 강화하겠습니다.정부는 서민, 취약계층의 금융 부담을 줄이기 위해 금리 인하뿐 아니라 채무조 정제도, 연체이자 제한 등 포용금융 정책을 강력하게 추진해 왔습니다. 특히 지난 3년간 25조 원 규모로 정책서민금융 공급을 대폭 확대함으로써 총 213만명에게 혜택이 돌아갔습니다. 이 같은 꾸준한 노력으로 2017년 말 94만 명이 넘었던 금융 채무 불이행자 수가 지난 2월 80만 명 수준으로 크게 감소했습니다. 코로나19 상황에서 이룬 성과라는 점을 감안하면 금융이 서민의 삶을 지키는 역할을 톡톡히 했다고 볼 수 있습니다.지난 1년, 위기 상황을 버티는 데 금융의 역할이 매우 컸습니다. 정부는 재정투입과 별도로 175조 원 이상의 금융지원 대책으로 경제 위기 극복에 총력을 기울였습니다. 특히 소상공인과 중소기업 대출에 대한 만기연장과 상환유예를 통해 어려움이 가중되지 않도록 최선을 다했습니다. 금융 당국의 적극적 역할과 금융계의 협조에 깊이 감사드립니다. 앞으로도 금융이 어려운 국민께 안전망이 될수 있도록 포용금융의 저변을 더욱 넓히는 데 최선을 다해 주시기 바랍니다."
1401990,문재인,수석·보좌관회의,2021.04.26,국내,회의,"코로나19와 같은 감염병의 세계적 대유행은 어느 한 나라가 자국의 문제를 해결한다고 해서 끝나는 것이 아니기 때문에 다른 어떤 문제보다도 국제적인 연대와 협력이 필요한데도 국제정치의 현실은 그렇지 않습니다. 여유가 있을 때는 모든 나라가 한목소리로 연대와 협력을 말했지만 자국의 사정이 급해지자 연합도,국제공조도 모두 뒷전이 되어 국경 봉쇄와 백신 수출 통제, 사재기 등으로 각자도생에 나서고 있습니다.우리는 국제적인 연대와 협력을 추구하면서도 그와 같은 냉엄한 국제정치의현실을 직시해야 하고, 그럴 때일수록 우리도 내부적으로 단합하여 지혜롭게 대응해 나가야 합니다. 우리는 전문가들이 판단한 백신 접종 우선순위와 집단면역의 목표 시기, 접종 계획에 따라 여러 종류의 백신을 안배하여 필요한 백신 물량을 확보했고, 계약된 시기에 백신을 도입하고 있으며, 처음 계획대로 차질 없이접종을 진행하고 있습니다. 우리와 형편이 다른 나라와 비교할 것 없이 우리의형편에 맞게 계획을 세우고, 계획대로 차질 없이 실행하는 것이 무엇보다 중요합니다.정부는 처음부터 11월 집단면역이라는 목표를 분명하게 제시했고, 그에 따른접종순서와 접종계획을 밝힌 바 있습니다. 그리고 더 세부적인 목표로 4월 말까지 300만 명, 상반기 중 1,200만 명의 접종계획도 밝혔습니다. 정부는 접종목표의 이행을 자신하고 있고, 내부적으로는 플러스 알파를 더하여 4월 말까지와 상반기 중의 접종 인원을 더 늘리고, 집단면역도 더 앞당기는 목표를 가지고 있습니다.정부의 계획대로 4월 말까지 300만 명, 상반기 중으로 1,200만 명 또는 그 이상의 접종이 시행될지 여부는 조금만 지켜보면 알 수 있는 일입니다. 정부의 계획대로 되지 않을 경우 충분히 문제 제기를 할 수 있는 만큼 지금 단계에서는 백신 문제를 지나치게 정치화하여 백신 수급과 접종에 대해 막연한 불안감을 부추기는 일이 없도록 해 주실 것을 당부드립니다.정부는 혹시라도 있을지 모를 백신 수급 불안요인에 대비하고, 접종속도를 더높이는 것은 물론 접종 대상 연령 확대와 3차 접종이 필요하게 될 경우까지 대비하여 범정부 TF를 구성하여 백신 물량을 추가 확보하는 데 행정력과 외교력을 총동원하고 있습니다. 그 결과로 나타난 것이 화이자(Pfizer) 백신 4,000만 회분 추가 구매계약 체결입니다. 정부는 앞으로도 모든 필요에 대비해 나갈 것입니다. 정부는 이미 확보한 백신 외에 다른 백신에 대해서도 국제동향과 효과 및 안전성을 면밀히 살펴보고 있습니다.전 세계적인 백신 생산 부족과 백신 개발국의 자국 우선주의, 강대국들의 백신사재기 속에서 우리가 필요한 백신 물량을 확보할 수 있었던 데는, 방역 모범국가라는 우리나라에 대한 평가와 함께 우리 기업들이 가지고 있는 세계 최고 수준의 백신 위탁생산 능력과 특수주사기 생산능력 등이 큰 힘이 되었습니다. 지금우리 기업들은 세 종류의 백신을 위탁생산하고 있는데, 앞으로 더 늘어날 전망입니다. 우리가 스스로 백신을 개발하게 될 때까지 백신 확보에 큰 힘이 될 것입니다. 국민께서도 자신감을 가져 주시기 바랍니다.전 세계적으로 백신 접종에 속도를 내고 있지만 코로나19 확진자 수는 오히려더욱 늘어나 최고치를 기록하고 있습니다. 백신 접종에 앞서가는 나라들도 일부나라를 제외하고는 코로나19 재확산의 위기를 겪고 있습니다. 백신 접종이 되고있다고 해서 방역의 긴장을 늦춰서는 안되며, 집단면역이 이뤄질 때까지 끝까지방역에 최선을 다해야 한다는 것을 보여 줍니다.우리나라도 다른 나라에 비해서는 적은 수이지만 코로나19 확산세가 결코 안심할 수 없는 상황입니다. 한 가지 다행스러운 것은 고위험군에 대한 백신 접종이 대부분 완료되고, 국산 치료제가 활용되고 있는 덕분에 위중증 환자 비율과치명률이 크게 낮아졌다는 점입니다. 지금 우리나라의 코로나19 치명률은 주요국가들 가운데서 가장 낮은 편입니다.그러나 확진자 수가 더 늘어나고 변이 바이러스가 더해진다면 순식간에 상황이 나빠질 수 있습니다. 지금 방역 당국은 방역 관리를 강화하면서 백신 접종을빠르게 늘려야 하는 이중의 업무부담을 겪고 있습니다. 국민의 적극적인 협력과참여만이 해결책입니다. 정부가 최선을 다하겠지만 국민께서도 방역수칙 준수와 백신 접종에 계속해서 협력해 주실 것을 당부드립니다."
1401449,문재인,대한민국 소재·부품·장비산업 성과 간담회,2021.07.02,국내,기타,"여러분, 반갑습니다.기습 공격하듯이 시작된 일본의 부당한 수출규제 조치에 맞서 소재·부품·장비 자립의 길을 걸은 지 2년이 되었습니다. 우리 경제에 큰 충격이 될 것이라는 우려가 많았지만, 우리 기업들과 국민께서 힘을 모아 위기를 극복해냈습니다. 오히려 핵심품목의 국내 생산을 늘리고 수입선을 다변화하여 소·부·장산업의 자립도를 획기적으로 높이는 계기로 만들었습니다.오늘 위기를 기회로 바꾼 주역들과 함께 소·부·장 자립의 성과를 나눌 수 있게 되어 매우 기쁩니다. 함께해 주신 구자열 한국무역협회장님과 기업인 여러분께 진심으로 감사드립니다.지난 2년 우리는 상생과 협력으로 ‘아무도 흔들 수 없는 나라’를 향해 전진했습니다. 무엇보다 기쁜 것은 우리가 자신감을 갖게 되었고, 협력의 방법을 알게되었다는 것입니다. 우리는 위기 극복의 성공 공식을 찾았습니다.소·부·장 수요기업인 대기업은 중소·중견기업의 손을 잡았습니다. 핵심기술을 빠르게 국산화할 수 있도록 연구개발 단계부터 실증, 양산 과정까지 함께 전력을 다했습니다. 정부도 힘껏 뒷받침했습니다. 정부 부처들 간에도 협업했습니다. 소·부·장 특별회계를 신설해 올해까지 5조 8,000억 원을 공급하고, 인허가 기간 단축, 신속통관까지 전방위적인 지원에 나섰습니다. 국민께서도 소·부·장펀드에 적극 가입해 금융을 제공하고 소·부·장 기업을 응원했습니다.그리고 그 성과는 우리가 기대했던 것보다 훨씬 크고 뚜렷하게 나타나고 있습니다. 3대 품목의 공급망이 안정적으로 구축되었습니다. 반도체 제조공정의 핵심으로 대(對)일 의존도가 절대적이었던 소재들입니다. 50%에 육박하던 불화수소의 일본 의존도를 10%대로 낮췄습니다. 불화폴리이미드는 자체기술 확보에이어 수출까지 하게 되었습니다. EUV레지스트 또한 글로벌 기업의 투자를 유치해 국내 양산을 앞두고 있습니다. 더 나아가 국내 산업에서 높은 비중을 차지하는 100대 핵심품목에 대한 일본 의존도를 25%까지 줄였습니다.이 과정에 중소·중견기업들의 활약이 대단히 컸습니다. 통상 6년 이상 걸리던기술개발 기간을 18개월로 단축하며 소·부·장산업의 가파른 성장을 이끌었습니다. 불과 2년 사이에 시가총액 1조 원 이상의 소·부·장 중소·중견기업이 13개에서 31개로 크게 늘었습니다. 소·부·장 상장기업 매출액도 다른 업종의 두 배 가까운 증가율을 기록했습니다.이제 대한민국 소·부·장은 더 큰 목표를 향해 나아갑니다. ‘소·부·장2.0 전략’을 토대로 소·부·장 으뜸기업 100개를 육성하고, 글로벌 생산 허브가 될 5대 첨단특화단지를 조성하여 우리 기업들의 도전을 더 든든하게 지원할 것입니다.소·부·장 자립을 이뤄낸 경험과 자신감은 코로나19 위기 극복의 밑거름이 되었습니다. 코로나19 위기 극복에서도 정부와 민간, 대·중소기업 간의 협력 모델이 가동되었습니다. 또한 온 국민이 함께 세계적인 방역 모범 사례를 만들었고,주요 선진국 중 가장 빠른 경제회복을 이루고 있습니다. 특히 제조업은 역대 최대 수출을 이끌며 도약의 전기를 마련하고 있습니다. 외국인 직접투자도 소·부·장과 신산업 등을 중심으로 증가하여 올해 상반기 역대 2위의 실적을 기록했습니다.지난해부터 우리는 한국판 뉴딜을 추진하며 위기를 기회로 바꾸는 발판을 다졌습니다. 소·부·장 분야의 성과는 더 강한 경제를 향해 나아가는 원동력이 되고있습니다. 글로벌 공급망의 핵심이자 코로나19 이후 대재건의 동반자로서 세계가 대한민국을 주목하고 있습니다.이제 대한민국은 포스트 코로나 시대를 이끄는 선도국가로 우뚝 설 것입니다.한국판 뉴딜을 가속화해 디지털·그린 경제를 선도하고 반도체, 배터리 등 세계최고의 첨단 제조업 역량과 소·부·장 경쟁력을 토대로 글로벌 공급망 안정을 위한 국제협력을 주도해 나갈 것입니다. 세계 2위의 바이오의약품 생산 역량을 바탕으로 글로벌 백신 생산 허브의 입지도 공고히 다져 나갈 것입니다.지난 2년 일본 수출규제와 코로나19 위기를 연이어 겪으며 우리는 ‘위기에 강한 대한민국’의 저력을 증명해냈습니다. 우리 정부는 뭐든지 자립해야 한다고 생각하는 것이 아닙니다. 국제적인 분업체계와 공급망을 유지하는 것은 여전히 중요합니다. 정부는 일본의 수출규제에 대해서도 외교적인 해결을 위해 노력하고있습니다.그러나 우리는 코로나19 위기 상황 때에도 전 세계적으로 글로벌 공급망이 멈추고 생산에 차질이 빚어지는 것을 경험한 바 있습니다. 지금도 세계적으로 글로벌 공급망의 재편 경쟁이 이뤄지고 있습니다.우리가 갖게 된 교훈은 글로벌 공급망 속에서 우리의 강점을 살려 나가되 핵심 소·부·장에 대해서는 자립력을 갖추고 특정 국가 의존도를 낮추지 않으면 안된다는 것입니다. 소·부·장 자립의 길을 더 튼튼하게 발전시켜 나가야 하는 이유입니다. 그 길에 기업인 여러분이 선두에 서 주시기 바랍니다. 정부도 힘껏 뒷받침하겠습니다.상생과 협력은 위기를 기회로 바꾸는 대한민국의 힘이며, 대한민국만의 방식입니다. 다 함께 더 힘차게, 더 큰 미래를 향해 뜁시다.감사합니다."
1401464,문재인,K-글로벌 백신 허브화 비전 및 전략 보고회,2021.08.05,국내,회의,"국무총리를 위원장으로 하는 민관 합동 ‘글로벌 백신 허브화 추진위원회’가 출범해 오늘 첫 회의를 열게 되었습니다. 관련 부처들과 함께 백신 분야 최고의 전문가들이 민간위원으로 참여하고 있습니다. 오늘 회의에는 백신 개발과 생산기업 대표들도 함께해 주셨습니다. 감사합니다.전파력이 강한 델타 변이 바이러스가 확산하며 전 세계적으로 코로나19 상황이 다시 악화하고 있습니다. 끝이 잘 보이지 않는 코로나19와 전쟁에서 가장 효과적인 방어수단은 백신입니다. 최근 발생한 확진자와 사망자 대부분이 백신 미접종자 중에서 나오고 있고, 백신 접종이 위중증률과 치명률을 크게 낮추는 등백신은 코로나19로부터 인류의 생명과 안전을 지켜주는 핵심 역할을 하고 있습니다.하지만 세계적인 백신 부족 상태가 지속되고 있고, 특히 백신 보급의 국가별격차가 심각하여 일부 백신 부국들은 부스터 샷을 계획하는 반면 다수의 저소득국가는 내년까지도 접종 완료가 어려운 백신 불평등이 심화되고 있습니다. 모든나라에 백신이 충분히 보급되지 않고서는 계속되는 변이의 발생과 코로나19 확산을 막을 수 없습니다. 결국 문제 해결의 근본 해법은 백신 공급을 획기적으로늘리는 것일 수밖에 없습니다.대한민국이 문제 해결에 앞장서겠습니다. 글로벌 백신 허브를 국가전략으로강력히 추진하여 인류 공동의 감염병 위기 극복에 기여하겠습니다. 우리는 충분한 역량을 가지고 있습니다. 세계 최고 수준의 바이오의약품 생산능력을 갖추고있고, 현재 세계적으로 안전성과 효과성을 인정받는 코로나19 백신 4종을 생산·공급하고 있습니다. 백신산업에 대한 기업들의 도전 의지와 정부의 육성 의지도확고합니다.바이오산업은 우리의 산업 혁신을 이끌 3대 신산업으로 성장하여 주력 수출산업으로 도약하고 있습니다. 그러나 백신 분야에 있어서는 여전히 기술 격차가 크고 해외 의존도가 높으며, 글로벌 시장 점유율도 낮습니다. 지금이 글로벌 백신허브를 향해 과감하게 도전해야 할 적기입니다. 정부는 역량과 자원을 총동원하여 인류의 보건위기 대응에 기여하고 백신산업을 우리 경제의 새로운 성장동력으로 힘 있게 육성하고자 합니다. 앞으로 다가올 미래 신종 감염병의 출현에 대응하는 길이기도 합니다.2025년까지 글로벌 백신 생산 5대 강국으로 도약하겠습니다. 정부는 백신을 반도체, 배터리와 함께 3대 국가전략기술 분야로 선정하여 앞으로 5년간 2조2,000억 원을 투입할 계획입니다. 연구개발과 시설투자에 대한 세제 지원을 대폭 확대하고 필수 소재·부품·장비의 생산과 기술을 자급화해 국내 기업들이 생산 역량을 극대화할 수 있도록 하겠습니다.백신산업 생태계 조성도 중요합니다. 연간 200명 이상의 의·과학자를 새롭게육성하고, 임상시험 전문 인력 1만 명, 바이오 생산 전문 인력 연간 2,000명 등 바이오의약품 산업 인력 양성에 힘쓰겠습니다. K-바이오랩 허브를 구축하고 첨단투자지구도 지정하여 각종 인센티브를 제공하겠습니다.글로벌 협력체계도 더욱 강화하겠습니다. 한미정상회담에서 합의한 글로벌 백신 파트너십이 실질적 성과로 이어지도록 긴밀히 협력하면서 독일·영국 등 다른 국가와도 백신 파트너십을 확대하겠습니다. WHO 등 국제기구, 글로벌 백신연구소와 기업들과의 소통과 협력도 강화하겠습니다. 외국인투자를 활성화하고글로벌기업을 유치하는 등 글로벌 백신 허브로서의 발판을 마련하겠습니다.백신 자주권 확보를 위한 국산 백신의 신속한 개발도 매우 중요합니다. 이달중에 국내 기업 개발 코로나19 백신이 임상 3상에 진입할 예정이며, 내년 상반기까지 국산 1호 백신의 상용화가 기대되고 있습니다. 차세대 백신인 mRNA 백신개발도 속도를 내고 있습니다. 생산 핵심기술의 국산화가 이뤄지고 있으며 올해안에 임상시험 진입도 가시화되고 있습니다. 정부는 국산 백신의 신속한 개발을위해 임상에 필요한 비용을 지원하고 원부자재 국산화, 특허 분석 지원 등 다방면의 지원체계를 가동하겠습니다. 글로벌 백신 허브화 추진위원회는 비록 늦더라도 이번 기회에 mRNA 백신까지 반드시 개발하여 끝을 본다는 각오를 가져주기 바랍니다.대한민국은 많은 위기를 겪었지만 그때마다 위기를 기회로 만들어내는 놀라운 힘을 보여주었습니다. 코로나19 위기에서도 이런 면모를 유감없이 보여주고 있습니다. 이제 더 나아가 글로벌 백신 허브로서 인류의 감염병 극복의 중추적역할을 하면서 백신 선도국가로 도약하는 기회를 만들어내도록 합시다.감사합니다."
1401478,문재인,수석·보좌관회의,2021.08.30,국내,회의,"우리나라를 도운 아프가니스탄인들과 가족들을 무사히 국내로 이송할 수 있게 되어 매우 다행입니다. 신속하고 일사불란한 작전으로 임무를 성공적으로 완수한 외교부와 군 등 관계자들의 노고와 공로를 자랑스럽게 생각하며 치하합니다. 특별기여자로서 우리나라에 체류하게 될 아프가니스탄인들을 따뜻하게 맞아주신 진천주민과 국민께도 깊이 감사드립니다. 이송 작전의 성공과 우리 국민의 개방적이며 포용적인 모습이 국제사회에서 높이 평가받고 있습니다.한편으로 카불(Kabul)공항 폭탄테러로 많은 사람이 희생된 것을 대단히 안타깝게 생각하며 깊은 위로를 보냅니다. 정부는 어떤 이유로도 용납될 수 없는 반인도적 범죄행위로 강력히 규탄하며, 국제사회와 함께 아프가니스탄의 평화와 안정을 위한 노력을 지속해 나가겠습니다.이처럼 군 수송기를 보내 분쟁지역의 외국인들을 우리의 의지에 따라 대규모로 이송해 오고 국내에 정착시키게 된 것은 우리 외교의 역사에서 처음 있는 일입니다. 인도주의적 책임을 다하는 인권 선진국으로서 어려운 나라의 국민을 돕고 포용하는 품격 있는 나라로 발전해 나가는 계기가 되길 바랍니다.우리는 식민지와 전쟁, 가난 등 근현대사의 굴곡 속에서 많은 국민이 난민, 이민자, 이주노동자 등으로 어려움을 겪었던 경험을 가지고 있습니다. 우리 민족의 이산은 지금도 끝나지 않았습니다. 우리에게는 지금 아프가니스탄 국민이 겪는 고난이 남 일 같지 않다는 공감이 있습니다. 낯선 땅에서 새로운 삶을 시작해야 하는 아프가니스탄인들에게 열린 마음과 따뜻한 손길을 보내주시길 바랍니다. 특히 어린아이들이 절반을 차지할 정도로 많습니다. 정부는 아이들을 위한 교육환경 마련에 각별하게 신경을 쓰면서 우리 사회에 잘 적응하며 살 수 있도록 종합적인 지원대책을 마련하겠습니다.어느덧 가을이 성큼 다가오고 있습니다. 나라 전체가 오랫동안 코로나19로 인해 힘들고 어렵지만 참고 이겨내며 성숙한 시민의식을 보여주신 국민과 방역과 백신 접종 현장에서 헌신하고 계신 방역진, 의료진들 덕분에 코로나19 확산의 급증세를 막아내고 있고, 주요 국가들 중에서 확진자 수와 치명률에서 가장 낮은 수준을 유지하고 있습니다. 지금의 확진자 발생 양상을 보면, 우리가 방역의 긴장을 놓지 않는다면 빠르게 확진자가 줄어들지는 않는다고 하더라도 점차적으로 확산이 줄어들 수 있다는 희망을 보여주고 있습니다.백신 접종도 속도를 내고 있습니다. 백신 수급에 맞춘 최선의 접종계획과 적극적인 국민 참여로 전 국민 70%의 추석 전 1차 접종, 10월 말 2차 접종 목표를 충분히 달성할 수 있을 것으로 기대하고 있습니다. 더 나아가 12세까지 접종 연령을 낮추고 미접종자들에 대한 추가 접종이 이뤄지면 접종률은 80%에 다가가게 될 것이며, 다른 나라들을 추월하며 높은 수준의 접종률을 기록할 수 있을 것입니다. 부스터샷도 전문가들의 자문과 방역당국의 결정에 따라 고령층과 방역·의료 인력 등 고위험군들로부터 늦지 않게 시작하여 순차적으로 접종을 확대해 나갈 것입니다.방역과 백신 모두에서 모범국가로서 코로나19로부터 가장 안전한 나라가 되어 일상회복의 시간을 하루라도 앞당기겠다는 목표를 가지고 정부는 철저한 방역과 백신 접종에 총력체제로 임하겠습니다.한편으로 코로나19 상황과 방역 조치로 인해 어려움을 겪고 있는 국민을 위해 정부는 버팀목 역할을 더욱 강화하면서 준비된 추석 민생안정대책을 차질 없이 추진하겠습니다.소상공인과 자영업자 지원금과 저소득층 추가 지원금 등 2차 추가경정예산 사업이 빠르게 집행되고 있고, 대다수 국민께 1인당 25만 원씩 드리는 국민지원금도 다음 주부터 지급할 계획입니다. 저소득 근로자 가구를 위한 근로장려금과 자녀장려금도 한 달 이상 앞당겨 468만 가구를 대상으로 가구당 평균 114만 원을 지급하기 시작했습니다. 소상공인과 중소기업의 세금 납부기한을 연장하고, 사회보험료 등의 납부유예를 추가 연장하는 등 경영 부담을 덜어드리기 위해 최선을 다하겠습니다. 취약계층의 생계지원을 확대하고 소외계층 보호에 공백이 없도록 맞춤형 지원도 강화하겠습니다.정부는 추석 특별방역대책을 마련하여 빈틈없는 방역·의료 대응체계를 유지하면서 서민경제와 지역경제에 온기가 도는 넉넉하고 따뜻한 추석이 될 수 있도록 최선을 다하겠습니다."
1401501,문재인,(미국 방문 | 유엔총회) 화이자 회장 접견,2021.09.21,국외,성명/담화문,"앨버트 불라(Albert Bourla) 화이자 회장님, 반갑습니다. 존 셀립(Jon Selib) 수석부사장님도 반갑습니다.화이자(Pfizer)는 올해 세계에서 가장 유명하고 중요한 기업이 됐습니다. 인류를 팬데믹에서 구하고 있습니다. 이 훌륭한 성과에 대해서 축하와 함께 감사의 말씀을 드립니다.화이자가 올해 한국에 백신을 예정대로 차질 없이 공급해준 덕분에 한국 국민께서도 지난주 인구 70% 1차 접종을 마칠 수 있었고, 다음 달 말까지 인구 70% 2차 접종을 마칠 계획입니다. 그와 함께 접종 대상을 더 확대해서 접종률을 더욱높여 나갈 계획입니다.한국의 접종자 가운데 절반 정도가 화이자 백신을 접종했습니다. 그리고 화이자 백신은 지금 한국 국민이 가장 신뢰하는 백신이 되었습니다. 화이자의 기여에감사드립니다.화이자가 지난번 한국과 이스라엘 간의 백신 스와프가 성사될 수 있도록 협력해 주신 것에 대해서도 감사 말씀을 드립니다."
1401532,문재인,2021 대한민국 성평등 포럼 영상 축사,2021.11.02,국내,축사,"2021 대한민국 성평등 포럼 개막을 축하합니다. 미래를 여는 새로운 성평등 세상을 꿈꾸며 포럼에 함께해 주신 모든 분께 따뜻한 환영의 인사를 드립니다.이제 성평등은 조금씩 우리 모두를 자유롭게 하고 있습니다. 억압되었던 에너지를 끌어내고 성숙한 대한민국을 만드는 새로운 힘이 되고 있습니다.북경행동강령 25주년과 유엔 안보리 결의안 1325호 20주년을 기념하여 시작된 대한민국 성평등 포럼이 두 번째를 맞이했습니다. 성평등 사회를 위한 우리의의지와 국제 연대를 더욱 굳게 다지는 계기가 되길 바랍니다.특별히 올해 포럼에서는 평등 사회에 대한 청년들의 솔직한 목소리를 전할 예정입니다. 치열하게 고민하고 토론하며 대한민국의 미래 청사진을 그려낸 청년들을 격려합니다. 이번 포럼을 준비해 주신 정영애 여성가족부 장관님을 비롯해관계자 여러분의 노고에도 깊이 감사드립니다.존경하는 국민 여러분, 청년 여러분!우리는 평등하고 지속가능한 사회를 향해 쉼 없이 달려왔습니다. 1995년 「여성발전기본법」을 제정하고 20년 만에 「양성평등기본법」으로 전면 개정했습니다. 정치와 경제, 사회, 문화 모든 영역에서 성평등이 실현될 수 있도록 제도의범위를 넓혀 왔습니다.여전히 부족하지만 기업과 공공 분야에서 여성 대표성이 강화되고 있습니다.경력단절여성에 대한 지원이 확대되고 남성의 육아휴직 사용도 빠르게 정착되고 있습니다. 여성과 남성 모두 평등하게 자신의 역량을 발휘할 수 있어야 한다는 의식이 이뤄낸 성과입니다.평등한 사회적 분위기 속에서 나고 자란 우리 청년들은 공정과 정의를 가장진지하게 생각하는 세대입니다. 기존 제도와 구조의 한계를 뛰어넘어 새로운 세계로 거침없이 나아가는 용기 있고 역동적인 세대입니다.때로는 젠더 갈등, 세대 내 격차와 같은 진통을 겪지만 청년들은 서로의 차이를 직시하며 포용하려고 노력합니다. 끊임없이 소통하며 연대해 나간다면 기성세대가 풀지 못한 불평등과 불공정 같은 어려운 과제에 대해 번뜩이는 해법을분명 발견할 수 있을 것이라 확신합니다.우리 청년들은 자신의 행복과 타인의 권리를 함께 지키며 서로 다채롭게 빛을발하는 삶을 살아갈 것입니다. 각계 전문가 여러분께서도 지혜를 아낌없이 모아주시길 부탁드립니다.정부 또한 미래세대를 위해 더욱 노력하겠습니다. 작년에 「청년기본법」이 처음으로 시행되어 청년의 권리를 보호하고 지원할 제도적 기반이 갖춰졌습니다.민간위원 60%를 청년으로 구성한 청년정책조정위원회도 출범했습니다. 비로소청년이 정책의 중심이자 주체가 되었습니다.지난 8월에는 청년들 스스로 청년특별대책을 세워 발표했습니다. 정부는 청년들과 함께 5대 분야 87개 과제를 차질 없이 추진할 것입니다. 청년 누구나 동등하게 삶의 행복을 향유할 수 있는 새로운 세상을 만들어 가겠습니다.서로를 존중하며 자란 세대가 어떻게 세상을 바꿔 나갈지 기대됩니다. 이번 포럼을 통해 청년들이 국경과 세대, 성별을 넘어 소통하고 성평등 사회를 실현하기위해 연대하고 협력하길 바랍니다.다시 한번 2021 대한민국 성평등 포럼의 개막을 축하합니다.감사합니다."
1401535,문재인,(헝가리 방문) 한·비세그라드 그룹(V4) 공동 언론 발표,2021.11.04,국외,성명/담화문,"언론인 여러분, 반갑습니다.V4(Visegrád : 헝가리·슬로바키아·체코·폴란드) 창설 30주년을 맞아 제2차 한·V4 정상회의를 열게 되어 매우 기쁘게 생각합니다. 회의를 성공적으로 준비해 주신 오르반(Viktor Orbán) 헝가리 총리께 깊이 감사드립니다. 열린 마음으로 상생의 길을함께 찾아주신 헤게르(Eduard Heger) 슬로바키아 총리님, 바비쉬(Andrej Babiš) 체코총리님, 모라비에츠키(Materusz Morawiecki) 폴란드 총리께도 감사드립니다.네 나라와 한국은 공통점이 매우 많습니다. 고난의 역사와 냉전의 아픔을 이겨내며 빠른 속도로 민주화와 경제발전을 이루어냈습니다. 과학기술과 제조업 분야에서 강점을 지닌 것도 비슷합니다.한국과 V4는 1980년대 후반부터 외교 관계를 수립해 평화와 화합의 길을 함께 열어왔고, 2014년에는 개별국가 차원의 교류를 넘은 파트너십을 구축했습니다.유럽의 새로운 제조업 중심지로 발돋움하고 있는 V4는 EU에서 한국의 두 번째 교역 대상이자 650개가 넘는 기업이 진출한 최대 투자처가 되었습니다. 전기차 배터리를 비롯한 미래 유망산업을 중심으로 양측 간 협력은 더욱 강화되고있습니다.오늘 총리님들과 나는 더욱더 긴밀히 힘을 모으기로 약속했습니다.첫째, 과학기술 분야 협력을 확대하기로 했습니다. V4는 기초과학 분야에서 아주 우수한 역량을 갖추고 있고, 한국은 ICT 등 응용과학 분야에서 높은 경쟁력을 가지고 있습니다. 이 장점들을 결합한다면 4차 산업혁명 시대를 함께 선도해 나갈 수 있을 것입니다.둘째, 에너지와 인프라 분야 협력을 강화하기로 했습니다. 한국은 V4의 교통·에너지·디지털 인프라 구축 사업에 활발히 참여하고 있습니다. 지금까지의 협력사업 성과를 더욱 확대하고, 수소경제 육성에 힘을 모아 탄소중립 시대의 새로운성장 기회를 만들기로 했습니다.셋째, 문화와 인적 교류를 넓혀 나가기로 했습니다. 코로나19로 위축된 왕래를회복하고 미래 협력의 주역인 청소년 교류를 더욱 늘릴 것입니다.우리는 다양한 국제 현안에 대해서도 논의했습니다. 포용적 회복을 위해 백신의 공평한 보급이 중요하다는 데 인식을 같이했고, 유럽의 ‘그린 딜’과 한국의 ‘그린 뉴딜’을 조화롭게 추진해 저탄소 경제 전환과 기후위기 극복에 힘을 보태기로 했습니다.한국은 비세그라드기금을 활용한 서발칸과 동방 파트너십 국가 지원 노력을 지지합니다. 또한 비세그라드기금에 지속적으로 기여해 나갈 것입니다. 한반도 평화 프로세스에 대한 V4 국가들의 꾸준한 관심과 지지에 감사드립니다. 오늘정상회의를 통해 양측은 돈독한 우의를 되새기고 포괄적 협력을 약속했습니다.한국과 V4가 더욱 굳건히 손을 잡고 공동번영의 길로 함께 나아가길 바랍니다.감사합니다."
1401552,문재인,국가인권위원회 설립 20주년 기념식,2021.11.25,국내,기념사,"존경하는 국민 여러분!국가인권위원회 설립 20주년을 맞았습니다. 지금은 국가에 독립적인 인권위원회가 있다는 것이 너무나 당연한 일로 여겨지지만, 많은 인권단체와 인권운동가들의 치열한 노력 위에서 김대중 대통령님의 결단으로 이룬 소중한 결실이었습니다. 저도 당시 국가인권위원회 설립을 위한 노력에 참여했던 한 사람으로서감회가 깊습니다.우리는 코로나19를 겪으면서 서로의 삶이 얼마나 밀접하게 연결되어 있는지경험했습니다. 이웃의 안전이 나의 안전으로 이어진다는 사실을 다시 한번 인식하게 되었습니다. 인권도 그러합니다. 다른 사람의 인권이 보장될 때 나의 인권도 보장됩니다.인권위원회가 설립되었던 20년 전 평화적 정권교체로 정치적 자유가 크게 신장되었지만 인권 국가라고 말하기에는 갈 길이 멀었습니다. 특히 사회적·경제적인권의 보장에는 더욱 부족함이 많았습니다. 우리는 자기 삶의 민주주의를 위해모두의 민주주의가 필요하다는 것을 깨달았고, 일상 속 민주주의가 확장되며 비로소 사회적·경제적 약자들을 돌아보기 시작했습니다.단 한 사람도 빠짐없이 실질적 자유와 평등을 누려야만 민주주의를 완성할 수있다는 다짐에서 출발한 인권위원회는 지난 20년간 소수자의 권리를 대변하며인권 존중 실현의 최전방에서 많은 일을 해 왔습니다. 「국가인권위원회법」 제1조에 명시된 대로 인간의 존엄과 가치를 실현하고 민주적 기본질서를 확립하기 위한 소명을 다해 왔습니다.오늘 설립 20주년을 맞아 김창국 초대 위원장님부터 송두환 9대 위원장님까지 역대 위원장님, 위원님들, 관계자들의 노고에 깊이 감사드립니다. 인권위원회의 활동을 지지하고 응원해 오신 국민께도 감사의 인사를 전합니다.국민 여러분!2001년 11월 26일 인권위원회가 접수한 첫 번째 진정은 신체장애를 이유로보건소장에 임명되지 못한 분의 사연이었습니다. 이미 다른 보건소장이 임명된 상황이어서 진정인의 소망이 실현되지는 못했지만, 불합리한 차별을 시정하라는 인권위원회의 권고에 의해 부당한 처분을 한 지방자치단체로부터 손해배상을 받는 것으로 인권을 보호받을 수 있었습니다. 인권위원회는 더 나아가 장애인인권을 위한 제도 개선에 힘을 쏟았습니다. 2007년 「장애인차별금지법」 제정은인권위원회의 노력이 맺은 값진 결실이 아닐 수 없습니다.멈추지 않고 긴 호흡으로 꾸준히 의미 있는 변화를 만들어온 인권위원회의 모습은 그 자체로 대한민국 민주주의와 인권의 발전 과정이었습니다. 인권위원회는 이중처벌 논란이 컸던 보호감호처분 폐지와 정당한 영장 절차나 재판 절차가없는 군 영창제도 폐지를 이끌어냈고, 인권위원회의 권고로 삼청교육대와 한센인 피해자들의 명예회복과 보상을 위한 특별법이 제정되었습니다. 인권위원회의 노력이 밑거름이 되어 학교 체벌이 사라졌습니다. 채용과 승진에 있어서 나이를 이유로 한 차별이 금지되었습니다. 직장 내 괴롭힘이 심각한 인권 문제라는인식이 자리 잡게 되었습니다.오늘 대한민국 인권상을 수상하게 되었지만 가사노동자들이 「근로기준법」의보호를 받을 수 있게 된 데도 인권위원회의 노력이 컸습니다. 치매 어르신들의 권리와 기초생활보장제도를 강화해야 한다는 인권위원회의 권고는 치매국가책임제와 부양의무자 폐지로 이어졌습니다.당연하게 받아들여지던 관행에 의문을 제기해 인권의 지평을 넓힌 것은 인권위원회가 이루어낸 특별한 성과입니다. 아무렇지도 않게 사용하던 ‘살색’이라는표현이 인종차별이 될 수 있음을 알렸고, 남학생부터 출석번호 1번을 부여하던관행에도 제동을 걸었습니다. 한 사람 한 사람의 생각이 바뀌어야만 우리 모두의인권이 넓어진다는 것을 깨닫게 해준 소중한 사례들입다.국민 여러분!인권 존중 사회를 향한 여정에는 끝이 없습니다. 사회가 발전하면서 인권의 개념이 끊임없이 확장되고 있기 때문입니다. 개인의 자유와 권리가 서로 부딪히는경우도 늘어나고 있습니다. 전 세계는 차별과 배제, 혐오의 문제를 어떻게 해결할지 고민하게 되었습니다. 코로나19와 기후위기, 디지털 전환 속에서 발생하는격차 문제도 시급한 인권 현안으로 떠오르고 있습니다.앞으로 인권위원회의 존재와 역할이 더욱 중요해질 수밖에 없습니다. 대화와타협, 공감을 이끌고 모두의 인권을 조화롭게 높여나가기 위해 특별히 애써 주시기 바랍니다. 때로는 정부 정책을 비판하고 대안을 요구하는 것도 인권위원회가해야 할 몫입니다.정부는 인권위원회의 독립된 활동을 철저히 보장하겠습니다. 취약계층 지원을늘리고 사회안전망을 강화하며 국민의 기본권을 높이기 위해 정부가 할 수 있는일을 해 나가겠습니다.시대의 변화에 따른 새로운 인권 규범을 만들어 나가는 일도 함께 역량을 모아야 합니다. 20년 전 우리는 인권이나 차별금지에 관한 기본법을 만들지 못하고 「국가인권위원회법」이라는 기구법 안에 인권 규범을 담는 한계가 있었습니다. 우리가 인권선진국이 되기 위해서 반드시 넘어서야 할 과제입니다.존경하는 국민 여러분!세계인권선언 제1조는 “모든 인간은 태어날 때부터 자유로우며, 그 존엄과 권리에 있어 동등하다.”고 선언하고 있습니다. 그러나 자유와 평등, 존엄과 권리는언제나 확고한 것이 아닙니다. 오늘날 우리가 누리는 자유와 평등은 수많은 이들의 희생과 헌신이 일궈낸 소중한 성과이며, 우리의 존엄과 권리는 우리가 소홀하게 여기는 순간 빼앗길 수 있는 것입니다.지금 우리가 함께하고 있는 명동성당은 독재에 맞서 자유와 인권의 회복을 외쳤던 곳입니다. 인권위원회의 출범을 위해 인권운동가들이 뜻을 모았던 장소이자 인권위원회의 독립성이 위협받던 시절에 저항의 목소리를 냈던 곳이기도 합니다.모두의 인권을 폭넓게 보호하는 것이야말로 자신의 인권을 보장받는 길입니다. 우리는 항상 인권을 위해 눈 뜨고 있어야 합니다. 자유와 평등, 존엄과 권리를 위해 생생하게 깨어 있어야 합니다.오늘 민주주의와 인권의 전진을 이끈 분들의 숭고한 뜻을 기리며, 인권 존중사회를 향해 더욱 힘차게 나아갈 것을 다짐합니다. 국민 여러분께서 함께해 주시리라 믿습니다.감사합니다."
1401553,문재인,여성폭력추방주간 메시지,2021.11.25,국내,성명/담화문,"<여성과 남성의 삶은 맞닿아 있습니다.>두 번째 여성폭력추방주간입니다. “우리의 관심이 여성폭력 없는 일상을 지킨다.”는 슬로건으로 일주일간 진행됩니다. 존중하고 존중받는 삶에 대해 생각해보는 시간이 되었으면 합니다.정부는 법과 제도를 통해 안전한 울타리와 감정의 완충지대를 만들어 왔습니다. 「여성폭력방지기본법」과 「스토킹처벌법」, 「인신매매방지법」을 제정했고, 여성폭력방지정책 기본계획과 신종 성범죄 대응체계도 마련했습니다.하지만 여전히 폭력에 희생당하는 여성들이 있어 마음이 아픕니다. 제도 정비를 꾸준히 하겠습니다. 아동과 청소년, 1인 가구 여성, 여성 장애인 등 대상별 맞춤형 대응을 강화하고 교육·문화·예술·체육 분야와 민간·공공 분야 여성폭력근절을 위해 최선을 다하겠습니다.완벽한 제도란 없을지 모르지만 우리는 사건이 생길 때마다 반성하고 거울삼으며 끊임없이 나아가야 합니다.여성과 남성의 삶은 맞닿아 있습니다. 여성의 안전이 곧 사회의 안전입니다.이 간명한 진실을 위해 노력해온 분들께 깊이 감사드립니다. 상대의 자유와 안전을 지키는 것이 곧 나의 권리를 지켜내는 길임을 함께 되새겼으면 좋겠습니다."
1401564,문재인,민주주의 정상회의(화상),2021.12.09,국내,회의,"존경하는 바이든(Joe Biden) 대통령님과 정상 여러분!일상회복을 위해 노력하고 계신 정상 여러분께 각별한 연대감과 경의를 표합니다. 오미크론(Omicron)이라는 새로운 변이가 퍼지고 있지만, 우리는 반드시 함께 코로나19의 위기를 극복해낼 것입니다. 언제나 그렇듯 우리가 위기를 극복하는 가장 강력한 힘은 민주주의라는 집단지성입니다.민주주의는 권위주위를 타파하는 데 그치지 않고 자유와 창의의 힘으로 인류에게 번영을 주었습니다. 민주주의는 지금도 인간을 가장 인간답게 하는 삶의 방식으로 확장되고 있습니다.하지만 오늘날 민주주의는 민주주의 내부로부터 위협을 받고 있습니다. 민주주의의 위기를 말하기도 합니다. 우리는 방역이나 백신 접종이 개인의 자유와 충돌하는 모습을 세계 도처에서 보고 있습니다. 새로운 방식의 온라인 미디어나SNS 공간을 통해 빠르게 퍼지는 가짜뉴스가 혐오와 증오, 포퓰리즘과 극단주의를 퍼뜨리고 심지어 백신 접종의 거부를 부추기고 있지만 우리는 적절한 억제책을 찾지 못하고 있습니다. 표현의 자유라는 민주주의의 신념과 충돌할 수 있기때문입니다.자유경쟁으로 인해 커지는 격차와 양극화는 사회의 통합을 가로막으며 민주주의를 위협하고 있습니다. 감염병과 기후위기, 세계화와 양극화 같은 심각한 도전 속에서 어떻게 민주주의를 지키고 진전시킬 것인가 함께 고민하고 방안을 모색할 때입니다.제안 삼아 몇 가지 생각을 말씀드리고자 합니다.첫째, 개인의 자유와 표현의 자유는 확고히 보장하되 ‘모두를 위한 자유’와 함께 조화를 이룰 수 있어야 합니다. 한국은 이웃과 함께 누리는 자유가 진정한 자유임을 방역과 백신 접종, 일상회복을 통해 증명하고자 합니다. 표현의 자유를보장하되 가짜뉴스로부터 민주주의를 지킬 수 있는 자정능력을 키워야 합니다.한국은 공익언론국제기금(IFPIM : International Fund for Public Interest Media)의 취지에공감합니다. 세계 언론의 독립성 증진을 위해 함께 노력하겠습니다. 가짜뉴스에대한 팩트 체크와 사실 탐사의 노력이 더해지기를 바랍니다.둘째, 코로나19 격차를 최소화하고 함께 회복해야 합니다. 한국은 적극적인 재정정책으로 코로나19로 인해 더 피해 보는 계층을 돕고, 일자리 유지와 나누기에 최선을 다하고 있습니다. 한국은 인권 증진을 위한 국가 차원의 노력과 함께개발도상국 여성의 역량 강화를 위한 개발협력사업도 확대할 것입니다.셋째, 부정부패야말로 민주주의의 가장 큰 적입니다. 민주주의의 힘은 투명성과 공정에 대한 신뢰에서 발휘됩니다. 한국은 「청탁금지법」과 「이해충돌방지법」,공익신고자보호제도로 반부패 정책에서 성과를 내고 있습니다. 국제사회와 반부패 정책을 공유하고, 정부혁신과 투명성 강화를 위해 세계적으로 우수성을 인정받고 있는 한국의 전자정부 시스템을 개발도상국과 나누겠습니다.정상 여러분!한국은 민주주의의 가치를 증명하는 대표적인 나라입니다. 식민지와 전쟁을겪었지만 자유무역의 국제규범을 준수하며 성장했고, 민주주의 발전과 함께 개발도상국에서 최초로 선진국이 되었습니다. 권위주의가 국민을 억압할 때마다한국 국민은 평화적인 시민혁명으로 민주주의를 지키고 진전시켰습니다. 한국은 그 경험을 토대로 세계 민주주의에 기여할 것입니다. 민주주의는 한순간도 멈춘 적이 없습니다. 항상 새로워질 뿐입니다.감사합니다."
1401570,문재인,제29차 아시아·태평양 의회포럼 총회 개회식 영상 축사,2021.12.15,국내,축사,"존경하는 박병석 국회의장님, 각 나라의 의원님과 대표단 여러분!아시아·태평양 의회포럼 총회가 한국에서 개최되어 매우 기쁩니다. 아시아·태평양 지역의 혁신을 이끌어온 23개국 180여 명의 대표단을 진심으로 환영합니다.직접 뵙지 못하는 아쉬움이 있지만 이번 총회에 거는 기대가 남다릅니다. 코로나19 극복과 일상회복, 새로운 도약까지 각 나라 의회의 역할이 막중하며 나라들 사이에 협력할 일도 많습니다. 의회의 앞선 논의는 각 나라 국민들에게 희망을 드리고, 그 자체로 실행력을 높이는 일이 될 것입니다.오늘 포스트 코로나 시대의 복원력 강화를 위한 제29차 아시아·태평양 의회포럼 총회가 새로운 번영의 동력이 되길 기대합니다.대표단 여러분!다양성이 생명의 진화와 회복을 이루듯 의회 외교 역시 더욱 다양한 목소리를담아내며 네트워크에 역동성과 혁신을 불어넣고 있습니다.지난 30여 년 아시아·태평양 의회포럼은 정부 외교의 부족한 부분을 보완해왔습니다. 다양한 사회·경제·문화적 배경을 가진 역내 국가들이 서로를 더 잘이해하고 연대와 협력을 강화해 나갈 수 있도록 뒷받침했습니다.2015년에 출범한 ‘아시아·태평양 지역 국제보건 국회의원 포럼’은 코로나19발생 전부터 초국가적 전염병에 대비했습니다. 보건·의료 정책을 긴밀하게 공유하고, 각 나라에 맞는 입법 활동으로 국제 보건·의료 협력체계 구축을 선도했습니다.지금은 그 어느 때보다 회복을 위한 국제협력이 절실합니다. 다양한 소통의 장을 이끌어온 아시아·태평양 의회포럼의 혜안에 감사드리지 않을 수 없습니다.새로운 시대를 대비해온 여러분의 리더십에 진심으로 경의를 표합니다.대표단 여러분!한국은 역내 코로나19 극복 노력에 적극적으로 함께하고 있습니다. 아시아·태평양 지역에 백신을 공여했고 추가 지원을 약속했습니다. 보건·의료 분야ODA(Official Development Assistance : 공적개발원조)도 확대하고 있습니다. 한국판 뉴딜의 정책 경험을 공유하며, 아시아·태평양 지역의 복원력 강화와 포용적 경제회복에 지속적으로 기여할 것입니다.역내 통합과 지속가능한 미래를 위한 협력도 강화하겠습니다. 개방적이며 공정한 무역질서를 복원하고, 아시아·태평양 지역이 디지털 경제 시대의 주역이 되도록 역내 경제통합을 선도하겠습니다. 인권과 양성평등, 기후위기 대응을 비롯한 다양한 분야에서 아시아·태평양 지역이 세계의 모범이 되도록 함께하겠습니다.각 나라의 의원님과 대표단 여러분!아시아·태평양 의회포럼은 2018년 ‘한반도 평화에 관한 결의문’을 채택해주셨습니다. 한반도 평화를 위한 한결같은 지지에 감사드립니다. 한국은 한반도 평화가 아시아·태평양 지역의 평화와 번영으로 이어질 수 있도록 끊임없이 전진할 것입니다. 앞으로도 한반도 평화를 함께 만드는 친구이자 조언자로 항상 동행해 주시기 바랍니다.아시아·태평양 의회포럼 총회 준비에 애써 주신 박병석 의장님과 관계자 여러분, 수고 많으셨습니다. 코로나19 극복과 지속가능한 미래를 위해 함께해 주신 의원님들과 대표단께 다시 한번 환영의 인사를 전합니다.감사합니다."
1401573,문재인,2022년 경제정책방향 보고회,2021.12.20,국내,성명/담화문,"여러분, 반갑습니다.국민경제자문회의 민간위원님들을 모시고 우리 정부 마지막이 될 내년도 경제정책방향을 보고하게 되었습니다. 돌아보면 임기 내내 위기의 연속이었고, 쉴새 없이 새로운 도전에 맞서야 했던 시기였습니다. 불평등이 심화되고 저성장이 고착화되는 시대적 상황에서 벗어나기 위해 더불어 잘살고 역동적으로 성장하는 혁신적 포용국가를 국정 목표로 끊임없이 매진해 왔습니다. 코로나19 경제위기에 직면해서도 국가 역량을 총동원하여 위기 극복에 전력을 기울였습니다. 급변하는 세계 질서와 시대적 도전을 마주하여 우리 경제의 미래를 걸고 모든 경제주체들이 힘을 모았습니다.어려운 시기 많은 위기와 도전을 헤쳐 오며 우리 경제는 기대를 뛰어넘는 놀라운 저력을 보여주고 있습니다. 포용과 혁신의 힘으로 위기 속에서 더욱 강한 경제로 거듭나고 있고 추격형 경제에서 선도형 경제로 나아가고 있습니다. 무엇보다 우리 경제는 위기 극복의 새로운 역사를 쓰며, 위기를 기회로 삼아 명실상부한 글로벌 경제대국으로 발돋움했습니다. 세계 주요 선진국 중 가장 빠른 회복력을 보여주며, 10대 경제대국의 위상을 굳건히 했습니다. 우리 정부에서 3만 달러를 돌파한 1인당 국민소득이 올해에는 3만 5,000달러 수준을 기록할 것으로예상됩니다. 수출과 무역 규모도 사상 최대 실적을 경신했고, 외국인 직접투자도 역대 최대를 기록하고 있습니다. 고용도 코로나19 이전 수준을 회복하고 있습니다.가장 긍정적인 성과는 위기 속에서 소득의 양극화를 줄이고, 분배를 개선한 점입니다. 최근 발표된 가계금융복지조사 결과를 보면 코로나19 타격이 가장 심했던 지난해 모든 계층에서 소득이 증가한 가운데 소득 하위계층의 소득이 더 많이 증가하여 5분위 배율, 지니계수, 상대적 빈곤율 등 3대 분배지표가 뚜렷하게개선되었습니다. 위기의 한복판에서 분배지표를 개선시킨 놀라운 성과입니다.이로써 우리 정부 출범 이후 4년 연속 분배지표가 개선되었고, 이 추세는 최근3분기 가계동향조사 결과에서 확인되듯이 올해에도 이어지고 있습니다. 그렇게되면 우리 정부 5년 내내 분배지표가 모두 개선되는 것입니다.하지만 시장소득에서 그처럼 분배가 개선된 것은 아니었습니다. 최저임금 인상, 건강보험 보장성 강화, 기초연금과 장애인연금 확대 등 우리 정부가 꾸준히 추진한 포용정책의 효과이면서 위기 시에 과감한 확장재정을 통해 정부가 국민의 삶을 지키는 버팀목 역할에 최선을 다한 결과입니다. 재정의 분배 개선 기능이 크게 높아진 것에 큰 보람을 느끼며, 이러한 재정기능이 지속되기를 바랍니다. 지표의 개선에도 불구하고 여전히 어려운 국민이 많습니다. 정부는 포용적회복이 되어야만 완전한 회복이 될 수 있다는 신념으로 마지막까지 포용정책에더욱 힘을 쏟겠습니다.한편으로 위기 속에서도 우리 경제는 미래 먹거리 창출과 선도형 경제로 전환을 가속화하고 있습니다. 세계 최고 수준의 혁신 역량을 바탕으로 주력 제조업과신산업이 함께 눈부신 성장세를 이끌고 있고, 제2벤처 붐으로 우리 경제의 역동성과 미래경쟁력을 키우고 있습니다. 한류 콘텐츠는 세계인의 마음을 사로잡으며 새로운 성장동력으로 부상하고 있습니다. K-팝, K-드라마, K-반도체, K-배터리, K-미래차, K-바이오, K-조선, K-뷰티 등 많은 K산업들이 세계를 선도하며 도약하고 있습니다.우리 경제가 성장과 분배, 혁신과 포용의 관점에서 모두 두 마리 토끼를 잡는성과를 거둔 것은 매우 다행스러운 일입니다. 정부와 국민, 기업 모두 힘을 모아이룬 국가적 성취입니다. 정부는 임기 마지막까지 성과를 더욱 발전시키고 부족한 부분을 채워나가는 데 온 힘을 다하겠습니다.2022년 경제정책방향에는 ‘위기를 넘어 완전한 정상화를 이루겠다.’는 정부의정책 의지를 담았습니다. 완전한 경제 정상화는 안정된 방역 속에서만 이룰 수있습니다. 굵고 짧은 방역 강화로 다시 일상회복으로 돌아가야 내수와 고용회복세를 이어갈 수 있습니다. 정부는 빠른 일상회복을 위해 전력을 기울이겠습니다.방역 조치 강화로 인한 소상공인들의 어려움에 대해서는 방역지원금, 손실보상,금융지원 등 가용 재원을 총동원하여 다각도로 지원을 확대해 나가겠습니다.수출뿐 아니라 투자와 소비 모든 분야에서 활력을 높여 빠른 회복과 도약의기조가 다음 정부로 이어지도록 하겠습니다. 특히 민생 지원을 본격화하고 격차와 불평등 해소에 주력하겠습니다. 코로나19의 직격탄을 맞은 피해업종을 중심으로 내수 회복과 재도약을 지원하는 데 중점을 두겠습니다. 신산업 성장과 벤처활력이 민간 일자리 확대로 이어지도록 정책 역량을 집중하고 고용구조와 근로형태 변화에 대응하여 고용안전망을 더욱 보강하겠습니다.정부는 최고의 민생과제인 주거 안정에 전력을 다하여 부동산 가격의 하향 안정세를 확고한 추세로 정착시키고, 주택공급에 더욱 속도를 내겠습니다. 대내외경제 리스크 관리에도 만전을 기하여 공급망, 물가, 가계부채, 통화정책 전환 등우리 경제를 위협하는 요인에 대해 선제적으로 대비하겠습니다.선도국가로 도약하기 위한 노력은 한시도 멈출 수 없습니다. 한국판 뉴딜2.0의본격 추진으로 선도형 경제 전환과 탄소중립 시대, 친환경·저탄소 경제 전환에 국가의 명운을 걸고 강력히 추진해 나가겠습니다. 그것이 우리 정부의 시대적 책무라고 믿습니다.임기가 5개월도 채 남지 않았습니다. 아직 위기는 끝나지 않았고 극복해야 할과제가 많습니다. 다 함께 유종의 미를 거둘 수 있도록 최선을 다해 주시기 바랍니다.감사합니다."
1401593,문재인,(사우디아라비아 방문) 한·사우디 스마트 혁신성장 포럼,2022.01.18,국외,성명/담화문,"사우디아라비아와 한국의 경제인 여러분, 양국 장관님들과 귀빈 여러분!스마트 혁신성장 포럼 개최를 진심으로 축하합니다. 오늘 사우디의 경제 중심지 리야드(Riyadh)에서 양국 경제협력의 장이 마련되어 매우 뜻깊습니다. 사우디아라비아는 두 개의 성스러운 성지의 수호자이신 국왕님의 영도로 중동과 이슬람 문화를 세계사의 중요한 축으로 발전시켜 왔습니다. 리야드는 인구 1,500만명의 거대 도시이자 중동의 경제·사회·문화 중심도시로 커가고 있습니다. 사우디아라비아 리야드의 발전과 함께 양국의 연대와 협력도 더욱 강화될 것입니다.올해 양국 수교 60주년을 맞아 양국 기업인들은 지금까지의 협력 성과 위에서새로운 도약을 이루고자 한자리에 모였습니다. 귀중한 행사를 준비해 주신 사우디 상공회의소와 대한상공회의소에 감사드립니다. 오늘 이 자리가 양국 공동번영의 새로운 60년을 여는 계기가 되기를 바랍니다.양국 경제인 여러분!양국은 지리적으로 멀지만 그 어느 나라보다 가깝게 지내며 함께 성장했습니다. 양국은 서로에게 매우 중요한 에너지 협력 파트너입니다. 사우디는 한국 최대의 원유공급국이며, 사우디 원유는 한국 경제성장의 원동력이 되었습니다. 한국은 사우디의 네 번째 수출시장으로 사우디 경제발전에 기여해 왔습니다.인프라 건설은 양국 상생협력의 모범이 되었습니다. 사우디의 신뢰가 있었기에 한국 기업들이 중동국가 중 처음으로 사우디에 진출할 수 있었고, 한국 근로자들은 근면과 성실로 보답했습니다. 사우디는 한국 기업이 건설한 고속도로, 공항, 플랜트를 통해 인프라 기반을 발전시켜 나가고 있으며, 한국은 사우디 건설프로젝트 참여로 최고의 건설과 경험을 다져가고 있습니다.양국은 사우디 최대 조선소를 함께 건설하고 있습니다. 선박 엔진, 선박 기자재 합작법인을 설립하며 제조업 분야에서도 협력을 다변화하고 있습니다. 미래성장 분야에서도 양국의 협력은 더욱 탄탄하고 빛나게 될 것입니다.양국 경제인 여러분!세계는 팬데믹 극복과 함께 그린·디지털 전환과 같은 유례없는 도전적 과제에 직면해 있습니다. 오랜 기간 신뢰를 바탕으로 힘을 모아온 양국이 연대하고협력한다면 우리는 도전 속에서 새로운 기회를 만들어 낼 것입니다. 사우디는‘비전 2030’을 추진하고 있으며, 한국도 사우디의 비전 실현에 중점 협력국으로함께하고 있습니다.나는 오늘 양국의 미래 협력을 위해 세 가지 분야를 강조하고자 합니다.첫째, 탄소중립 시대의 핵심 에너지원이 될 수소 분야 협력입니다. 수소는 양국의 협력 가능성이 매우 큰 분야입니다. 태양광·풍력과 같은 재생에너지가 풍부한 사우디는 그린수소 생산에 큰 강점을 가지고 있습니다. 세계 최대 규모의그린수소 생산시설 건설도 추진 중입니다. 한국은 수소 활용·유통 능력에서 앞서고 있습니다. 수소차 연료전지는 세계 최고 경쟁력을 갖고 있으며, 수소의 대량 운송·저장을 위한 세계 최대 용량의 액화수소 플랜트 건설도 추진하고 있습니다. 사우디의 그린수소와 블루수소 생산능력과 한국의 수소 활용·유통 능력을결합한다면 양국은 함께 수소경제를 선도할 수 있을 것입니다.둘째, 미래도시 건설 협력입니다. 사우디는 서울 면적 44배 부지에 탄소제로 친환경 스마트 도시 ‘네옴(NEOM)’을 건설하고 있습니다. 미래를 내다본 사우디의 통찰에 인공지능, 빅데이터와 같은 한국의 첨단 디지털이 만나면 상상의 도시가 현실이 될 것입니다. 이미 한국 기업이 네옴 프로젝트의 첫 번째 사업인 ‘더라인(The Line)’에 참여하고 있으며, 스마트시티 협력 센터와 주택 협력 프로그램등을 통해 사우디 신도시 개발에 적극 참여하고자 합니다. 양국이 네옴 프로젝트의 다양한 사업에서 협력하고 제2, 제3의 메가 프로젝트를 성공시켜 나가기를 기대합니다.셋째, 신성장동력 분야 협력입니다. 양국은 코로나19 상황 속에서 인공호흡기 공동 생산, 진단키트 등 방역용품 협력, 코로나19 백신과 치료제 관련 협력 등 보건·의료 협력의 가능성을 확인했습니다. 최근에는 한국 인공지능 의료 소프트웨어 ‘닥터앤서’가 사우디 임상실험에서 성공적 결과를 얻으며 구매의향서 체결로 이어졌습니다. 우리는 함께 코로나19에 대응하고 새로운 성장동력을 만들어내야 합니다. 보건·의료, 디지털산업 협력으로 양국이 미래산업을 이끌어 가게 되기를 기대합니다.존경하는 양국 경제인 여러분!이번 사우디 방문을 계기로 수소, 보건, 디지털, 제조업 분야 등에서 양국 기업간 10건이 넘는 경제협력 MOU가 체결됩니다. 매우 반가운 소식입니다. 나는 오늘 모하메드 빈 살만(Mohammed bin Salman) 왕세자님과 미래에너지, 미래도시, 미래산업에서 협력을 강화해 나가기로 합의했습니다. 양국 정부는 기업들의 협력을 아낌없이 지원할 것입니다. 특히 이번에 체결된 기본여신약정은 금융지원을 더욱 신속하고 쉽게 해 줄 것입니다.양국이 상생협력으로 새로운 미래를 함께 여는 영원한 ‘라피끄(Rafik : 친구)’가되기를 기원합니다."
1401634,문재인,신임 경찰 경위·경감 임용식,2022.03.17,국내,성명/담화문,"존경하는 국민 여러분, 경찰 가족 여러분!오늘 166명의 청년 경찰이 첫걸음을 내딛습니다. 지금 이 순간부터 국민의 생명과 안전과 자유를 보호하는 영예로운 임무가 여러분에게 주어집니다. 힘든 훈련과 교육과정을 완수해낸 청년 경찰 여러분이 참으로 자랑스럽습니다. 국민을위한 봉사자가 되겠다는 숭고한 열정을 응원해 주신 가족들께도 축하와 감사의인사를 드리며, 이철구 경찰대학장을 비롯한 교직원들의 노고를 치하합니다.청년 경찰 여러분, 14만 경찰 가족 여러분!대한민국 경찰은 민주경찰, 인권경찰, 민생경찰로 거듭나고 있습니다. 국민의안전과 일상을 더욱 굳건히 지켜주고 있습니다. 지난해 1월 출범한 국가수사본부는 경찰의 수사 능력을 강화하고 책임감을 높였습니다. 여성청소년 강력수사팀과 아동학대 특별수사팀을 신설해 사회적 약자를 대상으로 한 강력범죄에 적극 대응했고, N번방·박사방 사건을 비롯한 디지털 성범죄와 서민경제 침해사범,부동산 투기사범을 특별 단속하여 엄정하게 수사했습니다. 나아가 불법 촬영물의 신속한 삭제와 차단을 지원하여 피해자를 보호했습니다2. 017년 50만여 건이던 5대 강력범죄는 2021년 42만여 건으로 감소했고, 국민의 체감안전도에서도최고 수준을 기록했습니다.지난해 7월 전면 시행된 자치경찰제는 지역주민들에게 맞춤형 치안 서비스를제공하고 있습니다. 치안행정과 자치행정의 협력이 더 긴밀해지면 주민을 위한더욱 두터운 치안 서비스가 제공될 것입니다.교통안전에 대한 경찰의 집중적인 노력으로 지난해 교통사고 사망자가 2016년에 비해 32% 감소하여 통계 작성 이래 최저를 기록했으며, 특히 어린이 사망사고는 66%나 감소했습니다.코로나19 극복에도 앞장섰습니다. 비대면 경찰 서비스를 확대했고 교민수송지원, 경찰교육원 시설 지원, 릴레이 헌혈 동참, 백신 수송과 역학조사 지원까지방역망 곳곳을 지켜주었습니다.무엇보다 국민이 체감하는 경찰의 변화는 국민 권익 보호와 피해 회복에 최선을 다하는 모습입니다. 접수와 내사에서부터 수사 진행, 영장 신청, 종결·보완까지 치안행정의 전 영역에 걸친 인권보호시스템이 갖춰졌습니다. 집회 현장의 ‘대화 경찰’은 시민들과 소통하는 집회시위 문화의 새로운 지평을 열었습니다. 경찰과 검찰 사이에서 국민의 불편을 초래하는 이중 조사가 줄어들고 한 해 46만 명에 이르는 국민이 피의자라는 굴레에서 신속히 벗어나게 되었습니다.인권은 경찰의 기본 가치입니다. 이제 경찰 수사에서 인권침해라는 말이 사라졌습니다. 인권을 위한 경찰의 성찰과 실천은 치안 현장의 변화로 이어졌고, 치안서비스를 경험한 국민 10명 중 8명이 경찰에 대한 인식이 긍정적으로 변했다고 응답했습니다. 치안고객 만족도가 크게 높아진 것입니다. 오늘 청년 경찰 여러분도‘인권 경찰 다짐’을 선서했습니다. 지난 5년 개혁에 매진해온 경찰의 노력에 격려의 마음을 전하며 청년 경찰 여러분이 인권수호의 주역이 되길 바랍니다.청년 경찰 여러분!경찰은 국가의 도움이 필요한 국민이 가장 먼저 만나는 국가의 얼굴입니다. 국민은 언제 어디에서든 경찰이 보호해 줄 것이라는 믿음을 갖고 있습니다. 이 믿음을 지켜내는 것이야말로 여러분의 존재 이유임을 잊어서는 안 됩니다. 부단한훈련과 교육으로 어떠한 상황에서도 당당히 맞설 수 있는 자질과 역량을 갖춰야합니다.특히 현장 대응 능력에서 최고가 되어야 합니다. 최근 「경찰관 직무집행법」이개정되어 더욱 적극적인 직무수행이 가능해졌습니다. 국민이 든든하게 믿을 수있도록 항상 준비되어 있어야 할 것입니다.사회적 약자 보호에 각별하게 힘써주기 바랍니다. 여성과 아동에 대한 위협이갈수록 심각해지고, 노인과 장애인에 대한 비정한 범죄도 그치지 않고 있습니다.선제적 예방과 적극적인 수사, 피해자 보호를 위한 촘촘한 대응체계를 갖춰 나가야 합니다.신종 범죄 대응에도 소홀함이 없어야 합니다. 인공지능, 드론, 빅데이터 등을활용한 범죄 예방과 수사는 물론 미래 과학 치안을 위한 연구·교육과 조직 개편을 통해 미래를 선도하는 조직으로 나아가야 합니다.안보수사 역량 강화에도 힘써주길 당부합니다. 2024년 국정원 대공수사권 폐지에 대비해 테러, 방첩, 산업기술까지 업무 영역과 조직 확장 등 국정원과 협업강화에 소홀함이 없어야 할 것입니다.이제 경찰의 희생과 헌신만을 요구할 수 있는 시대는 지났습니다. 정부는 경찰의 막중한 책임에 걸맞은 예우와 처우 개선을 위한 노력을 멈추지 않을 것입니다. 정부는 출범 이후 민생치안 역량에 직결되는 치안 인프라 확충에 힘써 왔습니다. 인력 충원을 차질 없이 추진하고 경찰 활동을 뒷받침하는 법과 제도를 마련했습니다. 승진제도와 근무 여건을 개선하고 건강관리체계와 순직·공상 경찰관에 대한 예우를 강화했습니다. 처우 개선과제가 여전히 적지 않지만 그 혜택은결국 국민에게 돌아갈 것입니다. 경찰의 중단 없는 개혁을 뒷받침하는 정부의 노력은 계속될 것입니다.자랑스러운 청년 경찰 여러분!삶의 궤적은 각자 다를지라도 오늘 여러분은 같은 제복을 입은 대한민국의 당당한 경찰관입니다. 이제 여러분은 현장으로 갑니다. 국민안전을 수호하는 길이결코 쉽지만은 않을 것입니다.힘든 순간마다 여러분 곁에 국민의 믿음과 기대가 함께하고 있다는 사실을 기억해 주기 바랍니다. 불의와 타협하지 않는 경찰이라는 명예와 자긍심을 잊지 말길 바랍니다.여러분의 시선이 언제나 국민의 눈높이와 마주하고 여러분의 심장이 국민의마음과 맞닿아 있을 때 누구도 가질 수 없는 영광과 보람을 느낄 것입니다.여러분이 걷는 길에 국민의 신뢰가 가득하길 기원합니다.감사합니다."
